Customer ID,Age,income_usd,credit Score,tenure_years,monthly_visits,satisfaction,City,customer_segment,gender,is_active,churn_flag,signup_date,lead_source,notes_text
CUST-01861,45.86741673,28198.41033,660.5629176,5.274075871,5,3.382150316,Pune,consumer,,Yes,No,2026-03-11,Referral,N/A
CUST-00354,47.76516428,61312.83129,838 pts,5.632826026,9,,Hyderabad,Consumer,Male,,No,,website,follow-up needed
CUST-01334,,44199.67124,613.1327754,,8,4.195156889,Mumbai,Consumer,m,Yes,No,2024-09-20,Email,
CUST-00906,62.72357805,56259.90961,720.2369862,2.029634404,4,,Chennai,Enterprise,m,N,No,2023-07-12,Website,normal
CUST-01290,,31238.64196,549.1832523,2.648625928,5,3.117325915,Mumbai,Enterprise,Male,Yes,No,2024-08-06,,???
CUST-01274,,"$44,696",,1.700044102,12,,Bengaluru,SMB,Male,Yes,Yes,21/07/2024,,follow-up needed
CUST-00939,49.28347358,44108.07925,793.2135773,10.07782041,7,3.872187493,Kolkata,Consumer,,yes,Yes,2023-08-14,google_ads,
CUST-01732,37.63000983,80888.86264,850,4.489812627,11,,Pune,,Female,N,No,,,good customer
CUST-00066,47.52016682,50011.55556,796.794099,9.074520405,4,3.694925177,Pune,SMB.,m,No,,2021-03-08,Social,
CUST-01324,,84410.30824,482.3950729,6.82062859,3,2.636944655,Mumbai,Consumer,M,no,No,2024-09-10,Website,normal
CUST-00057,,"$41,941",564.1603365,2.797453199,9,3.616870275,Chennai,Enterprise,M,N,Yes,2021-02-27,,complaint!!!
CUST-01293,,,744.4081339,6.966279048,1,3.990251824,Bengaluru,SMB,F,Y,No,09/08/2024,Website,???
CUST-01119,42.22441366,34954.99191,,4.748654696,,1.49262653,Kolkata,SMB,Male,1,No,2024-02-14,,normal
CUST-00585,,,,2.786553533,8,,Mumbai,SMB,m,Yes,No,19/08/2022,referral,???
CUST-00375,,45252.12673,823.0997611,3.461954425,4,4.026636765,Delhi,Consumer,M,,No,,,ok
CUST-00276,N/A,10198.63878,686.2926234,2.082104972,3,2.368237738,Pune,Consumer,m,Yes,Yes,2021-10-08,Unknown,N/A
CUST-00747,59.57113427,97774.31584,649.7892751,2.256616983,8,3.49373088,Hyderabad,SMB.,M,Yes,No,,Unknown,normal
CUST-00129,30.32298161,69379.54932,563.4475401,6.515850325,5,2.914985105,Bengaluru,Consumer,m,N,No,2021-05-11,email,VIP
CUST-01647,36.56997395,,795.7311323,12.14965835,6,,Pune,,m,1,No,2025-08-05,website,normal
CUST-01853,34.40794511,,691.0740367,3.709531332,5,3.596290893,,Consumer,Male,Y,No,2026-03-03,,complaint!!!
CUST-00675,48.02969476,48208.90475,669.9106588,9.535978174,2,3.586321584,Pune,Enterprise,Male,1,No,2022-11-18,email,urgent
CUST-01665,52.29667568,50122.48768,748.9474797,,,3.945759582,,,m,N,No,2025-08-23,Website,good
CUST-01982,31.3 years,47785.93491,721.5363384,12.49129807,3,3.447499536,Delhi,,M,1,No,2026-07-12,Social,
CUST-01084,38.7429978,41264.65605,,13.65340242,3,3.775831263,Pune,,f,Yes,No,2024-01-09,Google Ads,
CUST-01923,,,,6.988777163,7,5,Mumbai,Enterprise,,yes,No,,email,
CUST-00100,,128541.8145,645.5851154,1.00815029,6,4.627119211,Delhi,SMB,m,,No,2021-04-11,,late payment
CUST-01180,43.0 years,67785.34355,,7.218326287,5,4.154067511,Delhi,Enterprise,f,No,Yes,2024-04-16,,follow-up needed
CUST-00965,,,548.3340744,6.916202905,3,4.087268427,,Consumer,,Y,No,2023-09-10,google_ads,VIP
CUST-00793,44.13466177,,754.2240227,,6,4.452126308,Bengaluru,Consumer,f,Yes,,,Social,normal
CUST-00030,43.2 years,42283.10103,725.8505442,-999,5,3.391059505,Hyderabad,Enterprise,F,No,No,2021-01-30,,urgent
CUST-00629,25.51296737,35096.34299,744.3065994,,2,,Pune,Consumer,Male,No,No,02/10/2022,google_ads,follow-up needed
CUST-00945,41.47230988,51145.65375,753.7103322,5.298575568,8,2.732868177,Chennai,Consumer,m,Y,No,,Referral,follow-up needed
CUST-00573,41.14442974,"$123,682",652.8556279,,5,2.945332192,Chennai,SMB,Female,No,No,2022-08-06,Website,good
CUST-00908,22.67580266,55609.48027,534.9963039,2.487143587,2,5,,Enterprise,F,Yes,No,2023-07-14,google_ads,
CUST-01081,40.92502976,42555.28725,680.9735195,0.5738733806,5,,Bengaluru,Consumer,F,No,Yes,2024-01-06,website,VIP
CUST-00451,,"$40,978",679.6995819,5.482175851,5,4.63327597,Mumbai,SMB,m,Yes,No,2022-04-04,Google Ads,???
CUST-01610,33.39438889,53835.47659,765.3161321,3.386489755,5,4.137356518,Mumbai,SMB,f,N,,2025-06-28,,
CUST-01291,,48808.48633,681.4574541,11.81432278,5,4.756338578,,SMB,f,Y,No,2024-08-07,google_ads,good
CUST-01079,30.96097898,27522.10865,818.671871,8.738854538,10,4.23171984,Kolkata,,m,no,No,2024-01-04,website,N/A
CUST-00255,,,675 pts,7.952316122,,2.224855889,Chennai,SMB,f,1,No,2021-09-16,Unknown,good
CUST-00125,48.02133495,54158.95878,588.0973235,,6,3.58552691,Hyderabad,SMB,Female,no,No,2021-05-07,email,normal
CUST-01928,,25162.73291,,9.130118869,5,,Hyderabad,Enterprise,F,Yes,No,2026-05-18,email,VIP
CUST-00252,42.09866661,52501.78927,bad,0.4997454412,9,3.652277074,Bengaluru,SMB,,no,No,2021-09-13,Website,complaint!!!
CUST-00586,61.96755837,95033.16564,582.2348781,2.843017427,4,,Pune,Consumer,,Yes,No,,referral,
CUST-01569,,,607.2038751,5.19050364,6,4.466722245,,Consumer,Male,Yes,No,2025-05-17,Website,normal
CUST-00825,18,55278.19195,,0.630204964,4,2.732887552,Delhi,Consumer,M,,No,2023-04-20,referral,good customer
CUST-00508,43.21861126,,621.1142299,,6,3.084105256,Delhi,Enterprise,Male,No,No,2022-06-01,Social,
CUST-00890,,45809.42204,,2.913345022,2,3.775129587,Chennai,Consumer,m,No,No,2023-06-25,referral,good customer
CUST-00071,22.69176412,"$45,565",572 pts,4.185171923,4,3.724778702,Pune,Enterprise,M,N,No,2021-03-13,email,complaint!!!
CUST-01609,35.38778368,84767.93942,791.2995854,1.776487089,5,4.124191944,Pune,SMB,M,1,No,,Referral,
CUST-01533,,"$112,864",,,4,3.273274947,Bengaluru,Consumer,,no,,11/04/2025,website,late payment
CUST-00248,60.04296234,,602.5667391,,,1.96336009,Kolkata,SMB.,m,Yes,,2021-09-09,Email,
CUST-01451,34.09345986,,710.4221277,8.677136149,5,5,Bengaluru,,Female,Yes,No,2025-01-17,Referral,
CUST-00213,38.4 years,111917.3599,550.9990862,9.835380554,,2.827695058,Mumbai,Consumer,Female,Y,,2021-08-05,Unknown,
CUST-00910,25.0850576,74177.84625,745.5641917,7.494052239,10,5,Mumbai,,F,Y,No,2023-07-16,google_ads,
CUST-01742,55.72872398,36257.51741,502.8330675,8.778998324,9,3.146435927,,Consumer,m,yes,,2025-11-10,Social,follow-up needed
CUST-01245,50.5 years,71819.10971,,3.043429231,0,2.385726666,Bengaluru,Enterprise,M,no,,2024-06-21,Email,
CUST-01697,32.4 years,37440.18269,776.6413873,5.395755725,3,3.804110333,Bengaluru,SMB.,F,Y,Yes,2025-09-25,,???
CUST-01183,28.39745964,37177.48715,593.9269495,12.25445018,,4.287448718,Kolkata,consumer,M,,No,2024-04-19,Social,
CUST-00362,42.60072637,31766.75202,598.8068597,,7,2.527609943,,SMB.,Male,No,No,2022-01-03,email,
CUST-01474,N/A,74445.82028,850,4.039468342,64,4.783550428,Delhi,Consumer,M,Y,No,2025-02-10,Referral,
CUST-00679,42.6524377,20737.73917,647.6357513,5.093152133,6,,Pune,UNKNOWN,Male,yes,No,2022-11-22,Referral,VIP
CUST-01622,38.55868968,"$38,946",404.9161118,4.809389778,9,3.309773501,Pune,Enterprise,f,,No,2025-07-10,???,
CUST-01090,34.67959892,"$93,738",600.5830879,7.348802234,7,4.434007349,Chennai,Enterprise,F,Yes,,2024-01-15,Email,
CUST-01988,28.79339518,"$70,056",602.4320114,5.435723738,,,Delhi,Consumer,f,No,No,2026-07-18,referral,
CUST-01848,24.58033019,248156.7141,599.2365432,7.687234254,,,Bengaluru,,m,yes,No,26/02/2026,,late payment
CUST-00988,41.97248186,131582.6659,609.6479186,3.403737005,6,,Pune,consumer,,1,Yes,2023-10-03,google_ads,normal
CUST-01513,48.74726292,38987.45496,,2.417076824,5,3.103025053,Mumbai,SMB.,m,,,2025-03-21,Unknown,follow-up needed
CUST-00112,40.85282723,72263.69463,698.7849185,12.6949311,6,3.128351993,Delhi,Consumer,Female,N,No,2021-04-24,Social,N/A
CUST-01488,21.5239638,63648.38441,485.4881703,11.54267963,,,Pune,SMB,Male,0,Yes,2025-02-24,WEB,N/A
CUST-01454,33.3 years,81777.90853,619 pts,,,4.159361594,Bengaluru,,f,1,No,2025-01-20,email,
CUST-00384,22.98023343,41387.35343,690.3626429,6.613971762,8,3.876116638,Bengaluru,SMB,m,yes,No,not_a_date,website,good customer
CUST-01396,60.3 years,76549.20187,573.7504738,3.525039425,,2.585848398,Delhi,Consumer,F,0,No,2024-11-22,Email,ok
CUST-01055,,42913.51189,707.5246399,8.936285612,11,3.194544137,Chennai,Consumer,,Y,No,,google_ads,???
CUST-00756,51.6325842,28464.55492,777.6263499,7.888243492,2,2.747509724,Bengaluru,,f,1,No,2023-02-09,Referral,complaint!!!
CUST-00325,59.84775389,14827.28995,727.7950048,1.651800495,3,4.117641407,Delhi,,Male,No,,2021-11-27,google_ads,good
CUST-01624,52.10607892,98098.72529,758.2240801,2.131578003,,4.897644802,Hyderabad,,,Y,No,2025-07-12,Google Ads,good
CUST-00788,35.56503218,53318.88491,741.1570587,2.95472694,3,3.798039583,Kolkata,SMB,Male,N,No,2023-03-13,Unknown,
CUST-00369,40.4 years,33837.62632,,4.495137979,,3.36716003,,Enterprise,m,No,No,2022-01-10,Unknown,ok
CUST-01820,,46626.24795,639.3974521,7.313675303,3,,Pune,SMB.,Female,No,,2026-01-28,referral,ok
CUST-00070,35.7043481,49379.27597,842.571357,1.998767429,6,4.467190488,Chennai,Consumer,f,N,Yes,2021-03-12,referral,???
CUST-00858,43.09959077,,615.6378952,2.873356532,5,2.762642006,Kolkata,consumer,f,No,No,24/05/2023,Referral,late payment
CUST-01484,41.95932246,113052.8057,683.3175911,2.613295425,14,4.200909998,Pune,SMB,M,,No,2025-02-20,Unknown,good
CUST-01556,30.4595467,47862.67214,661.0909907,,6,3.871064458,Hyderabad,SMB,Female,No,Yes,,Social,normal
CUST-01692,19.129661,52470.39845,610.5691576,0.7481215139,,,Kolkata,SMB,Female,Y,No,2025-09-20,,follow-up needed
CUST-01475,35.71087448,"$26,771",,2.365494379,,5,Pune,SMB.,m,no,No,2025-02-11,Referral,N/A
CUST-01799,31.23834289,87260.15383,480.9543462,1.484019742,12,3.283290859,Mumbai,Enterprise,Female,Yes,No,,Email,good
CUST-00479,38.07606875,83639.44746,752.5974787,4.137341723,7,,Delhi,Consumer,M,,No,2022-05-03,referral,ok
CUST-00282,18,missing,,13.77636619,12,4.642871389,,Consumer,Female,No,Yes,14/10/2021,website,follow-up needed
CUST-01648,52.03445777,44307.50472,,,3,3.387480415,Delhi,Consumer,Male,1,No,,,???
CUST-01557,29.25667418,"$48,959",,5.946302047,5,,,Enterprise,Female,yes,No,2025-05-05,google_ads,late payment
CUST-01730,38.45027879,63003.28541,637.962696,5.920900447,4,,Hyderabad,SMB,,1,No,2025-10-28,referral,good customer
CUST-00211,48.99083051,84948.87437,686.7516421,10.28944869,12,3.554292548,Kolkata,Consumer,m,0,Yes,2021-08-02,Unknown,ok
CUST-00298,,"$36,410",700.9767094,3.72919339,6,3.757072314,Kolkata,,M,Yes,No,2021-10-30,website,good customer
CUST-01885,18.0 years,36296.72407,,3.053363667,7,3.30267691,,Consumer,f,yes,Yes,04/04/2026,referral,good customer
CUST-01834,42.97539542,,656.6443295,9.384833245,6,2.450502933,Bengaluru,,f,No,No,2026-02-11,Email,follow-up needed
CUST-00652,35.90992719,,,8.604354577,2,,Bengaluru,,Male,N,No,26/10/2022,Referral,late payment
CUST-01234,39.0380665,88739.20953,635 pts,,4,3.596811435,Mumbai,,,N,No,2024-06-10,website,good customer
CUST-01503,53.9 years,78026.38364,633.8299261,4.931433962,8,2.772186487,Delhi,Consumer,,Y,No,2025-03-11,,good
CUST-01932,,,645.8857785,2.462737711,4,,Chennai,Consumer,f,,No,2026-05-22,Email,
CUST-00917,,130854.9351,705.1786122,5.660887339,5,2.774263515,Pune,consumer,,0,No,not_a_date,website,???
CUST-00994,,204783.9818,,4.016699924,2,2.730603602,,UNKNOWN,F,no,Yes,2023-10-09,Social,normal
CUST-00430,42.71392962,,678 pts,4.52062745,4,,Bengaluru,UNKNOWN,Female,0,No,2022-03-14,,
CUST-01371,19.82294269,,685.7565109,7.01162561,4,3.296562534,Delhi,Consumer,F,0,No,2024-10-28,Email,VIP
CUST-00240,,,,8.398406418,6,4.010604534,Bengaluru,consumer,f,,No,2021-09-01,,normal
CUST-00880,37.66421052,68398.97653,694.395491,6.957001041,5,,Bengaluru,SMB,m,Yes,No,2023-06-15,Social,
CUST-00621,32.7 years,37744.03205,,3.788055139,7,3.301662664,Chennai,Consumer,Female,1,No,2022-09-24,Email,normal
CUST-00257,43.2 years,66018.21618,,2.000907849,7,,Delhi,,Female,,No,2021-09-18,,ok
CUST-00612,40.82331334,"$86,520",638.0401876,1.42929182,6,4.68802573,Mumbai,SMB,m,1,No,2022-09-15,Referral,
CUST-00545,34.95946917,53638.98928,814.1025775,6.234261262,5,4.665597823,Pune,Consumer,Male,1,Yes,09/07/2022,website,
CUST-00772,54.3106472,75529.4604,705.6173682,6.400546874,6,,Delhi,Consumer,f,Yes,Yes,2023-02-25,website,
CUST-01420,38.33626624,108088.4732,544.8510277,8.569293423,,3.769297435,Mumbai,Consumer,M,,No,2024-12-16,Referral,
CUST-01042,,,,1.857182944,4,,Chennai,SMB,Male,N,No,2023-11-27,Unknown,good customer
CUST-01790,50.1861826,"$41,941",643 pts,4.59049135,3,,Chennai,Enterprise,,1,Yes,2025-12-29,email,???
CUST-00760,,"$88,847",776.6006788,1.844711578,6,,Delhi,,f,0,No,2023-02-13,referral,good customer
CUST-00383,18.77288551,,790.9193428,8.295589413,,,Bengaluru,Enterprise,Female,yes,No,2022-01-25,,N/A
CUST-01104,44.23592688,785035.6703,665.7634476,3.276726156,10,,Chennai,Consumer,,,No,2024-01-29,website,ok
CUST-00974,45.4017704,,468.9758125,6.716498363,,5,Mumbai,Consumer,F,N,No,19/09/2023,,VIP
CUST-00353,,,811.8373169,,6,4.554007574,Pune,,m,no,Yes,2021-12-25,???,N/A
CUST-01606,54.29745315,85685.9017,530.5647762,2.399812539,4,3.652097124,,Consumer,Female,,No,2025-06-24,Email,N/A
CUST-01826,46.08553272,47781.11422,618.7616136,0.7363908297,6,,Delhi,UNKNOWN,f,No,No,2026-02-03,Email,
CUST-01037,,59373.3007,760.9898149,5.21807374,7,5,Bengaluru,consumer,m,1,No,2023-11-22,email,VIP
CUST-01108,28.46480654,59134.96182,,5.180274101,7,3.512931283,Kolkata,Consumer,m,yes,No,2024-02-03,Email,VIP
CUST-00495,34.3 years,100202.8018,722.4720167,5.191311868,4,4.139250864,Delhi,Enterprise,Female,0,No,2022-05-19,,ok
CUST-00394,43.51262926,65181.31105,547.06558,14.18503206,6,4.618085786,Bengaluru,,m,No,No,05/02/2022,email,follow-up needed
CUST-01547,18,132999.989,752.876803,2.815826176,6,4.788291212,,Enterprise,Male,no,No,2025-04-25,,
CUST-00465,N/A,37368.12085,700.4929517,0.9018368977,5,3.930014926,Delhi,SMB,Male,Yes,No,2022-04-18,referral,follow-up needed
CUST-00887,52.9 years,,714.8042669,2.328483855,,,Hyderabad,Consumer,Female,yes,No,2023-06-22,???,
CUST-01194,,28731.851,844.8628335,7.418979335,6,5,Delhi,Consumer,m,0,No,2024-04-30,google_ads,normal
CUST-00367,29.1 years,101799.1368,607.5578936,5.718690201,6,3.315592159,Hyderabad,Consumer,f,N,No,2022-01-08,Unknown,good customer
CUST-01894,18,30763.92171,787.4707111,3.556773151,7,3.08575969,Pune,Consumer,F,N,No,2026-04-13,Website,normal
CUST-01874,23.66761423,,,1.703148561,8,2.908338141,Bengaluru,Consumer,m,,No,2026-03-24,,ok
CUST-00745,39.18841785,96357.39949,452.8787763,6.478737439,7,,Mumbai,SMB,M,0,Yes,2023-01-29,website,normal
CUST-00530,56.77661626,,659.0300861,,9,,Hyderabad,Consumer,Female,0,No,2022-06-24,Website,
CUST-00803,42.13525886,"$88,960",626 pts,4.055395848,6,4.201081057,Delhi,Consumer,m,1,No,,Referral,VIP
CUST-01224,47.39070591,,546.5022831,8.46844466,5,2.685498966,Bengaluru,SMB,m,no,No,31/05/2024,Social,normal
CUST-01979,56.90099393,82823.89933,650.0298463,1.841262376,7,,Hyderabad,Consumer,,0,No,2026-07-09,,N/A
CUST-01906,24.1 years,211200.5187,615.1263741,7.559306143,7,,Pune,,,,No,2026-04-26,Email,VIP
CUST-01700,,28011.3667,698.8198104,6.09667525,5,4.420995755,Hyderabad,,Male,1,Yes,2025-09-28,,follow-up needed
CUST-01545,54.4 years,47504.04161,608.2396052,8.34250998,2,5,,SMB,f,Y,No,2025-04-23,email,urgent
CUST-01314,,59344.2996,,4.203718832,6,2.561689673,Mumbai,Consumer,f,0,No,,WEB,late payment
CUST-00307,33.98652593,159459.9568,661.0144091,14.559882,11,2.099117093,Hyderabad,,f,yes,No,2021-11-08,referral,good
CUST-01667,,55289.71704,497.0471108,3.284439519,5,,Hyderabad,consumer,m,no,No,2025-08-25,Unknown,VIP
CUST-00863,,35746.86617,,5.259657013,5,5,Hyderabad,SMB.,Female,,Yes,2023-05-29,???,complaint!!!
CUST-01567,,81603.719,472.9796974,2.429509513,4,2.623576237,Delhi,SMB,f,1,No,2025-05-15,Referral,normal
CUST-00531,33.65875427,103427.8449,598.1605488,4.65642843,5,3.493435151,Hyderabad,Consumer,Female,yes,No,2022-06-25,,VIP
CUST-00655,45.04711,54377.18568,711.6048563,5.02532201,9,4.411732586,Bengaluru,,f,0,Yes,2022-10-29,,
CUST-01260,32.21321026,45683.9403,,2.78546444,3,3.706412733,Bengaluru,,Male,,,not_a_date,Website,good customer
CUST-00234,52.47024345,131353.1347,686.973403,4.486720622,4,2.365946018,Mumbai,Consumer,f,0,Yes,26/08/2021,,
CUST-00121,25.71803009,74639.01131,,,10,3.191064832,Bengaluru,SMB,F,No,,,???,follow-up needed
CUST-01698,,"$50,211",703.3825577,4.363808636,7,4.235988977,Pune,,Male,,,2025-09-26,website,late payment
CUST-00950,18,"$104,630",,9.699628318,,,Delhi,Enterprise,Female,yes,No,2023-08-26,Google Ads,complaint!!!
CUST-00618,40.89973426,,633.1062745,0.6471022913,9,3.858336711,Pune,Consumer,m,0,,2022-09-21,Social,complaint!!!
CUST-01179,42.39451517,77652.4783,,5.985747626,3,4.083712093,Hyderabad,Consumer,Male,1,No,15/04/2024,,ok
CUST-00308,53.60053514,55406.11032,733 pts,,5,3.57120507,Mumbai,Enterprise,Male,,No,2021-11-09,Unknown,
CUST-00136,,45331.15665,,2.434249453,6,3.018121833,Bengaluru,Enterprise,m,no,Yes,2021-05-18,Referral,VIP
CUST-00555,37.0 years,68122.24828,,9.38954375,,3.264540707,Bengaluru,consumer,M,No,Yes,,Social,complaint!!!
CUST-01674,,18999.43465,,7.336065309,6,4.130741563,Kolkata,Consumer,Male,Yes,Yes,2025-09-01,Social,ok
CUST-00584,25.13440374,66302.51971,713.4530598,7.310288639,9,,Hyderabad,Consumer,M,,No,18/08/2022,email,
CUST-01641,20.34661719,23373.93491,none,2.927880649,5,3.77333137,,Enterprise,Male,1,No,2025-07-30,email,follow-up needed
CUST-00671,47.41812844,,,15.54492708,4,3.586327146,,SMB,,1,Yes,2022-11-14,,normal
CUST-00835,28.96529699,"$72,142",697.3233679,99999,7,3.449142749,Delhi,Consumer,F,,No,2023-04-30,???,VIP
,18,61780.99213,715.4452325,10.13700086,5,3.179152945,Delhi,UNKNOWN,Female,,No,2021-04-22,website,follow-up needed
CUST-01165,,38577.14554,733.0758232,2.176870287,6,3.835753753,Mumbai,UNKNOWN,F,N,No,,email,good
CUST-01960,,"$34,864",642.143527,1.060265071,3,,Delhi,Enterprise,,N,No,2026-06-20,email,urgent
CUST-01465,49.9 years,,501.4273464,11.29221078,11,4.025424196,,Enterprise,M,Y,,2025-01-31,email,VIP
CUST-01729,38.87930378,,653.7449314,1.121789936,6,3.618221632,Mumbai,Enterprise,f,N,Yes,,website,
CUST-01243,,63439.14858,635.6723389,0.890562959,3,2.274887517,Pune,Consumer,Female,N,Yes,2024-06-19,Social,
CUST-00212,,94264.54357,551.0296363,6.036018152,5,5,Mumbai,,m,N,No,2021-08-04,google_ads,late payment
CUST-01768,48.10552351,,607.3069867,12.23074028,0,4.268197545,Hyderabad,Consumer,m,Yes,No,2025-12-06,,good customer
CUST-01121,,,,2.749001989,5,,Hyderabad,Consumer,m,no,No,2024-02-16,,
CUST-00680,35.99686484,70600.04504,,4.397405237,8,2.548859735,Delhi,SMB.,F,no,No,2022-11-23,email,N/A
CUST-01951,38.7 years,36873.24722,806.0170735,7.684550518,,3.721460498,Chennai,,Male,,No,,Website,follow-up needed
CUST-01839,55.73934723,46157.66267,698.5761066,1.513734977,,3.33971133,Hyderabad,,m,,No,,Social,good customer
CUST-00412,,"$130,837",734.2786352,2.981891265,,4.061662975,Bengaluru,UNKNOWN,,Yes,No,2022-02-23,Google Ads,ok
CUST-01325,40.74524035,"$90,730",664.1082347,2.985551135,1,,,,Male,No,No,2024-09-11,Social,
CUST-00783,59.6 years,,801.7811855,5.916948388,2,3.63635102,Hyderabad,,f,Yes,Yes,2023-03-08,Referral,good customer
CUST-01346,65.71813307,48401.51929,793.0858011,3.809125494,5,4.387280192,Bengaluru,Consumer,,,No,2024-10-02,website,urgent
CUST-00875,18,,none,11.08898125,10,3.75081001,Pune,Enterprise,F,no,,2023-06-10,Unknown,
CUST-01653,,87936.16467,,4.914338755,2,3.036964348,,Consumer,m,0,Yes,2025-08-11,???,follow-up needed
CUST-01279,42.3643778,36084.36767,six hundred,4.563507714,3,4.250991192,Chennai,Enterprise,f,No,No,2024-07-26,Google Ads,
CUST-00786,40.98544772,57933.2613,,4.100558696,2,3.439309991,Chennai,,Male,Y,No,,Referral,VIP
CUST-01819,43.80778753,129739.189,658.0034183,4.519501473,6,3.343015651,Bengaluru,SMB,F,,No,2026-01-27,Email,ok
CUST-01199,55.8 years,,,1.182437393,,4.266160116,,,M,yes,Yes,,???,
CUST-00808,23.06952945,19178.16409,687.9885739,5.724393531,8,4.156954387,Delhi,Enterprise,f,0,No,2023-04-03,Email,
CUST-00713,25.57906263,,777.7960022,1.854709549,3,3.075819518,Bengaluru,,,yes,No,2022-12-27,referral,
CUST-01991,42.7 years,,795.8095526,4.436327218,8,4.898935245,,,Male,N,No,2026-07-21,,N/A
CUST-01660,39.54345911,55130.46066,600.7601033,5.296864002,,4.164910345,Kolkata,Consumer,f,No,No,18/08/2025,,
CUST-01191,56.38134669,25158.72397,623.2555624,16.30181911,10,3.410435812,Delhi,,Female,,No,2024-04-27,google_ads,???
CUST-01226,44.28741145,39715.63111,,7.069741368,10,,Hyderabad,,Female,yes,Yes,2024-06-02,Google Ads,follow-up needed
CUST-00603,53.2933666,419249.037,529.4760523,6.64043161,12,4.788142272,Delhi,Enterprise,F,yes,No,2022-09-06,Social,ok
CUST-00271,29.3413036,,622.3635147,1.190982244,,,Bengaluru,,M,No,No,2021-10-03,referral,???
CUST-01385,18,52821.58539,643.9692857,,7,4.527738295,Mumbai,,,Y,No,2024-11-11,Email,good customer
CUST-00232,30.91151583,30407.04893,611.6361615,3.810434162,8,3.218300917,,Enterprise,,,No,2021-08-24,WEB,good customer
CUST-00050,38.81094883,"$29,657",,6.321088941,8,3.382152681,Pune,SMB,Male,,No,2021-02-19,Website,???
CUST-00463,18.9 years,,544.8562068,,5,3.276911078,,SMB,Male,,Yes,2022-04-16,referral,
CUST-01106,46.40867788,,699.0209657,2.548093689,16,3.620199325,,SMB,Female,0,No,not_a_date,Unknown,complaint!!!
CUST-00856,38.16782266,130815.8151,787.5174061,7.298464927,7,3.889940969,Bengaluru,Consumer,f,N,Yes,2023-05-22,email,late payment
CUST-00694,18,44978.6959,758.2274811,2.843212858,,3.27051744,Bengaluru,SMB.,Male,,Yes,,,VIP
CUST-01552,29.30788977,28667.28655,588.6004953,4.514184748,6,2.973731782,,Consumer,M,1,No,2025-04-30,???,N/A
CUST-01873,30.60568712,42003.67413,,7.131251067,4,,Hyderabad,Consumer,M,Y,No,2026-03-23,google_ads,
CUST-00527,55.46054692,52922.36947,715.8261479,2.379415694,12,,Delhi,Enterprise,m,0,No,,Website,???
CUST-00174,,28168.41013,632.4063326,,1,5,Hyderabad,Enterprise,m,yes,Yes,2021-06-26,Google Ads,???
CUST-00721,36.84585276,60580.21994,713.2072508,7.56218461,6,4.569833939,Hyderabad,SMB,F,1,No,2023-01-04,google_ads,
CUST-00415,34.6 years,,688.0974036,5.289618595,4,3.742124808,Bengaluru,,,Yes,No,2022-02-26,Referral,good customer
CUST-00238,36.04800895,52338.24459,685.8993625,2.395344251,12,4.081958631,Delhi,,F,no,No,2021-08-30,,???
CUST-01473,,100471.1389,615.0478602,,7,3.518981779,Hyderabad,Consumer,F,Y,No,,Social,ok
CUST-01336,60.31393769,,549.4422924,,8,3.658685626,Bengaluru,,m,1,No,2024-09-22,,late payment
CUST-01064,,"$60,407",499.8407607,,6,4.679540942,Chennai,SMB,Male,Yes,Yes,2023-12-20,Website,
CUST-00024,,52928.60093,669.33739,4.124624414,7,5,,Consumer,m,yes,No,24/01/2021,Website,late payment
CUST-01767,23.4 years,91461.46568,756.4452375,2.772251775,7,3.66898768,Delhi,SMB,Female,no,Yes,2025-12-05,WEB,
CUST-00064,45.03466798,67772.82847,707.065612,9.036719125,8,3.377498694,Pune,Consumer,M,Yes,No,2021-03-06,Social,???
CUST-00290,,23061.0849,704.5933842,2.221742612,8,3.402432971,Hyderabad,Consumer,Female,yes,No,not_a_date,google_ads,ok
CUST-00189,21.58208961,,599.7202196,,9,1.995414777,Delhi,Consumer,F,,No,2021-07-11,???,good customer
CUST-00702,35.05927219,29835.79495,,3.81127584,7,,Bengaluru,consumer,m,Yes,No,2022-12-16,referral,follow-up needed
CUST-01815,40.04212332,₹55k,,0.9507675056,10,3.684819853,Chennai,SMB,Male,No,No,2026-01-23,Google Ads,
CUST-01138,38.44673404,98835.81424,488.7042538,3.65090238,8,3.714869443,Chennai,Consumer,Male,No,,2024-03-04,Social,ok
CUST-00355,,28659.40513,658.3453585,4.265362347,,2.235190713,Delhi,Consumer,F,1,No,27/12/2021,Website,
CUST-00417,51.07060996,,,6.94407152,6,,Kolkata,SMB.,m,Y,No,2022-02-28,Unknown,
CUST-01246,38.81583951,66198.60281,759.7883742,3.968841189,5,,Chennai,Enterprise,f,Y,Yes,2024-06-22,,
CUST-00931,38.07220017,,744.8852494,11.50979771,10,3.413439754,Delhi,SMB.,Female,1,Yes,2023-08-06,referral,complaint!!!
CUST-00197,45.71992154,49807.43762,496.784844,1.020984415,8,3.734964717,Delhi,Enterprise,Male,Yes,No,2021-07-19,Referral,ok
CUST-00580,,,639.7877041,12.44556403,6,,Bengaluru,SMB,,Y,,2022-08-14,,
CUST-01135,36.0207467,41171.83896,483.3250083,,,3.062126411,Kolkata,Enterprise,Male,N,No,2024-03-01,???,
CUST-01814,37.91459774,48053.13443,625 pts,4.682071314,7,2.97621334,Hyderabad,,Male,No,No,2026-01-22,Google Ads,N/A
CUST-01935,21.79881058,68401.92276,519.0322322,2.996255569,7,2.518128114,,,M,No,No,2026-05-25,???,???
,18,58188.80528,737.9284458,15.65594978,12,3.330254378,Chennai,Consumer,Female,Y,,2022-03-18,Referral,normal
CUST-00101,33.46204935,"$506,709",494.6149617,5.840447831,3,2.274708051,,Consumer,m,yes,No,2021-04-12,Google Ads,follow-up needed
CUST-01655,35.2 years,,761.5800478,,5,4.068883513,Mumbai,,Female,No,Yes,2025-08-13,Referral,VIP
CUST-00395,46.42344351,33758.35971,719.3451992,,3,3.903645973,Hyderabad,SMB.,F,,No,2022-02-06,WEB,ok
CUST-01939,29.87270979,57099.12058,557.9980999,8.222039765,7,5,Bengaluru,Consumer,F,1,No,2026-05-29,website,
CUST-00221,35.3136942,57876.23669,612.1239639,8.203087695,13,3.397125904,Bengaluru,,m,Yes,No,,Unknown,VIP
CUST-01676,18.61938931,,635 pts,0.7631276105,7,,,,,yes,No,2025-09-03,referral,good
CUST-01498,24.19897407,99579.54742,540.0867257,2.748728793,8,2.737144778,Chennai,Consumer,F,No,No,2025-03-06,referral,good customer
CUST-01785,46.25313358,150057.2135,,5.636332235,7,,Hyderabad,SMB.,F,,No,2025-12-23,WEB,good customer
CUST-00345,,85951.89899,521.59669,5.672239094,4,2.368890021,,SMB,m,no,,2021-12-17,,
CUST-01028,38.43271912,26057.04878,778.5181792,7.853425868,2,2.951696324,,UNKNOWN,m,0,No,,WEB,N/A
CUST-00889,18,,,18.69780803,5,3.897988018,Delhi,Enterprise,f,yes,Yes,2023-06-24,Referral,normal
CUST-01351,34.96542264,,610.6905554,3.16346552,9,2.375516847,Bengaluru,Consumer,m,yes,No,2024-10-07,Website,
CUST-00553,41.55701601,,,1.422642545,,4.765795078,,Enterprise,F,no,No,2022-07-17,Email,good
CUST-00744,18,20704.08417,647.3035056,,5,4.102224368,Chennai,,Female,N,Yes,2023-01-28,google_ads,VIP
CUST-01542,48.07907126,66748.69923,742.3540653,3.616609596,8,3.319025274,,Consumer,m,N,No,2025-04-20,Social,complaint!!!
CUST-00539,18,77113.2602,735.306486,3.729005837,9,,Chennai,Enterprise,Female,N,No,2022-07-03,Unknown,
CUST-00907,35.29482261,103105.9662,510.7491806,17.52893408,1,5,Mumbai,,m,,No,2023-07-13,WEB,VIP
CUST-01395,18,,648.4237637,1.730356792,4,3.835816261,Pune,,Male,,Yes,,website,
CUST-00116,,47692.21097,672.7267919,2.735768124,7,4.944126891,Bengaluru,Consumer,F,,Yes,2021-04-28,google_ads,VIP
CUST-00830,18,216803.8523,bad,7.451172963,7,,Pune,Consumer,,N,No,2023-04-25,google_ads,normal
CUST-01938,24.05678712,"$71,214",530.8164342,7.769087808,5,5,Bengaluru,Consumer,Female,Yes,Yes,2026-05-28,Google Ads,complaint!!!
CUST-00809,34.17072084,64098.20126,697.8245068,,1,4.229048133,Pune,consumer,f,0,No,2023-04-04,google_ads,urgent
CUST-01311,23.83999066,41634.9554,666.7052157,13.10376778,6,3.861830078,Pune,,F,No,No,2024-08-27,,complaint!!!
CUST-01005,,,498.3982297,5.473939747,2,4.019127052,Mumbai,SMB,F,,No,2023-10-21,google_ads,
CUST-00306,,41932.49948,533.5148045,,4,5,Mumbai,Consumer,Female,N,No,07/11/2021,Email,
CUST-01101,51.5611918,31453.93498,688 pts,4.104735559,13,4.16236133,Pune,,,N,Yes,2024-01-26,Referral,late payment
CUST-00480,,47148.18152,657.6304958,11.17627727,3,3.860487953,Bengaluru,SMB,Female,No,,2022-05-04,Email,normal
CUST-01424,54.8142353,32110.74474,,13.72823006,6,3.507327603,,consumer,M,yes,Yes,2024-12-21,Google Ads,ok
CUST-01076,40.72143255,34325.41916,583.608964,4.215868831,4,3.780123215,,SMB,f,0,Yes,2024-01-01,Website,complaint!!!
CUST-00571,20.62247289,"$191,997",687.7118543,5.625501459,7,2.865616453,Bengaluru,Enterprise,f,1,No,2022-08-04,website,complaint!!!
CUST-00619,30.63227838,35986.95796,723.4606174,6.137991859,5,4.769981991,,Consumer,F,No,No,22/09/2022,Unknown,
CUST-01898,43.43622508,147278.8015,,2.221422427,4,4.273212842,Hyderabad,Consumer,M,N,No,2026-04-18,Referral,good customer
CUST-01266,36.61401345,68351.37881,643.3645809,9.332900074,9,,Mumbai,,m,no,No,2024-07-13,Google Ads,late payment
CUST-00079,45.50708473,16802.51843,542.3709235,3.00409741,7,2.717307025,Hyderabad,Enterprise,F,N,No,2021-03-21,website,
CUST-01912,44.11784849,1667567.193,501.8614675,4.046032696,7,2.685561308,Hyderabad,Consumer,F,yes,No,,Email,???
CUST-00033,31.85308725,79047.5447,525.4538156,5.314208738,5,2.108632151,,SMB.,F,Yes,Yes,2021-02-02,,ok
CUST-01538,18,,650.0592387,6.214117714,3,1.992442559,Pune,,M,no,Yes,2025-04-16,website,ok
CUST-01034,43.82193335,66937.13914,,3.062612939,7,2.178148158,Hyderabad,Consumer,Female,1,No,2023-11-19,Email,follow-up needed
CUST-01563,28.20109871,27563.7926,,,4,3.913240601,Hyderabad,Enterprise,f,0,No,,Referral,urgent
CUST-00352,48.15900783,,453.4087986,4.031786291,2,3.136306567,,,Female,no,No,2021-12-24,Unknown,N/A
CUST-00164,28.14335985,77922.52258,,1.195433585,10,4.712710934,Bengaluru,Consumer,f,no,Yes,2021-06-16,Website,
CUST-00204,45.72726552,,567.5388499,2.69474629,9,2.902124533,Chennai,SMB.,f,1,,2021-07-26,website,N/A
CUST-01054,67.34156174,52755.01681,639.2512039,6.439616593,11,3.236610347,,SMB,,,Yes,2023-12-10,,
CUST-01365,33.4437617,71841.4863,765.1054703,2.939668885,,2.398771897,Mumbai,SMB,Female,,No,,,???
CUST-01967,,31823.59417,747.5569619,7.814434927,5,4.857196545,Bengaluru,,Female,1,Yes,2026-06-27,Website,
CUST-00496,49.22656551,185524.2623,653.1635521,9.670249137,3,3.059407314,Mumbai,Consumer,Male,Yes,Yes,2022-05-20,Social,good customer
CUST-01625,40.30905341,,818.3043658,0.3676400801,9,4.43755941,Hyderabad,UNKNOWN,M,Yes,No,2025-07-13,Referral,
CUST-01966,43.8 years,"$35,341",bad,5.946360786,3,3.7599113,Delhi,Enterprise,,Y,No,2026-06-26,google_ads,
CUST-01963,34.74927648,,,1.010329267,5,4.134622692,Pune,consumer,Female,Yes,No,2026-06-23,,
CUST-00611,25.58830338,,620.4402399,2.015552789,9,3.309639829,Kolkata,Enterprise,m,N,Yes,2022-09-14,Website,good
CUST-00433,,31414.18814,550.166685,,,3.008644215,Mumbai,Consumer,m,yes,No,2022-03-17,,normal
CUST-01492,37.7277767,32521.83973,627.6157104,6.854686028,4,3.870616325,,Consumer,Male,Yes,No,2025-02-28,email,follow-up needed
CUST-00219,36.1 years,38483.84641,809.8687368,6.716027899,,3.687539145,,SMB,,Yes,No,,referral,N/A
CUST-01931,18,30765.29321,,4.502721674,5,,Delhi,SMB,Female,1,No,21/05/2026,,ok
CUST-01466,38.48307802,"$171,139",,4.015670141,6,,,SMB,M,1,No,2025-02-01,Social,urgent
CUST-00631,57.33124394,57795.99256,670.2795804,3.922692445,4,3.982262507,,,m,N,No,2022-10-04,Website,good
CUST-01382,18,"$65,761",,3.281761537,6,,Hyderabad,,F,No,,2024-11-08,email,follow-up needed
CUST-01302,18.0 years,170941.7268,,2.876317828,,2.27792434,Mumbai,Enterprise,F,,No,2024-08-18,,VIP
CUST-00060,49.61934026,"$30,152",679.5725907,2.645853947,,,Hyderabad,Consumer,Female,1,No,02/03/2021,Website,N/A
CUST-00299,,41606.76891,678.3135502,6.616633548,8,4.121627549,Delhi,SMB,,Y,Yes,2021-10-31,,
CUST-01711,31.02847774,71241.88235,725.5457045,2.539768402,9,3.105909926,Chennai,consumer,f,No,Yes,09/10/2025,,
CUST-00074,43.96592893,"$47,631",705.542053,0.7799504789,6,4.230802376,Bengaluru,Consumer,f,No,No,2021-03-16,Website,
CUST-00163,63.54163679,,547.9338225,2.623730016,,3.926662837,Bengaluru,consumer,f,Yes,No,2021-06-15,google_ads,VIP
CUST-01275,30.51679173,19164.97618,634.5101512,3.911298614,2,4.556620303,Delhi,Consumer,,N,No,2024-07-22,email,good
CUST-01594,29.2 years,70373.11949,608 pts,5.919400652,6,,Kolkata,Consumer,M,,,,,late payment
CUST-01434,18.37444102,,739.3554991,4.629658171,10,2.787004057,Bengaluru,Consumer,f,N,No,2024-12-31,,ok
CUST-01613,37.48905655,"$319,924",670.5929533,5.104552342,7,4.697783308,Hyderabad,UNKNOWN,m,No,No,2025-07-01,email,N/A
CUST-00592,40.98843347,180295.2241,652 pts,7.613468526,,4.30647829,,,,,No,2022-08-26,website,
CUST-00317,38.79854979,46935.58751,637.0813598,,3,,,Consumer,M,1,No,2021-11-19,WEB,follow-up needed
CUST-00046,40.6 years,31831.26158,683.6886405,17.56097475,6,5,Mumbai,Enterprise,,Yes,No,2021-02-15,???,N/A
CUST-01720,21.93941106,64187.1527,601.6622492,0.4740655264,7,,Pune,SMB,Female,no,Yes,2025-10-18,Social,
CUST-01832,,178793.0405,591.3107865,8.472508685,7,4.036800362,,Consumer,m,Yes,No,,Unknown,
CUST-00428,58.64923797,40047.51103,586.8316547,5.336723943,8,3.636120939,Bengaluru,Consumer,f,0,No,2022-03-12,google_ads,late payment
,,93665.74378,703.9692987,12.723292,7,,Pune,SMB,Female,1,No,,Email,follow-up needed
CUST-00077,32.87296824,53966.96011,,11.60635573,7,4.516163335,,Enterprise,M,No,No,2021-03-19,,
CUST-01917,,"$46,216",829 pts,,9,2.027945012,,SMB,Female,,Yes,2026-05-07,Email,good
CUST-01415,54.41488941,29937.85805,691.6117215,18.13899581,7,4.766342506,Hyderabad,,m,no,No,,WEB,???
CUST-00781,37.38563466,125814.9127,688.2592821,4.447616982,7,,Delhi,,f,0,Yes,2023-03-06,referral,N/A
CUST-01920,20.40576821,68352.51879,728.3857266,2.538147864,2,3.685359774,Bengaluru,Consumer,Male,,No,2026-05-10,Website,VIP
CUST-01174,26.0257762,₹55k,617 pts,6.08597111,3,1.736214682,Kolkata,consumer,Male,no,No,2024-04-10,,
CUST-01320,,84181.34448,845.3111729,3.28203739,9,5,Mumbai,SMB,f,N,Yes,2024-09-06,Google Ads,
CUST-00938,36.9 years,,751.0181968,9.726451244,6,3.932557337,Mumbai,Consumer,F,,No,2023-08-13,website,complaint!!!
CUST-00031,63.69977121,112941.3683,,,3,4.347547857,Delhi,SMB,F,,No,2021-01-31,Unknown,
CUST-01092,38.10206752,,626.2150615,10.81982711,5,,Chennai,SMB,m,,No,2024-01-17,,good
CUST-01616,,,600.2746979,5.067405444,8,5,Chennai,Enterprise,f,0,,,Referral,
CUST-01230,,,692.240687,3.282594304,5,3.433258057,Chennai,Consumer,f,Yes,No,2024-06-06,WEB,
CUST-00975,26.00345326,58724.16704,,3.881505953,2,,Hyderabad,consumer,m,0,No,2023-09-20,Referral,urgent
CUST-01085,39.32474871,42452.30767,508.5770377,0.9819688202,7,,Bengaluru,Consumer,m,yes,Yes,,website,VIP
CUST-00515,47.48967346,58873.44812,686.3793622,,7,3.208899088,Pune,Consumer,f,yes,,,email,normal
CUST-01551,19.195301,36556.52947,702.9713014,10.31092146,9,3.292410204,Mumbai,Consumer,M,1,,2025-04-29,Referral,late payment
CUST-01568,39.94471471,28578.20221,628.1784742,3.05925806,4,2.831869563,Chennai,Consumer,F,yes,No,2025-05-16,WEB,
CUST-01811,18,63718.84397,689.6545329,11.10425853,8,4.636335593,Bengaluru,Enterprise,m,0,No,2026-01-19,???,VIP
CUST-01574,37.84473478,52852.57315,ERR,8.177314314,6,,Chennai,SMB,Male,0,No,22/05/2025,website,
CUST-00045,39.4 years,25759.43833,740 pts,3.315764552,7,3.920092997,,,m,Y,No,2021-02-14,WEB,???
CUST-01687,31.54020557,28228.66203,743.8120459,6.432916571,7,1.960731274,Bengaluru,Consumer,Female,yes,No,2025-09-15,Referral,N/A
CUST-00169,36.12034523,36643.1338,,12.07681977,,2.811137769,Delhi,SMB,Male,no,No,,Website,ok
CUST-00304,34.05769732,43304.15006,604.3527521,6.021857471,7,4.088906579,Pune,,Female,1,No,2021-11-05,Email,VIP
CUST-00991,48.44666731,78236.33612,730.6685135,2.436885944,6,4.993513688,Hyderabad,Consumer,F,no,,2023-10-06,email,follow-up needed
CUST-00556,34.3 years,,740.8587938,2.121703532,,5,Bengaluru,Consumer,Male,,No,2022-07-20,WEB,ok
CUST-01925,37.33877481,55379.84688,661.5295512,,0,,Chennai,,Female,0,No,2026-05-15,referral,VIP
CUST-00608,43.37719237,"$49,366",,3.216100689,3,,Mumbai,Consumer,M,,No,2022-09-11,google_ads,
CUST-01619,41.88815029,66609.3424,692.456023,9.318020403,10,4.125379682,Mumbai,consumer,,Yes,,2025-07-07,Referral,follow-up needed
CUST-00758,48.26023189,66001.74081,748 pts,7.598645675,6,3.451898911,Pune,,Female,No,No,2023-02-11,website,ok
CUST-00439,,,,,5,,Bengaluru,SMB,Female,Y,No,2022-03-23,Google Ads,???
CUST-00583,34.47465296,52431.37641,,,5,3.947372654,,SMB,F,No,No,2022-08-17,website,good customer
CUST-01519,34.21790732,55381.81892,707.5205996,6.619741471,7,5,Pune,Enterprise,M,,Yes,2025-03-27,WEB,ok
CUST-00528,39.5778298,,676.0538539,0.8144380667,,4.459022846,Pune,Consumer,Male,Y,No,2022-06-22,???,
CUST-00343,38.86440288,17764.71996,675.8147783,4.325789937,5,2.772033235,,SMB,m,0,No,,referral,VIP
CUST-01737,,42052.64305,751.3793181,5.194171481,,3.947786057,Pune,,f,N,No,2025-11-05,referral,
CUST-00368,28.13299979,44435.99369,,0.1679177145,4,3.014098579,,Consumer,Female,No,No,2022-01-09,???,
CUST-00186,,,704 pts,6.371526776,6,3.787402732,Delhi,Consumer,F,,No,2021-07-08,website,normal
CUST-01117,51.60416575,,472.5895345,,7,4.819370783,Mumbai,SMB,f,1,No,2024-02-12,,normal
CUST-01755,51.19029867,48533.38144,696.1390879,2.430363088,40,2.364846935,Hyderabad,Consumer,F,no,No,2025-11-23,website,good
CUST-01426,27.06267652,,571.3014432,3.634339937,3,,Kolkata,SMB,,no,Yes,23/12/2024,???,VIP
CUST-00301,146.8205064,42001.73818,696.7252495,4.078703809,5,3.516808969,Mumbai,Consumer,M,,No,2021-11-02,email,good customer
CUST-01904,36.43968726,48436.34014,538.9294627,6.076978595,6,,Kolkata,Consumer,M,1,Yes,,WEB,ok
CUST-00833,24.46663082,93794.58027,612.7667318,1.066312739,,,Hyderabad,Consumer,Female,No,,2023-04-28,Social,VIP
CUST-00544,35.84928049,,658.6635125,10.30595642,6,3.418913367,Bengaluru,Consumer,f,Yes,,,???,VIP
CUST-01601,,93678.4582,,10.40216436,5,4.097406164,Pune,SMB,m,Y,No,19/06/2025,,late payment
CUST-00351,42.42027935,"$78,703",435.1122012,1.512762564,6,2.312198164,Kolkata,SMB,m,Y,No,,Email,
CUST-01933,27.6 years,,720.7939761,4.466369657,4,,Delhi,Consumer,F,1,No,2026-05-23,referral,???
CUST-01511,38.81495803,72836.88998,395.3445228,5.204901457,6,3.133334934,Delhi,Enterprise,,yes,No,2025-03-19,WEB,good customer
CUST-00979,20.99789489,39321.78964,,,6,3.44160653,Hyderabad,Consumer,m,Yes,No,2023-09-24,referral,
CUST-00176,40.07105501,56586.32012,670.9021933,2.231190763,6,2.978343358,Pune,Enterprise,Female,,No,2021-06-28,referral,good
CUST-00483,,61987.04513,618 pts,4.407128422,,3.155483482,Delhi,Consumer,m,0,No,2022-05-07,,???
CUST-01413,,59057.31603,631.1726732,5.139506503,3,5,Kolkata,Enterprise,f,yes,No,2024-12-09,Referral,???
CUST-01611,41.45862876,78425.18896,,1.218348558,7,3.885828429,Chennai,Consumer,f,Y,No,,Referral,follow-up needed
CUST-00124,54.3102509,,727.4080563,1.923193424,3,3.990359697,Delhi,consumer,Female,Yes,Yes,2021-05-06,referral,VIP
CUST-00600,18,97357.77997,754.5715907,5.493250784,,4.63865043,Pune,Enterprise,M,Y,No,2022-09-03,WEB,follow-up needed
CUST-01795,18,24407.84396,537.8964257,2.07067967,6,2.672761982,Chennai,Enterprise,Female,1,No,2026-01-03,,good customer
CUST-01746,28.70417772,"$44,955",626.5158839,3.984710052,6,4.422195838,Hyderabad,,F,N,No,14/11/2025,WEB,
CUST-01379,41.494777,,659.782901,99999,5,2.956488181,Chennai,Consumer,Female,,No,2024-11-05,Email,normal
CUST-01186,21.48335001,25918.70562,601 pts,5.957314705,,3.347381328,Chennai,,Female,no,No,2024-04-22,Unknown,late payment
CUST-00486,35.95510903,51648.23346,674.8203271,7.070679009,1,5,Delhi,,F,,No,2022-05-10,,
CUST-00332,45.65040573,,754.9892035,3.905338496,6,3.448767349,Hyderabad,Consumer,Female,0,Yes,2021-12-04,Social,normal
CUST-00789,,40050.81474,681.5529098,12.70699313,7,4.90779934,Hyderabad,Enterprise,Male,,,,google_ads,ok
CUST-00195,24.71545182,60490.54743,654.6248003,,5,2.597568769,,,,Yes,Yes,2021-07-17,Google Ads,normal
CUST-00638,,48894.20861,597 pts,6.691553809,6,2.398040324,Kolkata,Enterprise,Male,No,No,,Website,VIP
CUST-00472,,43339.09975,,7.412812465,5,5,Delhi,,f,N,No,,Unknown,good customer
CUST-01714,36.64197908,57493.24495,691.377023,5.385173327,9,,Hyderabad,SMB.,f,Yes,No,2025-10-12,???,
CUST-00323,52.05496512,,671.4235441,1.102259129,6,3.325296979,Delhi,Consumer,Male,yes,Yes,2021-11-25,Email,normal
CUST-01197,,26879.24237,563.5636641,1.700663023,8,4.211294758,Bengaluru,Consumer,m,No,No,2024-05-03,???,
CUST-00267,39.86515193,"$76,860",691.3464998,1.672530659,11,4.389518571,Delhi,,Female,,Yes,2021-09-29,,good
CUST-01544,36.74050213,68705.7602,576.3647434,,,3.100594751,Bengaluru,SMB.,m,,Yes,,,good customer
CUST-01804,,64906.34775,670.464199,7.709868756,8,4.565220354,Pune,Enterprise,Male,,No,2026-01-12,google_ads,good
CUST-00068,32.45177849,54030.44964,,1.915276042,8,4.122591769,Delhi,,f,Yes,Yes,2021-03-10,,follow-up needed
CUST-01738,35.72533386,,541.8937889,,4,4.537017136,,,M,yes,Yes,2025-11-06,website,
CUST-01593,35.9139476,148098.5626,,,9,3.376092337,Bengaluru,Consumer,m,yes,No,2025-06-11,,N/A
CUST-01564,,"$50,094",707.1955371,,9,2.670520368,Delhi,,Male,,No,2025-05-12,Website,late payment
CUST-00481,,149369.4897,764.9533601,4.580802372,4,4.392629429,Hyderabad,,f,,No,2022-05-05,Social,
CUST-01757,58.51932745,49302.54999,372.5372213,1.627647971,,,Chennai,Consumer,M,1,No,2025-11-25,referral,
CUST-01913,44.62230526,42337.41327,673.6149593,3.341053881,4,2.961841581,,,Female,Yes,No,2026-05-03,,late payment
CUST-01441,30.024488,163624.857,697.7506811,4.216743504,4,3.472596007,Mumbai,Consumer,Male,0,No,2025-01-07,Social,normal
CUST-01461,,,,7.419418585,7,4.177545409,Pune,,Male,No,No,2025-01-27,WEB,
CUST-00888,32.8 years,,538.6046773,5.854343062,,5,Chennai,SMB.,M,Yes,No,2023-06-23,???,urgent
CUST-00423,,128994.9165,661.2143638,1.460955993,72,,Hyderabad,Consumer,m,Y,,2022-03-07,email,good customer
CUST-01675,35.27096705,,bad,4.847826637,,3.270922312,Chennai,Consumer,Female,,No,,google_ads,normal
CUST-01450,30.9 years,53869.68646,767.8532306,3.50087235,6,2.9286069,,Consumer,F,0,Yes,2025-01-16,,normal
CUST-00765,,40822.40359,,1.133953883,7,1.453060184,Bengaluru,Consumer,Female,,No,,Social,N/A
CUST-00520,57.54724337,21456.39953,789.5964264,4.109382465,5,3.017700641,Chennai,Consumer,f,0,No,2022-06-13,Google Ads,
CUST-01432,,119014.0909,569.5566056,2.002869394,5,3.050706707,,consumer,F,0,Yes,2024-12-29,referral,N/A
CUST-00614,43.35586577,44327.66074,,3.327438184,,5,Mumbai,Consumer,m,,No,2022-09-17,google_ads,???
CUST-01531,44.66432274,"$129,799",,15.10758051,5,,Bengaluru,Consumer,Female,N,No,2025-04-09,Google Ads,N/A
CUST-01783,18,"$32,702",667.751049,3.55937196,11,5,Bengaluru,Enterprise,M,yes,No,2025-12-21,Website,
CUST-01659,47.02155759,"$33,399",602.9740137,,,,Kolkata,Consumer,M,Y,No,2025-08-17,,
CUST-00454,62.9 years,34888.66017,549.5502807,1.823677333,,,Chennai,consumer,,no,No,2022-04-07,Unknown,VIP
CUST-00731,43.3737646,,571.8591943,,2,1.731894027,Hyderabad,consumer,f,No,,2023-01-14,,N/A
CUST-00535,19.21089113,49953.90924,677.352622,3.795630897,,5,Mumbai,Consumer,f,N,Yes,2022-06-29,Social,follow-up needed
CUST-00966,21.62310017,22813.69587,679.0408793,6.712507031,5,4.663907687,Chennai,SMB,M,N,No,2023-09-11,referral,good
CUST-01285,38.72562138,36600.04551,649.738556,4.641312762,4,3.535752442,Mumbai,,F,yes,No,,Email,
CUST-01740,39.33620515,,480.6764766,10.22246253,5,2.228595024,Pune,Consumer,m,,No,,Referral,N/A
CUST-00262,34.80335012,35719.78008,770.3608903,4.14244021,,3.587136003,Mumbai,SMB,Male,1,Yes,2021-09-23,Website,
CUST-00536,,97752.15565,727.0246818,4.92001012,6,3.063992038,Chennai,Consumer,Female,,,2022-06-30,Email,urgent
CUST-00969,49.09229309,168107.4361,,3.88641994,,4.976187732,,Consumer,Female,N,No,2023-09-14,email,N/A
CUST-00241,27.47767066,,612.9498429,6.645601039,8,3.985959959,Bengaluru,Enterprise,M,yes,No,02/09/2021,,late payment
CUST-00820,24.3 years,87451.03666,,7.315448651,15,5,,SMB,f,,Yes,15/04/2023,Unknown,N/A
CUST-00693,49.42464384,,620.2077337,5.796200701,,3.678547573,Mumbai,SMB,F,Y,No,2022-12-07,,follow-up needed
CUST-00421,39.1055199,"$19,760",,3.28511452,7,4.183189891,Delhi,consumer,m,Yes,No,2022-03-04,website,
CUST-01086,33.10000205,82596.10293,541.3701548,1.950243329,4,,Hyderabad,Consumer,f,No,Yes,2024-01-11,Social,good
CUST-01999,31.63013806,38476.63388,624 pts,3.906529311,8,2.512991419,Delhi,Consumer,,N,Yes,29/07/2026,email,late payment
CUST-00366,55.77746657,124137.2424,690.6556411,8.306543704,6,3.854638176,,SMB,M,no,No,,???,
CUST-01023,42.91794149,68606.9431,584.9316788,3.710212649,4,5,Mumbai,Consumer,m,No,No,2023-11-08,,normal
CUST-01241,53.32376999,101478.4057,606.1644166,7.541526336,5,,Mumbai,consumer,F,N,No,2024-06-17,Website,follow-up needed
CUST-00589,40.82538042,65203.31082,631.7454833,,10,,,Enterprise,M,no,,,WEB,good customer
CUST-00737,47.33320867,32717.18916,650.728803,0.7645238549,3,3.520858475,Pune,Consumer,Female,Yes,,2023-01-20,referral,N/A
CUST-01762,28.66872887,83512.39384,623.5650164,,4,4.854027036,Delhi,,f,Yes,Yes,2025-11-30,referral,
CUST-00942,,110296.3854,449.4860844,2.883939708,6,3.112850632,,SMB,,,Yes,2023-08-17,,urgent
CUST-00072,,25369.06185,644.6736584,,9,4.061397048,Mumbai,SMB,,0,No,2021-03-14,referral,good customer
CUST-01408,45.8209777,137889.1168,597.2272445,,6,3.438011519,Bengaluru,Consumer,f,No,No,2024-12-04,referral,normal
CUST-00260,21.5 years,74465.92176,653.2066742,,6,3.310614852,Pune,,Female,1,,2021-09-21,WEB,
CUST-00052,45.57545871,,593.0866652,2.481502423,8,3.917251115,Hyderabad,Consumer,f,Y,No,,email,
CUST-00199,37.9385376,48862.05599,576.2513921,1.872891782,7,3.458973232,Bengaluru,consumer,Female,Yes,No,2021-07-21,email,good
CUST-01789,41.61862768,"$146,497",489.1837114,4.038968715,,,Chennai,Consumer,m,0,Yes,2025-12-27,Email,urgent
CUST-00651,60.17390016,"$30,746",662.5306929,2.126095505,,3.811523663,Delhi,Consumer,,no,No,2022-10-25,???,urgent
,29.6 years,,641.3441152,8.94064565,5,3.687538736,,Consumer,Female,1,No,2021-12-05,Unknown,N/A
CUST-01360,,60245.01726,162.336676,5.324733658,6,3.300685243,Chennai,Enterprise,Female,no,No,16/10/2024,Google Ads,ok
CUST-00594,18.17889022,,663.4397923,,5,3.259186203,Hyderabad,consumer,m,N,No,2022-08-28,WEB,VIP
CUST-01392,55.72872361,21278.54974,850,2.499471138,7,1.955183575,Chennai,SMB,m,No,No,2024-11-18,google_ads,???
CUST-01801,37.52352461,46146.68041,181.2265195,8.594338665,4,4.300845708,Hyderabad,Consumer,M,No,Yes,2026-01-09,,
CUST-01315,44.8 years,100026.3075,434.2937807,11.38449808,8,3.564785955,Chennai,SMB,M,Y,No,2024-08-31,,follow-up needed
CUST-01112,34.7399074,"$107,324",531.1530206,2.839622541,,,Hyderabad,consumer,F,0,Yes,2024-02-07,???,follow-up needed
CUST-01007,46.04095091,18574.8351,,,7,4.853134263,Bengaluru,Enterprise,m,N,No,2023-10-23,Referral,ok
CUST-01327,,75885.02209,576.49976,2.463248528,,1.977061607,Chennai,Consumer,M,Yes,,2024-09-13,Email,VIP
CUST-00427,,175233.5733,669 pts,10.08495499,3,2.442386342,,Consumer,Female,1,No,2022-03-11,referral,VIP
CUST-01559,,75716.22965,650.4941367,8.932071558,6,5,,Consumer,f,no,No,2025-05-07,Referral,
CUST-01294,18,,567.2009133,1.053566314,,3.986855767,Bengaluru,Enterprise,f,No,No,2024-08-10,,
CUST-00591,,34779.86961,,9.069975999,7,2.286340296,Bengaluru,Enterprise,Female,,No,2022-08-25,???,good customer
CUST-01958,23.56764097,94454.21015,708.8297585,9.60730678,6,3.390553146,Pune,consumer,Female,Yes,No,2026-06-18,referral,N/A
CUST-01977,18,65321.75293,760 pts,4.02240915,9,3.240119743,Chennai,SMB,M,yes,Yes,07/07/2026,Website,late payment
CUST-01133,,,,,,,Pune,,m,Yes,No,2024-02-28,google_ads,good customer
CUST-00986,45.6 years,43010.45646,716.303799,2.193953855,4,2.955604285,Mumbai,UNKNOWN,m,,No,2023-10-01,email,normal
CUST-00399,,38590.98298,706.87187,10.23914808,7,3.929594019,Pune,Consumer,m,,No,2022-02-10,WEB,good
CUST-01512,44.57754056,25552.21106,707.0959632,11.75317551,3,3.870618461,Mumbai,SMB,F,Y,No,2025-03-20,google_ads,???
CUST-00437,31.59319714,32028.53182,770.2746264,3.082856257,6,3.344417147,Kolkata,SMB.,Male,yes,Yes,2022-03-21,google_ads,???
CUST-00193,33.40175215,31747.16706,,14.9595183,5,4.497312252,Hyderabad,Consumer,Male,yes,No,2021-07-15,Website,follow-up needed
CUST-01436,,73460.2391,641.0279423,3.74702364,4,4.718366782,Pune,Consumer,F,1,No,2025-01-02,,N/A
CUST-00615,28.32081315,"$19,808",651.6025959,2.628065603,8,3.54102239,,,m,,No,,Referral,good
CUST-01494,25.13958408,62811.10399,746.418156,12.60632921,3,1.97924519,Bengaluru,SMB,,Yes,Yes,2025-03-02,Email,N/A
CUST-00577,54.0342332,35115.00489,676.8568641,4.071966913,6,4.119532655,,Consumer,,,No,2022-08-10,email,urgent
CUST-00987,,61752.05499,141.9227975,1.261793169,5,3.972464178,Chennai,consumer,,,No,,WEB,ok
CUST-01433,,45596.91527,615 pts,,8,4.337431064,Kolkata,SMB.,F,,No,2024-12-30,Email,VIP
CUST-00707,27.07310139,68545.90281,598.5451,6.963211665,4,,,Consumer,Female,yes,No,2022-12-21,WEB,
CUST-01259,58.8757765,,522.9769291,3.005278731,5,3.012423392,,SMB.,,No,No,2024-07-05,,complaint!!!
CUST-00142,26.12554256,45816.32615,646.4915509,3.490157817,4,3.503009396,Kolkata,Enterprise,F,,,2021-05-24,,urgent
CUST-01358,31.91473663,41219.23408,850 pts,7.973842805,5,1.543653689,Hyderabad,Consumer,,No,Yes,,Email,???
CUST-00003,47.00541435,69828.24528,578.5409515,11.45198495,7,3.932001172,Kolkata,SMB,f,N,No,2021-01-03,google_ads,normal
CUST-01222,53.48676515,57644.07379,,4.007775306,8,4.36644956,Pune,Enterprise,Female,,No,2024-05-29,website,ok
CUST-01870,40.82683845,74956.28233,724.2972867,6.887604698,4,3.565917883,,,,Y,No,2026-03-20,???,
CUST-01623,47.14225729,33833.42941,667.0994218,,7,4.066405649,Kolkata,SMB,F,yes,Yes,2025-07-11,google_ads,ok
CUST-00340,45.3 years,87487.72306,486.0968974,8.392643231,,2.892735868,Mumbai,Consumer,,Yes,No,12/12/2021,Social,good customer
CUST-01770,thirty,83101.78154,630.4611148,5.867278296,,4.734475756,Delhi,,M,Yes,,,,complaint!!!
CUST-01537,46.99067513,92108.82811,593.5188258,6.331082566,11,2.663377295,Chennai,,Male,,Yes,2025-04-15,,
CUST-00484,44.96932514,53926.90802,,9.649929124,7,-999,Mumbai,Enterprise,Female,,No,2022-05-08,,good
CUST-00266,50.15258981,84900.90823,693.2833281,4.927298258,8,2.593340638,Hyderabad,,Female,,No,2021-09-28,Website,N/A
CUST-00377,35.5 years,error,641.3411124,8.032079679,10,,Chennai,SMB,F,,No,2022-01-19,???,
CUST-00742,52.25270112,78531.43119,776.7227657,8.000344172,7,3.772404068,,Consumer,,yes,Yes,26/01/2023,WEB,ok
CUST-01014,,58709.31947,,,5,,,,Male,,,2023-10-30,referral,
CUST-00440,43.13468529,51212.22502,713.7914242,,5,4.010743418,Chennai,Consumer,m,0,No,2022-03-24,referral,good customer
CUST-00272,41.79793114,30192.30819,,6.033113121,9,3.201145797,Delhi,Consumer,Female,No,No,,Social,urgent
CUST-00185,43.14507726,21116.53834,668.0045476,0.4739813558,7,2.194572526,Chennai,SMB,Male,1,No,2021-07-07,Google Ads,normal
CUST-00940,120.9790592,36395.11802,572 pts,1.945214634,3,3.875452751,,Consumer,,0,Yes,2023-08-15,email,
CUST-00245,63.55096534,72103.06017,666.793473,5.494841607,5,2.84978557,Pune,Consumer,M,1,Yes,,,complaint!!!
CUST-00932,43.37988879,88735.04006,,8.7849172,8,2.184481125,Chennai,Consumer,m,no,Yes,2023-08-07,???,urgent
CUST-00446,20.2777062,230287.2976,745.9091201,8.654364089,3,3.629183863,Hyderabad,Consumer,Male,N,No,2022-03-30,email,???
CUST-00597,31.75293905,,724.3511189,,7,3.799767342,Chennai,UNKNOWN,,yes,Yes,2022-08-31,Google Ads,N/A
CUST-00818,40.92925267,84458.59989,,4.77534573,7,3.078130016,Hyderabad,consumer,f,N,No,2023-04-13,WEB,???
CUST-01273,,"$49,885",,1.259193413,9,3.390309093,Chennai,Consumer,F,0,Yes,2024-07-20,email,???
CUST-01677,,30918.92225,641.838724,3.572955538,7,2.82285152,Chennai,SMB,,0,No,2025-09-04,Unknown,
CUST-00487,28.64621124,58337.25734,834.860026,2.747808722,5,5,Hyderabad,Consumer,m,N,No,2022-05-11,Unknown,ok
CUST-00681,,108354.4984,670.9206301,1.674039309,,2.555969931,,Consumer,Male,,Yes,,Social,
CUST-00416,40.37348098,115995.6768,675.9177494,14.49010703,5,5,Mumbai,SMB,f,No,No,2022-02-27,referral,good
CUST-00274,63.11801971,,,7.445077443,1,3.652785132,Bengaluru,Enterprise,,N,Yes,2021-10-06,website,ok
CUST-01472,51.50052706,46552.10841,532.6970051,11.5222831,5,3.267395551,Hyderabad,Consumer,m,yes,No,2025-02-07,,late payment
CUST-01830,35.28254499,29620.3094,,3.393131231,5,,Hyderabad,Consumer,f,no,No,2026-02-07,Email,
CUST-01455,55.60617501,122894.0654,796.7248446,1.888995436,8,3.276997516,Bengaluru,Enterprise,f,No,Yes,2025-01-21,,good customer
CUST-00251,33.58101252,31100.1642,663.9829172,1.372433126,7,2.931905645,Bengaluru,Enterprise,F,Y,Yes,12/09/2021,google_ads,good customer
CUST-00414,46.9932068,,742.10688,4.607371497,9,5,Pune,,,1,No,2022-02-25,website,complaint!!!
CUST-01386,39.1301967,,622.256968,3.559434642,6,4.979676962,Mumbai,Enterprise,F,0,No,,google_ads,normal
CUST-01308,,81007.47838,558 pts,4.186610895,,4.020907206,Hyderabad,Consumer,F,N,No,2024-08-24,email,good customer
CUST-00716,23.40930891,57081.99263,515.1305425,11.02922196,5,,Delhi,,M,N,No,2022-12-30,,VIP
CUST-00311,52.12894267,,690.9158921,,6,3.415826834,Hyderabad,,Male,N,No,2021-11-12,website,N/A
CUST-00927,,85432.68041,522.369674,8.599867838,1,4.120777161,Pune,,f,No,No,2023-08-02,???,good customer
CUST-00382,,84946.40305,666.6057698,1.919276317,3,5,Pune,SMB,,Yes,No,2022-01-24,WEB,good customer
CUST-01566,,138304.8524,733.0257416,6.662127021,6,3.291643195,Pune,Consumer,,Yes,No,2025-05-14,Website,
CUST-00426,33.7 years,102608.1419,657.1463434,0.6134471521,7,,Bengaluru,Enterprise,Male,N,No,2022-03-10,,
CUST-01875,,27222.46912,,5.332049496,8,3.838042537,Bengaluru,Consumer,,1,No,2026-03-25,Social,complaint!!!
CUST-00533,32.6172295,,,9.495814797,7,4.92811809,Chennai,Consumer,m,1,No,2022-06-27,website,
CUST-00753,,"$22,575",759 pts,2.044281028,,4.048074834,Delhi,SMB,Male,no,No,2023-02-06,???,late payment
CUST-00766,18,37547.59608,610.1668786,3.409119077,,4.787479454,Hyderabad,Consumer,,Y,No,not_a_date,Google Ads,ok
CUST-01357,,39076.80635,,3.184588963,3,3.77605079,Pune,Enterprise,m,Yes,No,2024-10-13,WEB,N/A
CUST-00409,,,567.6684135,4.617877741,5,3.446666439,Chennai,UNKNOWN,Female,yes,No,2022-02-20,,
CUST-01615,29.86314166,19852.55792,677.7286881,4.069372952,4,3.72630279,Pune,UNKNOWN,f,no,No,2025-07-03,Google Ads,follow-up needed
CUST-00695,28.07953944,,527.2402623,8.451759244,8,,,Enterprise,m,,No,,WEB,
CUST-01739,28.16295285,,669.2518109,2.822764082,9,5,Pune,SMB,F,no,No,2025-11-07,,
CUST-00549,46.48219569,21180.82603,735 pts,7.537410008,10,5,Mumbai,SMB,m,No,No,13/07/2022,Google Ads,urgent
CUST-00937,24.18962589,,643.500054,7.868200784,5,,Chennai,Consumer,F,No,No,,WEB,
CUST-01390,27.01011827,,,4.769024179,8,4.298642813,Bengaluru,SMB,,1,No,2024-11-16,,
CUST-01608,40.34315638,123319.4555,720.249787,4.80404448,,3.203461633,Hyderabad,SMB,Female,,No,2025-06-26,,???
CUST-01940,28.38057391,124161.4027,675.4999141,12.02790934,,3.738187895,,Consumer,M,Y,No,2026-05-30,WEB,late payment
CUST-01482,44.75975688,89700.25616,564.1897259,4.00017971,10,3.374709422,Chennai,Enterprise,M,,No,2025-02-18,,???
CUST-00183,33.06887323,19746.30867,553.7104478,5.977047566,5,,Delhi,Enterprise,Female,0,No,2021-07-05,,???
CUST-01941,22.70457918,58596.95138,641.3133077,1.222477246,7,3.382904932,Chennai,SMB,f,,No,2026-05-31,Unknown,
CUST-01161,23.75515488,"$53,462",692 pts,6.882202482,8,3.34794474,Bengaluru,SMB,f,Y,,28/03/2024,Google Ads,VIP
CUST-00171,30.14254765,34445.63875,538.5983402,5.203830203,2,,,,,1,No,2021-06-23,Google Ads,normal
CUST-00293,55.65790368,106571.7672,626.0073604,9.220646798,8,2.866616177,Bengaluru,,M,No,No,2021-10-25,Website,VIP
CUST-00562,42.01154154,,661.1748709,4.053543177,6,2.934117638,Kolkata,SMB,m,no,Yes,2022-07-26,Email,VIP
CUST-01457,,,673.6124323,,7,,Mumbai,,m,N,No,,email,follow-up needed
CUST-01877,46.75794547,,671.1131421,3.765132375,7,4.192443995,Pune,SMB,f,no,No,2026-03-27,email,follow-up needed
CUST-01652,53.3 years,₹55k,608.2097892,3.878652511,7,3.776747581,,Enterprise,Male,0,No,2025-08-10,WEB,
CUST-00850,49.62797444,94078.01764,824.0432959,3.486076663,,4.330620368,Delhi,Consumer,m,No,No,2023-05-16,Unknown,VIP
CUST-00273,36.83256082,77830.57017,621.7114314,5.771002983,9,,Chennai,Consumer,M,0,No,05/10/2021,Google Ads,good customer
CUST-01550,42.74610928,75186.94058,612.5844157,3.03712328,,4.228818409,Bengaluru,Consumer,m,no,Yes,2025-04-28,Social,good customer
CUST-01035,31.66498835,"$100,254",599.2094793,,6,4.886768447,Mumbai,Consumer,f,0,,2023-11-20,???,
CUST-01744,22.25836201,77853.25977,649.7118646,3.450994387,,4.945198718,Chennai,Consumer,Female,N,No,2025-11-12,Google Ads,
CUST-00372,53.94752709,48240.22382,488.717043,5.866510079,,,Chennai,Enterprise,Male,,No,2022-01-14,???,urgent
CUST-01670,29.6 years,59300.24939,763.95879,15.16940891,6,3.477954561,Hyderabad,Consumer,f,,Yes,2025-08-28,Referral,
CUST-00722,51.53622629,,767.9844515,2.697170752,,4.481353909,Delhi,SMB,f,,Yes,2023-01-05,email,
CUST-00734,35.7 years,42650.81348,599.8998477,4.017348338,8,2.190981887,Kolkata,SMB,,0,No,2023-01-17,???,ok
CUST-00778,42.76389565,,664.2473183,6.87361346,7,3.878188493,Bengaluru,Consumer,f,1,Yes,2023-03-03,,good customer
CUST-00519,48.7737849,,610.2579678,1.93312495,,2.866603535,Kolkata,Consumer,,,No,2022-06-12,,ok
CUST-00335,,41971.28655,,4.386173515,,,Hyderabad,Consumer,m,no,No,2021-12-07,Referral,
CUST-00846,42.38569367,30952.03213,761.0411367,3.633182358,0,3.816887537,,Consumer,m,,No,2023-05-12,Website,
CUST-01252,??,53663.33917,644.3047164,1.837295621,9,3.510668575,Kolkata,Consumer,M,N,No,,,late payment
CUST-01053,39.3 years,,583.8097413,3.613284405,7,,Delhi,Consumer,F,no,,2023-12-08,Social,good customer
CUST-01924,51.54789321,79324.0522,650.0427488,10.34274017,2,3.638667816,Delhi,SMB,Female,Y,No,2026-05-14,???,ok
CUST-00016,27.68849045,60036.15514,784.9074496,1.609605048,9,3.32466852,Pune,SMB,M,0,Yes,,Social,
CUST-00708,44.7 years,11398.68596,755.9715578,99999,,3.083208576,Delhi,consumer,Female,no,Yes,2022-12-22,google_ads,N/A
CUST-00901,42.67630046,40410.36615,667.0595761,4.478201053,5,1.818464909,,Consumer,Male,Yes,No,2023-07-07,WEB,
CUST-01980,43.86402229,84243.31661,735.9063362,,3,4.673276113,Mumbai,Consumer,f,Y,No,10/07/2026,,late payment
CUST-01573,42.09810423,,788.7269034,,13,,Mumbai,,,1,,2025-05-21,???,ok
CUST-00904,57.05931329,40932.724,605.0409534,9.669391646,7,4.171488167,Kolkata,UNKNOWN,Male,Y,No,2023-07-10,Social,good
CUST-00466,32.49589658,35930.47957,686.4657626,5.694574148,4,,Delhi,,,Yes,,2022-04-19,Google Ads,???
CUST-01978,40.6072779,47833.32281,562.7308148,1.133171534,7,4.142107067,Delhi,SMB,Male,No,No,2026-07-08,Email,late payment
CUST-00200,,35162.08806,765.1719214,1.716728042,8,3.357609699,Bengaluru,Consumer,Female,Y,No,2021-07-22,referral,follow-up needed
CUST-01207,29.45195523,71604.86203,590.5030403,1.359590807,5,3.120569322,Hyderabad,Consumer,F,No,Yes,2024-05-13,WEB,N/A
CUST-01056,,29407.61003,730.2849404,8.975325438,5,3.071225224,Hyderabad,SMB,Female,no,No,2023-12-12,WEB,good
CUST-01132,34.84311891,38054.08357,615.2704311,3.810934014,4,3.621953086,Pune,Enterprise,F,0,Yes,2024-02-27,Social,VIP
CUST-01380,55.68333671,,730.7651563,2.436467184,4,3.773164935,Kolkata,Consumer,f,No,,2024-11-06,???,???
CUST-00999,,,546.8656188,3.995967603,3,4.297818571,Mumbai,,f,0,No,2023-10-14,???,urgent
CUST-00728,47.20780689,,,5.859931813,7,3.750297294,Hyderabad,Consumer,F,No,No,2023-01-11,,complaint!!!
CUST-01772,38.8642117,,546.7466519,3.440907523,11,,Bengaluru,SMB,M,1,No,2025-12-10,Social,
CUST-01910,43.22550003,24147.23602,688.9544214,12.45981112,4,3.335416579,Delhi,SMB,f,No,No,2026-04-30,email,???
CUST-01822,47.2 years,108301.809,,8.260546479,2,,Bengaluru,Consumer,m,No,No,2026-01-30,Google Ads,ok
CUST-00568,30.16500626,,,3.633393982,2,4.061925351,Chennai,,F,,Yes,2022-08-01,referral,N/A
CUST-00044,40.78593588,36141.49173,749.0772176,2.392583275,9,4.010921725,Chennai,Consumer,Female,no,No,2021-02-13,,???
CUST-00275,,58974.78751,686.6145069,5.660035703,3,,Chennai,Consumer,m,yes,No,2021-10-07,WEB,late payment
CUST-01097,56.95022604,114205.1658,,0.6805732129,1,,Delhi,Consumer,Male,,No,,email,complaint!!!
CUST-00102,53.59073957,171367.0049,714.1187107,0.6362841044,7,3.721559053,Bengaluru,SMB,m,Yes,Yes,2021-04-13,Website,
CUST-01232,,126186.6375,,3.651337165,10,3.732289637,,Consumer,f,,No,2024-06-08,Google Ads,
CUST-01722,21.22776604,80669.43259,635.7338848,9.932389461,4,3.021108929,Delhi,Consumer,Female,0,No,2025-10-20,WEB,normal
CUST-01833,24.59206878,,615.6256956,2.281772758,,3.771070155,Pune,Enterprise,F,1,No,2026-02-10,referral,
CUST-00108,unknown,,603.5828074,4.226722151,6,,Kolkata,UNKNOWN,Male,1,No,2021-04-20,???,ok
CUST-01618,18.0 years,"$37,397",654.9061868,8.55812241,4,5,Chennai,Consumer,f,No,No,2025-07-06,Referral,
CUST-00498,33.97271158,16468.24968,582.1843413,0.9220014731,5,3.664312572,Kolkata,Consumer,M,,No,2022-05-22,email,normal
CUST-01981,40.0 years,,732.2873714,7.144459385,,,Chennai,SMB,m,yes,Yes,2026-07-11,,VIP
CUST-00882,49.37179532,"$89,920",635.5928028,0.8032676519,6,4.291924816,Bengaluru,consumer,Male,,,2023-06-17,Email,good customer
CUST-00757,26.94979523,78151.62462,654.1002039,2.900904561,,2.918007592,Mumbai,consumer,Female,yes,No,2023-02-10,Unknown,VIP
CUST-00620,55.41414619,136850.6317,550.8588098,6.117920733,11,1.942157379,Delhi,,Male,Yes,Yes,2022-09-23,Website,VIP
CUST-01107,21.73023235,83464.99757,724.8212346,11.83305599,,,Pune,,,yes,No,2024-02-02,Unknown,good
CUST-01936,57.25074926,61688.06371,701.2060046,7.546612905,2,4.33155908,Hyderabad,Enterprise,Female,No,No,2026-05-26,Website,N/A
CUST-00810,40.60677434,25803.47965,808.2995673,7.179137649,6,3.490167505,Hyderabad,Consumer,m,No,No,2023-04-05,Email,N/A
CUST-01038,31.30674385,52174.67395,546 pts,4.981061615,10,2.94353894,Hyderabad,SMB,,no,Yes,,Email,VIP
CUST-00073,26.96657257,18533.33868,777.2171917,3.48357761,6,3.836014959,Bengaluru,Consumer,Male,1,Yes,2021-03-15,,ok
CUST-01284,,112709.7262,718.7935067,3.28355843,1,3.30048914,Pune,Consumer,,1,Yes,2024-07-31,referral,urgent
CUST-01272,55.39213761,45965.86981,633.7664973,9.814853777,13,,Mumbai,,,Yes,No,2024-07-19,,follow-up needed
CUST-01335,42.94365899,,677.4163778,,0,3.17357895,Bengaluru,SMB,,No,No,,WEB,follow-up needed
CUST-01459,,48524.17538,806.6239785,4.849525979,9,,Bengaluru,UNKNOWN,f,no,No,2025-01-25,,normal
CUST-00482,55.19857408,,639.4109907,9.688056562,6,,Bengaluru,Consumer,m,yes,Yes,2022-05-06,website,ok
CUST-01069,55.34151148,172349.5039,,3.755442386,,1.659048603,Bengaluru,Enterprise,m,N,,2023-12-25,Google Ads,normal
CUST-00507,67.04498015,127010.3316,,,6,5,Hyderabad,Consumer,Female,,Yes,31/05/2022,,???
CUST-01238,44.84644443,82684.99586,480.9011553,4.93805263,6,,Kolkata,Consumer,Female,,No,14/06/2024,Unknown,
CUST-01862,24.98467253,,472.053256,12.66382206,6,,Bengaluru,Consumer,Female,No,No,,,
CUST-01990,21.67707875,33378.06165,593.561366,5.184386621,3,2.037656677,Delhi,Consumer,M,no,Yes,2026-07-20,,good
CUST-01477,63.151985,16974.42598,594.9480767,5.147720771,9,3.973965724,,,M,No,No,2025-02-13,Email,follow-up needed
CUST-01867,35.5 years,69192.12994,670.8101788,2.061101378,4,3.883408355,Mumbai,Consumer,,yes,No,2026-03-17,Social,normal
CUST-01456,36.6 years,34535.12805,686.3851445,2.583772948,9,3.840001958,Bengaluru,,,,Yes,2025-01-22,Email,urgent
CUST-00312,43.26904015,64130.24156,693.1656491,3.340856467,4,4.11785999,Chennai,SMB,f,,No,2021-11-13,Email,???
CUST-00963,25.97187223,65025.05927,623.441481,7.567336402,,5,Delhi,,F,1,,2023-09-08,Unknown,good customer
CUST-00406,34.8099345,22224.83197,721.056447,,4,,Bengaluru,Consumer,Male,N,No,2022-02-17,Unknown,ok
CUST-01331,18,55577.49415,,6.265873143,8,3.738931737,Chennai,,F,yes,Yes,2024-09-17,,ok
CUST-01650,,56584.86961,850 pts,6.123910423,8,2.309196444,Chennai,SMB,Male,1,No,,Social,???
CUST-00310,58.78773926,63504.73133,595 pts,5.344844091,5,4.852117433,Kolkata,,Male,,No,2021-11-11,google_ads,
CUST-00227,68.20968845,59760.20821,641.2286787,,,2.729499003,Kolkata,,m,No,,2021-08-19,Referral,
CUST-01858,50.52492077,55313.54111,657 pts,2.658938326,5,3.728988367,Bengaluru,Enterprise,m,Yes,Yes,2026-03-08,Unknown,complaint!!!
CUST-00711,37.8362385,,761.2529575,,6,4.829097382,Delhi,SMB.,Male,1,No,,Unknown,late payment
CUST-01944,18,80963.39895,755.2308102,3.212509104,,2.133606566,Hyderabad,SMB,,N,No,2026-06-03,email,good customer
CUST-01384,36.02418767,38070.24661,,,9,3.725482866,Bengaluru,SMB,F,1,No,2024-11-10,website,
CUST-01786,52.5546043,,690 pts,6.827945977,11,,Bengaluru,Enterprise,Male,,Yes,2025-12-24,,follow-up needed
CUST-00149,50.8 years,,748.7467467,2.290303665,2,,Delhi,Enterprise,m,,No,not_a_date,,VIP
CUST-01555,21.48903694,,414.051147,9.151076375,3,3.479613557,Hyderabad,Enterprise,f,Yes,No,2025-05-03,,normal
CUST-01957,48.89675412,,625.2164903,17.5038024,10,3.194691304,Mumbai,,Male,no,,2026-06-17,Referral,???
CUST-00926,60.58609856,90155.7373,729.9959401,4.094304984,6,4.219319729,Pune,,Male,,No,2023-08-01,Social,follow-up needed
CUST-00943,43.88920051,55744.56865,617 pts,3.752022199,5,,Chennai,consumer,Male,1,,2023-08-18,,urgent
CUST-00837,34.08485594,74605.53408,556.7383125,0.6725730363,3,2.212959994,,,f,1,No,2023-05-02,email,VIP
CUST-00576,,67831.89078,487.4683188,2.949382074,9,3.23806553,Hyderabad,Enterprise,,No,No,09/08/2022,,VIP
CUST-00558,25.6 years,87277.75638,,,8,4.774355893,Hyderabad,consumer,f,0,,2022-07-22,,
CUST-01236,28.5 years,74256.08693,583.0337708,10.59819637,,5,Pune,SMB,M,Y,No,2024-06-12,referral,normal
CUST-01361,33.46632161,53333.42246,506.0061226,2.033120221,5,4.789736106,,,m,no,No,2024-10-17,referral,good
CUST-01348,,"$60,643",616 pts,11.85122985,7,3.047878369,Pune,consumer,Male,yes,No,2024-10-04,Google Ads,good
CUST-01162,33.64087223,74291.76069,571.0454803,,3,1.642509357,Bengaluru,,,No,No,2024-03-29,Referral,
CUST-01443,,,599 pts,3.194590434,6,4.461594718,Hyderabad,consumer,Female,Y,Yes,2025-01-09,Unknown,normal
CUST-00287,41.16460645,80717.20558,790.9209694,6.596493427,3,3.958849615,Pune,Enterprise,Female,0,No,2021-10-19,,complaint!!!
CUST-01605,34.2517347,57163.05055,634.727615,4.922561138,7,5,Mumbai,SMB,m,No,Yes,,,ok
CUST-01058,42.93406302,,688.5646831,3.003497689,3,3.121582218,Chennai,Enterprise,M,,No,2023-12-14,,VIP
CUST-00599,,"$153,576",644.6537542,6.110321281,2,4.156653177,Delhi,SMB,F,Yes,,2022-09-02,google_ads,complaint!!!
CUST-00933,52.0 years,,771.621238,6.895593495,,4.168592553,,Consumer,F,N,No,2023-08-08,Referral,urgent
CUST-01462,29.30466738,25289.28082,633.2461573,1.020192739,4,4.27149079,,SMB,M,,No,2025-01-28,Website,ok
CUST-01638,49.68582886,"$114,703",598.9984619,6.470361923,1,3.563949368,Bengaluru,Consumer,f,,Yes,2025-07-27,,
CUST-01588,49.31318961,missing,693 pts,13.84454892,,,Bengaluru,UNKNOWN,Male,,No,2025-06-06,,
CUST-01041,26.5 years,109966.0195,,1.732355896,5,2.085446188,,Enterprise,Male,0,Yes,2023-11-26,Social,late payment
CUST-01231,,42967.77835,650.5778215,7.969260259,56,3.849907409,Mumbai,SMB,,no,No,2024-06-07,referral,ok
CUST-00807,36.41325612,142124.8635,,,,2.861013199,Delhi,Consumer,m,1,No,2023-04-02,google_ads,good
CUST-00905,30.53351066,43923.02568,481.3446974,3.312469417,7,3.113917091,Bengaluru,Consumer,,Y,Yes,,,VIP
CUST-01680,34.63279464,57463.6855,582.0336058,4.864526886,8,4.36600401,Delhi,SMB,F,Yes,No,,Website,VIP
CUST-01205,30.19323656,69634.77966,610.1482411,7.591079078,6,3.783267976,Hyderabad,SMB,m,Yes,No,2024-05-11,referral,VIP
CUST-00768,,144212.7068,631.724855,8.026383399,,4.569662601,,Enterprise,F,0,Yes,21/02/2023,Email,complaint!!!
CUST-00610,44.45641328,,658.6042527,3.909279795,6,3.650727615,Chennai,Enterprise,M,Yes,,2022-09-13,,???
CUST-01993,40.77992533,,657.6723894,2.794708504,9,4.891166141,Chennai,Enterprise,F,Yes,No,2026-07-23,Social,normal
CUST-01565,,"$117,570",627.7393604,,6,,Pune,Consumer,,N,No,,,
CUST-01423,42.68636716,98761.20717,649.2125543,11.16451487,5,3.396384141,Delhi,Consumer,M,yes,Yes,2024-12-20,,normal
CUST-01011,23.18224296,201382.8352,632.0371771,1.006497535,1,3.642442901,,,M,no,No,,referral,
CUST-00494,43.4 years,error,783.9153142,3.302047114,5,,Hyderabad,Enterprise,M,yes,,2022-05-18,???,
CUST-01321,,,800.9677424,4.936914823,7,4.044959359,Mumbai,Consumer,F,No,No,2024-09-07,Website,follow-up needed
CUST-00278,24.7 years,"$155,204",616.3577643,3.703984051,5,1,Bengaluru,Consumer,,N,No,2021-10-10,Referral,late payment
CUST-01847,38.3923427,,621.6031999,3.238052329,3,,Hyderabad,Consumer,Male,0,Yes,2026-02-25,Unknown,N/A
CUST-00359,27.63985682,106957.1939,603.7049882,0.8098058806,,,Mumbai,,F,Yes,Yes,2021-12-31,,follow-up needed
CUST-01111,,,571.4243501,9.121933725,4,5,Chennai,Enterprise,f,N,,2024-02-06,,good customer
CUST-00237,18,53829.88405,,3.67149053,,4.687582256,Delhi,SMB,Male,1,No,2021-08-29,,N/A
CUST-00552,44.67840131,51821.48591,,5.786580631,12,4.512218786,Bengaluru,Enterprise,M,no,No,2022-07-16,email,complaint!!!
CUST-01868,,,,3.328918212,5,3.979398456,Kolkata,SMB,M,Yes,No,2026-03-18,Referral,
CUST-01813,41.28564614,41163.99339,648.9280234,5.884296408,4,3.29459124,Pune,SMB,m,1,No,2026-01-21,WEB,N/A
CUST-00209,,76960.92991,559.5547305,7.708636866,,4.580261219,Pune,Consumer,f,yes,No,,,N/A
CUST-01387,52.98509327,54295.99991,,14.42737569,9,,,SMB,,Yes,No,,Email,N/A
CUST-01561,33.29552245,81620.64807,626.7711014,4.285605225,9,1.56943647,,,m,,No,09/05/2025,Unknown,follow-up needed
CUST-00059,,39481.71035,698.9516482,9.671239236,8,4.947043258,Delhi,,,yes,No,2021-03-01,referral,N/A
CUST-00632,68.59193543,31973.29824,670 pts,5.866613385,7,3.862904285,,SMB,F,Y,Yes,05/10/2022,,???
CUST-01962,30.31411914,,697.0447838,13.46238476,4,,Chennai,SMB,m,1,No,2026-06-22,email,late payment
CUST-01860,21.23645531,,707.3437174,9.63830426,,4.980702269,Pune,Consumer,Female,1,No,2026-03-10,???,
CUST-01817,45.97224409,53132.53686,,0.7763692877,,4.696565764,Hyderabad,SMB,F,Yes,Yes,,,N/A
CUST-00364,25.3 years,71630.21971,676 pts,9.574298041,5,3.124579604,Chennai,SMB,Male,No,No,2022-01-05,???,complaint!!!
CUST-00506,31.4780539,91196.47157,544.443603,4.838633502,8,5,Hyderabad,Consumer,Female,Y,No,2022-05-30,,???
CUST-01166,27.66989986,66325.5657,554.7763639,,9,3.849355455,Bengaluru,UNKNOWN,Male,1,Yes,02/04/2024,???,
CUST-01122,38.0373026,60908.05938,,,6,,,SMB,m,,Yes,2024-02-17,,
CUST-01630,50.93412027,,697.6474079,4.329423103,9,4.375057945,Hyderabad,Enterprise,,Yes,Yes,2025-07-18,website,complaint!!!
CUST-01217,18,,646.9838488,0.1965972814,3,3.267729263,Mumbai,Consumer,M,no,No,2024-05-24,email,
CUST-01152,unknown,33360.89659,,3.03797079,8,4.461675813,Pune,SMB.,Female,No,No,2024-03-18,Website,
CUST-01125,35.8 years,62852.30032,735.7517321,4.106518353,,4.440563125,Bengaluru,,F,0,Yes,2024-02-20,,???
CUST-01595,42.53565198,44710.3978,496.3300198,5.582432166,9,4.948985879,Mumbai,SMB,Male,Yes,No,,Referral,follow-up needed
CUST-00119,57.2 years,61907.2415,,10.25088216,4,4.934138296,Bengaluru,,f,N,No,,Referral,
CUST-01250,19.3 years,60918.82272,,2.504368632,6,3.7682775,Mumbai,Consumer,M,Y,No,26/06/2024,Google Ads,follow-up needed
CUST-01994,49.58204591,37624.36767,751.2269779,5.833669214,5,3.049598363,Mumbai,Enterprise,M,0,No,2026-07-24,google_ads,
CUST-00523,54.02941204,48898.4115,850,4.48889524,6,2.925926948,Hyderabad,SMB,F,1,No,2022-06-16,,good
CUST-00514,36.96679218,85628.44218,658.651447,4.664522876,5,3.119500551,Hyderabad,Consumer,,no,No,2022-06-07,Referral,urgent
CUST-00082,30.05688871,68048.14616,743.2390526,,4,4.495040823,Hyderabad,Consumer,F,0,No,2021-03-24,Google Ads,good customer
CUST-00916,51.9 years,160270.333,701 pts,7.826735459,7,2.832135384,Hyderabad,,F,0,No,2023-07-22,,ok
CUST-01019,34.0 years,67733.7659,689.4963935,4.977351841,2,,,Consumer,Female,Y,Yes,2023-11-04,,
CUST-00381,39.29456533,47313.51516,680 pts,7.741109067,,2.063519815,Mumbai,,f,Yes,Yes,2022-01-23,Email,complaint!!!
CUST-01030,50.5463873,63908.91397,252 pts,8.117570316,6,3.285228101,Pune,Consumer,F,Y,No,15/11/2023,email,good customer
CUST-01689,36.30325397,,850,7.058698833,3,4.929442302,Kolkata,,M,no,No,2025-09-17,google_ads,
CUST-00085,23.64992425,96511.01618,613.781221,1.969581546,10,3.428709863,Delhi,Consumer,M,N,,27/03/2021,,
CUST-01678,42.37430046,76960.76545,652.1406193,7.124082455,,3.66755852,Chennai,Consumer,Male,yes,No,2025-09-05,Referral,follow-up needed
CUST-00330,31.8 years,95311.82608,764.7931087,2.355341005,7,,Chennai,SMB,m,,Yes,2021-12-02,,???
CUST-00007,39.5 years,52223.16492,497.3088174,,6,5,Hyderabad,Consumer,f,Yes,No,07/01/2021,,good customer
CUST-00746,49.2 years,104103.3599,485.851623,5.647817234,,4.066598318,Delhi,,m,1,No,2023-01-30,google_ads,VIP
CUST-01554,33.61436487,21543.59144,612.6465702,1.439349562,7,1.724985958,,Consumer,Female,0,No,not_a_date,,
CUST-00915,49.84886174,66945.83904,551 pts,6.907507859,8,5,Chennai,SMB,,1,Yes,2023-07-21,referral,normal
CUST-00874,38.75602842,19395.82754,608.0190181,0.4957574301,6,3.979654237,,,F,yes,No,2023-06-09,,follow-up needed
CUST-00452,42.18531073,,716.9066157,4.103925989,5,3.603149551,,,Male,No,No,2022-04-05,referral,follow-up needed
CUST-00491,51.02344405,,,,10,,Chennai,,f,yes,No,2022-05-15,Email,
CUST-01481,43.3997401,,697.7053276,8.727762625,3,,Bengaluru,UNKNOWN,F,no,No,2025-02-17,Website,
CUST-00288,38.62960158,,,0.07314210929,,2.218721972,Bengaluru,,f,1,No,2021-10-20,Social,complaint!!!
CUST-00949,42.59462884,81994.2525,727.6357129,10.55339802,3,3.513524625,Hyderabad,consumer,F,no,Yes,2023-08-25,Email,good
CUST-01986,34.52149261,"$39,065",688.2520335,2.873873413,5,,Hyderabad,Consumer,F,Y,No,2026-07-16,,good customer
CUST-01369,unknown,64977.38082,,8.557680774,6,,Mumbai,Consumer,Female,,No,2024-10-26,Email,late payment
CUST-01147,thirty,,633.7878833,6.867674926,5,3.917829707,Bengaluru,Consumer,m,,No,2024-03-13,???,???
CUST-00706,26.28849421,49919.7144,528.9144263,6.325978275,4,2.679302879,Bengaluru,SMB,M,yes,No,2022-12-20,email,???
CUST-01727,26.71363741,62363.89862,657.8309769,4.693148044,,,Bengaluru,Consumer,M,N,Yes,2025-10-25,,late payment
CUST-01702,,33682.95709,ERR,8.503803526,2,3.86024494,Hyderabad,Consumer,Male,yes,Yes,2025-09-30,Email,normal
CUST-01629,,"$108,002",650.2576318,3.227162607,9,4.352001949,Delhi,,Female,1,No,2025-07-17,Unknown,good
CUST-01600,25.2 years,118532.069,736.0250216,2.077603047,4,,,,f,no,Yes,2025-06-18,???,late payment
CUST-01539,26.83682375,88414.32771,593.0394819,8.779672599,5,,Bengaluru,UNKNOWN,M,N,No,2025-04-17,email,normal
CUST-01406,46.3 years,27691.84307,556.6081981,7.354300668,8,4.673358006,Chennai,Enterprise,,Y,No,2024-12-02,referral,good
CUST-01651,,,,5.652120779,2,2.644361845,Pune,consumer,f,yes,Yes,2025-08-09,,normal
CUST-00328,37.19656193,123445.3641,850,2.869063005,5,4.440564189,,consumer,F,Yes,No,2021-11-30,,VIP
CUST-00443,42.3 years,,716 pts,,12,2.420445038,Kolkata,consumer,m,0,Yes,2022-03-27,Website,
CUST-00775,38.1 years,error,662.2917066,4.519822234,6,5,Mumbai,Consumer,f,No,Yes,2023-02-28,,good customer
CUST-01088,19.47649757,"$33,428",,4.918965875,3,1.89823384,Delhi,Consumer,F,no,No,2024-01-13,email,
CUST-01221,37.46676599,120563.2857,580.6394459,2.208925192,6,4.105551272,,Consumer,F,0,Yes,,Social,
CUST-01636,51.01418193,27042.84851,651.0252631,6.25815704,6,,,Consumer,M,Yes,Yes,2025-07-25,Unknown,follow-up needed
CUST-00178,39.91989936,72717.62819,687.6363225,4.017465717,4,5,Hyderabad,SMB,Male,0,Yes,2021-06-30,Google Ads,normal
CUST-01323,37.73302646,60241.8136,682.088814,7.716199903,4,3.174638188,Bengaluru,SMB.,f,Yes,No,09/09/2024,email,
CUST-00705,50.6 years,61763.26167,601.9924738,5.718415988,3,5,Bengaluru,,,Yes,No,2022-12-19,Website,good
CUST-00087,32.36717192,,850 pts,7.062404632,1,5,Kolkata,,f,1,Yes,2021-03-29,email,
CUST-01884,39.21736917,,555.8860938,4.465024967,9,3.635675568,,UNKNOWN,F,no,No,2026-04-03,,complaint!!!
CUST-01948,27.09076534,"$18,612",722 pts,15.66855101,4,,Pune,Consumer,F,no,No,2026-06-08,email,good customer
CUST-00458,27.85206761,,,4.755243214,6,3.431522257,Chennai,Consumer,f,yes,No,2022-04-11,WEB,
CUST-01829,27.48668091,62598.57569,632.781236,3.030180251,10,3.795825986,Pune,Consumer,,Y,Yes,06/02/2026,Unknown,
CUST-00055,32.35552815,67281.23125,774 pts,11.69590532,5,3.983858554,Mumbai,Consumer,,,No,2021-02-25,google_ads,good customer
CUST-01502,30.5047591,113807.4434,218.5215263,,6,2.63685659,Mumbai,Consumer,Male,Y,No,,WEB,
CUST-00644,40.06352399,"$32,495",608.9246813,2.854825185,2,3.954378465,Bengaluru,Enterprise,M,Yes,No,2022-10-18,Website,???
CUST-00678,,72754.87644,775.7003425,5.338989172,10,,Hyderabad,,Male,,No,2022-11-21,referral,follow-up needed
CUST-00222,40.9099615,36043.89757,701.857522,8.055710347,5,3.835973672,Mumbai,Consumer,m,Y,No,2021-08-14,Unknown,good
CUST-00114,20.64730575,,,2.685901764,4,4.214085853,Hyderabad,Consumer,m,no,,,email,
CUST-00983,40.75378059,,448.2138152,9.244395151,9,4.903812401,Kolkata,SMB,,,,28/09/2023,website,follow-up needed
CUST-01229,44.71448445,77161.84457,451.0592288,12.68794796,4,3.272360884,Kolkata,Consumer,m,No,No,05/06/2024,WEB,???
CUST-01000,47.88503758,,756.8183404,,7,3.398215278,Bengaluru,Consumer,Female,Yes,No,2023-10-15,email,
CUST-00175,22.66474911,66128.94098,815.2781337,3.002501131,8,3.494247468,,SMB,F,Yes,Yes,2021-06-27,,ok
CUST-00782,37.04324523,38234.76509,,13.31266847,,5,Delhi,Enterprise,m,,Yes,2023-03-07,???,???
CUST-00590,57.33339378,,637.2676016,0.730896221,5,3.8538937,Pune,Enterprise,f,No,Yes,2022-08-24,WEB,
CUST-01560,36.3 years,,537.072727,5.331553132,5,4.383207155,Hyderabad,SMB,Female,no,No,2025-05-08,???,ok
CUST-00019,48.54140362,75743.37084,605.5996057,16.92676253,,,Pune,Consumer,Female,,No,2021-01-19,,urgent
CUST-00424,20.23356185,43279.61058,805.1069681,1.850527285,9,,Bengaluru,consumer,Male,Y,No,2022-03-08,email,late payment
CUST-01344,31.6794153,,624.9641041,6.941005605,,,Delhi,Consumer,m,No,No,2024-09-30,,complaint!!!
CUST-00286,32.34170231,67153.98537,632.7230832,5.841189103,6,2.966866915,Hyderabad,,Male,no,,,email,normal
CUST-01584,29.56317103,53165.90246,,5.463665255,11,3.357531752,Mumbai,SMB.,f,No,Yes,2025-06-02,Website,
CUST-00429,,54493.04,634.4325608,1.140601136,3,3.592925644,Bengaluru,Enterprise,m,no,No,2022-03-13,Email,late payment
CUST-01510,39.58815808,"$31,099",609.0031889,3.426499991,,,Bengaluru,,m,N,Yes,2025-03-18,???,normal
CUST-01319,20.17933425,102692.0072,603.7160752,,5,3.495931523,Hyderabad,Consumer,Male,N,No,2024-09-05,email,complaint!!!
CUST-00670,18,missing,639.3292262,,,2.796960916,,SMB,Male,yes,,,referral,???
CUST-00032,33.1230198,41926.81801,638.1853872,2.774952027,7,,Mumbai,,f,,Yes,2021-02-01,Unknown,normal
CUST-00941,40.53931679,135747.4734,808 pts,3.245578137,3,,,Consumer,Male,no,No,2023-08-16,Email,good customer
CUST-00723,18,,590.388699,9.017241143,11,2.93719045,Pune,Enterprise,M,N,No,2023-01-06,Google Ads,good customer
CUST-00995,36.68318982,42113.37026,659.1093829,10.69147333,5,3.511924129,Pune,,Female,No,No,not_a_date,,
CUST-00215,34.06792287,34151.42487,697.2557699,2.008997634,5,99999,Hyderabad,Consumer,m,,Yes,2021-08-07,,good
CUST-00814,32.0 years,41007.10804,,8.573984412,,2.49655576,,SMB,F,No,No,,Referral,
CUST-00327,19.13551693,16226.12087,850,2.889096208,8,3.676802814,Mumbai,SMB,Female,1,No,2021-11-29,Email,normal
CUST-00561,37.15183542,67004.4629,569.4067181,3.833510481,6,2.93585867,Delhi,,Male,N,No,2022-07-25,google_ads,good customer
CUST-01113,24.1730139,133770.2155,362.4241984,8.951136127,,4.44266599,Bengaluru,Consumer,m,0,No,2024-02-08,Unknown,
CUST-00701,51.3555907,88128.75584,607.0975936,3.821540901,7,4.336494551,Delhi,SMB,f,Y,,2022-12-15,google_ads,complaint!!!
CUST-01579,18,74738.83965,514.5733335,7.08178679,5,2.904028034,Delhi,,f,No,No,2025-05-27,website,VIP
CUST-01190,36.30814523,₹55k,482 pts,12.6147442,6,3.924109637,Hyderabad,SMB,m,,No,2024-04-26,referral,N/A
CUST-00342,41.65240075,49540.66092,505.702193,,7,4.528447729,,Consumer,Female,N,No,2021-12-14,Social,N/A
CUST-00630,,53731.24037,591.3055966,5.163353489,6,2.946101501,Kolkata,UNKNOWN,Male,1,No,2022-10-03,,
CUST-00148,36.31050936,92060.53327,583.7842928,3.314292616,5,3.184792051,Mumbai,consumer,F,no,No,2021-05-30,Email,???
CUST-01310,33.82971905,43085.53325,716.062389,4.461238393,8,3.002355304,Delhi,Enterprise,,Yes,No,2024-08-26,Referral,follow-up needed
CUST-00361,36.16972961,130429.4349,,6.26234313,7,,Bengaluru,SMB.,F,,Yes,,website,N/A
CUST-00084,33.41914527,"$60,008",691.1358423,5.784534608,8,5,Kolkata,Consumer,Female,1,No,2021-03-26,website,
CUST-00049,46.14696276,58181.90222,699.9855417,6.810149439,6,3.945639545,Delhi,Consumer,m,1,No,2021-02-18,email,urgent
CUST-00469,,,785.2119924,1.309793341,,,Hyderabad,SMB,m,,,2022-04-22,google_ads,complaint!!!
CUST-00156,59.21515896,76543.62133,,,5,3.130249001,Hyderabad,consumer,Male,0,No,2021-06-07,,normal
CUST-00773,,48084.13624,546.364612,3.931397259,6,3.937162142,Mumbai,SMB,M,1,No,2023-02-26,email,urgent
CUST-01240,56.62256144,,647.91439,,3,4.226795184,Bengaluru,SMB,f,Yes,No,2024-06-16,???,N/A
CUST-01201,22.1295064,40117.58855,624.2566284,,6,4.618024866,Hyderabad,Consumer,Female,Y,No,,website,
CUST-01403,35.55116582,37157.18993,508.8342946,1.101738677,4,3.323266451,Chennai,SMB,F,N,Yes,2024-11-29,Google Ads,VIP
CUST-01203,,46475.34894,753.157044,,,4.379460428,,SMB,Female,yes,No,2024-05-09,WEB,late payment
CUST-01631,23.36149106,82032.31543,649.7125145,3.69753627,2,4.005494295,Mumbai,,Female,Yes,No,2025-07-19,???,late payment
CUST-00501,54.36634676,74554.12846,654.4820031,3.173004903,5,2.006746012,Kolkata,Consumer,M,N,No,2022-05-25,email,good customer
CUST-01765,25.37735273,53067.14854,480.5004439,6.256910753,7,,Hyderabad,Consumer,m,1,,2025-12-03,,???
CUST-00180,,,638.7384775,1.963882514,6,3.023989741,Pune,SMB,Female,1,,02/07/2021,Website,N/A
CUST-01048,44.51113356,73324.68021,565.3775103,6.016055921,6,4.389775206,Pune,Consumer,f,,Yes,2023-12-03,Google Ads,ok
CUST-01756,45.54555552,,742.8811788,2.49279694,,3.920222502,Chennai,Consumer,m,,No,2025-11-24,,late payment
CUST-00951,18,,499.5889053,4.494707411,9,,Bengaluru,,f,No,No,2023-08-27,website,VIP
CUST-01317,35.6 years,50319.19595,,6.63288009,9,,Chennai,SMB,M,,No,,email,
CUST-01620,,47526.42747,,2.713351888,7,3.822942768,Chennai,SMB.,Male,,No,2025-07-08,Social,normal
CUST-00529,,99745.97924,667.4456715,11.09897692,10,2.435933897,Delhi,Enterprise,Male,0,No,2022-06-23,Website,VIP
CUST-00347,30.9067589,,,2.136886544,4,,Mumbai,Consumer,F,Y,No,2021-12-19,Social,ok
CUST-01388,,,,13.68789886,6,3.50324476,,Consumer,f,yes,,2024-11-14,???,ok
CUST-01961,39.97184791,113020.8466,628.3362759,2.476281878,8,5,Delhi,Consumer,M,Y,No,2026-06-21,google_ads,normal
CUST-01051,23.09893365,95112.03225,608.3148616,13.9953828,4,3.861418679,Hyderabad,,F,1,,2023-12-06,Unknown,late payment
CUST-01973,39.25628036,,589.6018197,12.83564522,4,2.245634725,Delhi,,,1,Yes,2026-07-03,Social,
CUST-01442,,56425.17526,572.4541542,7.772477555,8,3.628832666,Pune,,M,Y,Yes,2025-01-08,google_ads,late payment
CUST-00602,31.06953335,119528.8216,812.4231977,1.930357558,10,3.279998287,Chennai,Enterprise,Male,,No,2022-09-05,email,
CUST-01282,18,83936.89414,646.0541632,2.761420485,5,2.993325925,Hyderabad,,m,No,No,2024-07-29,google_ads,good
,20.39545706,92366.06753,767.8048841,4.524942987,3,4.358064996,Mumbai,Enterprise,f,N,No,2021-09-05,???,
CUST-01337,43.62263334,48018.19962,,3.378518009,9,2.797017774,,Consumer,Female,N,No,2024-09-23,referral,complaint!!!
CUST-01068,43.46028464,69876.04326,694.2805556,8.692331584,5,,Hyderabad,,,,No,2023-12-24,,normal
CUST-01476,thirty,76956.58032,,3.000969528,3,,Pune,Consumer,,1,No,2025-02-12,???,N/A
CUST-00313,58.92721431,116765.1594,,15.30540858,7,1.596644533,Hyderabad,UNKNOWN,Female,1,No,2021-11-14,email,good customer
CUST-00436,30.73999145,,561.170778,1.236916592,6,3.21113362,,Consumer,Male,Yes,No,2022-03-20,Google Ads,N/A
CUST-01899,32.60035542,38755.0224,682.4942422,,3,4.813954283,,Consumer,F,No,Yes,2026-04-19,Website,normal
CUST-01329,,,607.6000991,8.062278928,5,3.23550749,Delhi,SMB,F,Yes,No,,,follow-up needed
CUST-00309,44.9918629,111876.9007,577.3731115,6.841183883,5,3.334693744,Mumbai,,Male,0,No,2021-11-10,Email,normal
CUST-00431,25.51347273,23810.42676,726.5552231,,5,4.176317189,,SMB,f,no,No,2022-03-15,Website,
CUST-00661,18,"$31,588",,5.141746908,6,,Kolkata,Enterprise,F,yes,Yes,2022-11-04,,normal
CUST-00371,38.13711267,30023.17219,732.7823906,3.652314423,6,,Chennai,Consumer,f,N,Yes,2022-01-13,WEB,follow-up needed
CUST-00567,36.08422031,61440.72289,690.9553871,5.276341919,4,2.093651075,Pune,Consumer,,0,Yes,,,
CUST-00980,43.32575251,194834.0993,682.9902923,7.318294258,4,4.308116847,Mumbai,SMB,Male,Y,No,2023-09-25,Website,complaint!!!
CUST-00182,40.63259002,62569.02199,808.2249226,,4,4.546933963,Mumbai,Enterprise,F,yes,No,2021-07-04,Referral,normal
CUST-01363,,61921.19749,770.2807423,0.7088730143,,4.206757912,Hyderabad,SMB,m,No,No,2024-10-19,Social,N/A
CUST-00622,38.38529209,37774.44041,,3.680780502,3,,Chennai,Enterprise,M,,No,2022-09-25,Google Ads,complaint!!!
CUST-00819,41.27844827,83213.77318,640.9618663,19.78448217,4,4.586892287,Bengaluru,Enterprise,f,Yes,Yes,,website,good
CUST-01193,34.9201506,,797.5945106,,5,99999,Bengaluru,SMB,f,,No,2024-04-29,Google Ads,N/A
CUST-00953,43.73035205,46773.66684,,6.040451247,8,4.227455254,Mumbai,SMB.,Male,Y,Yes,29/08/2023,,
CUST-01422,,51619.47058,581.6734951,5.957116613,,4.781662842,Mumbai,Consumer,f,Y,No,2024-12-19,,ok
CUST-01841,30.95215085,25708.64178,,2.54532749,12,5,Mumbai,SMB,f,1,Yes,2026-02-18,referral,late payment
CUST-00923,39.43071033,27308.80969,607 pts,3.453945143,8,,Kolkata,Enterprise,m,Y,No,2023-07-29,email,
CUST-01074,18.88646888,"$84,034",211.9840922,7.659284801,4,1.864035395,Bengaluru,consumer,,N,Yes,2023-12-30,Social,good
CUST-00297,41.55192788,226380.6276,596.1304339,5.193326448,7,4.214174458,Pune,Consumer,f,,No,2021-10-29,Social,
CUST-00967,34.93001514,119436.1125,530.2340807,4.868519789,6,4.401085258,Pune,SMB,M,No,No,2023-09-12,Google Ads,normal
CUST-00462,27.99957433,26711.41335,579.0477826,2.487597957,8,3.217629803,Chennai,,M,1,No,,website,late payment
CUST-01303,45.37124526,"$92,205",636.1680738,3.907976923,8,3.652640642,Mumbai,SMB,Male,0,Yes,2024-08-19,,urgent
CUST-01177,28.8563065,88414.08771,,,,,Chennai,Consumer,Male,1,No,2024-04-13,???,urgent
CUST-00378,18,37444.92422,781.1019966,3.801849409,8,4.214952791,Hyderabad,Consumer,f,no,No,2022-01-20,,VIP
CUST-00799,50.31004211,75390.59586,618.3875973,6.119287641,8,4.885102597,Chennai,SMB,M,,No,2023-03-25,???,follow-up needed
CUST-01103,45.18016456,84519.54827,526.955627,6.731329396,4,,Pune,Enterprise,,,No,2024-01-28,Referral,
CUST-00106,35.53474931,,640.059139,3.588868494,5,3.630662503,Mumbai,UNKNOWN,Male,No,,,email,
CUST-00127,55.55963469,185104.7913,631 pts,2.835170114,9,4.718260833,Delhi,UNKNOWN,Male,,No,2021-05-09,???,ok
CUST-01996,42.70413125,37863.95824,,15.68172556,8,3.123745636,Mumbai,,,N,No,,Unknown,VIP
CUST-00839,60.04864011,106199.5533,722.2000153,6.08408663,,,,Consumer,f,N,No,2023-05-04,referral,VIP
CUST-00356,N/A,16523.60719,,,5,4.427190622,Delhi,Consumer,F,N,No,2021-12-28,WEB,
CUST-01617,73.0 years,105922.7096,669.0359012,,6,,Hyderabad,SMB,m,yes,No,2025-07-05,WEB,complaint!!!
CUST-00683,53.0207001,₹55k,599.4135312,2.99112111,8,,Bengaluru,,,0,No,,WEB,
CUST-00813,41.03461778,43643.4667,,5.495103696,9,3.551885465,Pune,consumer,F,,No,2023-04-08,Social,
CUST-01681,19.99196717,38824.18488,496.3726996,1.950428362,3,,Pune,Enterprise,,1,,,google_ads,ok
CUST-00210,33.99051871,43316.03748,533.976171,4.125957063,7,,Bengaluru,SMB.,Female,No,No,01/08/2021,WEB,follow-up needed
CUST-01493,30.52951817,47097.74958,816.5975795,,,3.863447269,Mumbai,Consumer,M,Yes,Yes,,Social,late payment
CUST-00141,,52201.03198,639.0429989,7.803363255,6,,Pune,Consumer,,yes,Yes,,website,late payment
CUST-01975,21.9157255,38082.20386,,0.9744886928,,3.75196397,Pune,,F,N,No,2026-07-05,google_ads,
CUST-01340,35.4 years,22463.90879,607.6484763,1.678745635,,2.62131851,Delhi,UNKNOWN,m,,No,2024-09-26,,normal
CUST-01798,,30779.36832,,3.373742222,,4.336524766,Kolkata,Enterprise,f,,No,2026-01-06,referral,good
CUST-01575,20.55680864,,770.1572752,8.511275819,2,,Kolkata,Consumer,f,0,No,2025-05-23,website,good
CUST-01182,48.25622876,,701.0701787,15.91200678,9,,Bengaluru,Enterprise,m,N,Yes,2024-04-18,,
CUST-01394,,"$30,921",,9.827207835,,2.60789858,,Consumer,M,1,Yes,2024-11-20,email,ok
CUST-01816,32.4544751,,610.3928295,3.706182299,8,3.693354408,Mumbai,SMB,Male,no,No,24/01/2026,WEB,
,46.41996378,81119.71831,597.3307848,1.076199635,5,4.346306015,Delhi,consumer,f,1,Yes,2022-12-26,Email,
CUST-01794,,81821.83382,702.3678441,,7,3.837224694,Bengaluru,Consumer,M,,Yes,2026-01-02,Website,???
CUST-00893,33.09933647,52228.31807,766.9980518,4.317182033,,3.524433033,Chennai,Consumer,F,Yes,,,email,
CUST-00860,,33715.19095,834.2665907,,,,Bengaluru,consumer,m,yes,No,,,???
CUST-00011,,,753.9258892,,,4.124049493,Kolkata,Consumer,m,yes,No,2021-01-11,google_ads,
CUST-01695,23.01128035,111371.2546,804.6960391,3.336152043,6,4.476192385,Hyderabad,Consumer,f,1,No,2025-09-23,Website,good customer
CUST-01428,49.05380896,73415.56504,612.7168678,10.25627121,4,3.656811202,Bengaluru,consumer,Female,no,Yes,2024-12-25,Email,good
CUST-00283,,100992.9239,718.6108303,6.006296629,4,4.664121184,Delhi,Consumer,,No,,2021-10-15,google_ads,
CUST-00811,35.57500106,,,4.372630521,8,4.268439282,Pune,UNKNOWN,F,,No,2023-04-06,website,complaint!!!
CUST-01342,43.13355678,83729.89718,580.8947139,4.213062824,7,3.665960314,,SMB,Female,yes,No,2024-09-28,,???
CUST-00292,39.83075015,103043.1268,643.442865,,6,2.096716498,Delhi,Consumer,M,0,No,2021-10-24,???,N/A
CUST-00755,59.42202082,99562.78865,587.8905583,3.993414903,4,,,,F,no,Yes,2023-02-08,,complaint!!!
CUST-00627,33.06034013,115760.5291,784.6839333,4.060960781,8,,Bengaluru,,F,0,Yes,30/09/2022,,VIP
CUST-00944,52.4036751,46803.66375,612.4510398,6.423931414,6,3.081109785,Delhi,Consumer,M,0,No,2023-08-19,Website,normal
CUST-00862,20.69241037,77898.81673,776 pts,9.051319942,9,,Chennai,Consumer,M,Yes,No,2023-05-28,Social,good
CUST-00130,N/A,98986.88061,,2.453783208,7,2.863087873,,Consumer,Female,No,No,,Unknown,
CUST-01176,18.79752981,20876.49767,499.9040844,3.881312174,9,,Hyderabad,SMB,Female,Y,No,2024-04-12,,
CUST-00324,47.01042786,55355.56604,580.2503257,1.689014232,5,4.708629383,Delhi,,M,1,No,2021-11-26,,urgent
CUST-01091,,108670.6068,526.9798362,4.442236981,7,,Hyderabad,SMB,F,No,No,2024-01-16,referral,
CUST-00844,36.8804162,82255.5243,685.1767719,3.015505727,7,4.937950125,Bengaluru,Consumer,Female,,,2023-05-10,Google Ads,VIP
CUST-00964,36.68327058,36685.55098,682.3538655,12.70508041,6,3.180811052,Kolkata,Consumer,F,Y,No,2023-09-09,Google Ads,urgent
CUST-01865,,21405.89024,,4.240749546,32,4.603457755,Chennai,SMB,Male,Y,No,2026-03-15,Unknown,
CUST-00866,,27543.67217,780.1683408,1.178004183,6,2.103445577,Hyderabad,Consumer,F,0,No,2023-06-01,google_ads,late payment
CUST-00922,27.59593692,,649.8757028,8.801474708,5,3.139895086,Pune,,Male,Y,No,2023-07-28,,
CUST-00696,,,525.0454129,3.666584425,3,2.788109783,Pune,Consumer,Female,,Yes,2022-12-10,email,N/A
CUST-00216,50.0330939,55422.03179,537 pts,5.274159223,1,,Hyderabad,SMB,F,1,No,,,complaint!!!
CUST-01781,47.71033678,67602.34524,,6.134923201,4,4.074873134,Pune,Consumer,F,Yes,No,not_a_date,Google Ads,ok
CUST-01262,,30163.50969,six hundred,6.226204178,5,4.9533239,Chennai,consumer,m,,Yes,2024-07-08,,???
CUST-00159,32.00845282,79834.0295,,4.816655566,5,2.977438068,Bengaluru,consumer,Male,0,No,2021-06-11,WEB,good customer
CUST-01059,,"$38,009",744.5821431,5.797394272,4,4.867154409,Pune,Consumer,m,N,No,2023-12-15,google_ads,
CUST-00989,34.36856289,62142.10093,778.3215926,12.50922833,6,3.932133932,Kolkata,Consumer,Female,no,Yes,,website,
CUST-00842,38.42691772,100501.084,,,4,2.581540051,Pune,SMB,M,no,Yes,2023-05-07,referral,complaint!!!
CUST-00635,34.27419229,102971.1033,583 pts,7.895188771,8,1.955176063,Bengaluru,UNKNOWN,Female,Yes,No,2022-10-09,Google Ads,???
CUST-00517,46.01991222,55333.23796,567.3868575,8.381164487,6,4.093638529,Hyderabad,,Male,N,Yes,not_a_date,Google Ads,ok
CUST-01429,45.85591434,154432.6759,,,7,3.32358586,Hyderabad,Consumer,Male,yes,Yes,2024-12-26,,
CUST-01748,41.76582824,90227.3865,715.0915624,1.854812802,,,Chennai,SMB,f,Y,,2025-11-16,Unknown,good customer
CUST-00598,47.75121545,64400.62257,600 pts,4.463670911,3,3.521245414,,SMB,,,Yes,2022-09-01,google_ads,???
CUST-00196,27.3 years,19813.46631,,3.764226645,,,,SMB,m,yes,No,2021-07-18,Email,good
CUST-01784,26.19900826,115671.9237,740.2618882,1.247886997,5,3.733674558,Mumbai,Consumer,F,Yes,Yes,,Unknown,urgent
CUST-00870,,75344.16748,639 pts,4.724115371,,2.832104211,Hyderabad,Consumer,M,,Yes,not_a_date,???,ok
CUST-00411,20.21377523,33507.33832,623 pts,15.20000609,6,5,Pune,Consumer,Male,No,No,2022-02-22,,N/A
CUST-00097,22.12760465,88791.03689,635.7050555,8.074732774,13,4.473023419,Chennai,,,,,2021-04-08,Unknown,VIP
CUST-01001,37.28860825,109321.7827,850,4.136953151,1,4.044364898,Bengaluru,Enterprise,F,,No,2023-10-17,Referral,ok
CUST-01506,,136155.1268,678.046228,2.520013503,3,3.974011376,Mumbai,SMB,M,1,No,2025-03-14,website,normal
CUST-00157,39.56329426,66037.71099,793 pts,,7,2.294262039,,consumer,Male,N,No,2021-06-08,email,complaint!!!
CUST-00420,54.24303067,15293.50605,,7.764432024,2,3.683426382,Pune,UNKNOWN,M,Yes,No,2022-03-03,Unknown,good customer
CUST-01803,34.3 years,48714.28653,,4.642458344,,3.068792991,Bengaluru,SMB,m,,No,2026-01-11,,N/A
CUST-00478,24.3 years,"$61,792",667.4826938,3.820516294,7,3.328893136,Chennai,SMB,F,yes,Yes,,email,normal
CUST-01856,,19641.55861,663.6041509,2.208055275,4,4.772121352,Hyderabad,Consumer,Female,yes,No,2026-03-06,website,normal
CUST-00669,31.72737565,54401.25733,,2.768143845,,3.096325804,Bengaluru,Enterprise,f,Y,Yes,2022-11-12,,late payment
CUST-01418,49.9458834,92458.68656,,3.431374864,8,2.049260992,Hyderabad,,Female,yes,No,,Referral,good customer
CUST-01872,31.25832148,31274.84297,556.178689,3.933929335,6,2.891223953,Bengaluru,,Female,,Yes,,website,
CUST-01300,,59780.56588,593.3792725,6.101599323,,,Kolkata,,m,,Yes,2024-08-16,WEB,good customer
CUST-00448,34.02214193,,,,3,,,Enterprise,Male,Y,Yes,2022-04-01,WEB,complaint!!!
CUST-00554,,17471.4413,,6.631141093,9,,Pune,Enterprise,m,yes,Yes,2022-07-18,email,good
,36.57634009,76629.87047,699.109735,4.977078318,6,2.700057137,Mumbai,consumer,M,N,Yes,2021-07-01,referral,good
CUST-00391,18,18706.4448,215.3448394,2.037745588,5,3.816982042,Bengaluru,Consumer,F,N,No,02/02/2022,Unknown,normal
CUST-00579,34.96979199,,542.6177568,0.9568835544,4,3.995038791,Pune,Enterprise,F,1,No,2022-08-12,,good
CUST-01478,20.51434504,"$48,656",646.1629944,,16,3.762627508,,,Male,yes,No,2025-02-14,referral,???
CUST-01707,32.6 years,"$49,855",725.7753499,,5,4.497891053,Delhi,Consumer,Female,Yes,Yes,2025-10-05,WEB,N/A
CUST-01288,37.72119547,,,9.912644909,5,,Mumbai,SMB,Female,Yes,No,2024-08-04,,normal
CUST-01645,20.09472997,47306.0273,699.273815,4.814275234,10,3.552306426,Hyderabad,Consumer,Male,Yes,No,2025-08-03,???,N/A
CUST-01024,45.39361602,36166.21599,685.5907937,3.706564259,5,,Bengaluru,SMB,f,no,No,2023-11-09,,
CUST-00821,32.22510651,"$23,569",547.7783522,,6,3.590820703,Bengaluru,SMB,M,Yes,No,2023-04-16,google_ads,urgent
CUST-01825,27.44429087,45894.88466,615.0992712,11.11166342,4,3.309347156,Bengaluru,Consumer,Male,1,No,2026-02-02,Social,
CUST-00985,unknown,26591.26945,551.2641465,,8,2.850052472,Hyderabad,,f,no,Yes,30/09/2023,,normal
CUST-01339,,30383.71373,590.5471821,4.102902855,7,3.76831734,Kolkata,,m,N,No,2024-09-25,,
CUST-00665,37.02094676,43594.22314,653.2582375,4.576972053,9,,Hyderabad,SMB,,N,No,2022-11-08,,N/A
CUST-00143,,243355.9032,628.0625048,11.31989245,,4.216424684,Chennai,Enterprise,,,Yes,2021-05-25,,
CUST-01517,29.4 years,70308.08132,616.7377616,11.84020209,7,4.660308455,Bengaluru,Enterprise,F,N,No,2025-03-25,Unknown,
CUST-01430,46.94598688,85047.69882,,4.607051969,3,,Mumbai,,Male,no,No,2024-12-27,referral,
CUST-00865,74.19481506,,,,24,4.408043498,,Consumer,,1,No,2023-05-31,,N/A
CUST-00422,27.95122131,47130.94609,654.1724069,10.56879163,4,4.324808107,,Consumer,F,Yes,No,2022-03-06,Social,???
CUST-00637,35.72091391,45890.95396,805.8490935,1.206751122,6,-999,Delhi,Enterprise,f,no,No,11/10/2022,Unknown,N/A
CUST-01407,41.0708822,81259.45725,,9.4780134,2,3.638678383,Hyderabad,SMB,m,1,No,2024-12-03,,
CUST-00800,38.46695848,"$38,605",751.9981943,11.90735378,,3.854590259,Bengaluru,Consumer,m,No,Yes,2023-03-26,email,good
CUST-01404,32.10013262,98086.85469,786.6442021,3.219102706,6,3.343316857,Bengaluru,Consumer,f,Yes,No,2024-11-30,,
CUST-00616,22.6083842,"$37,860",743.4711918,10.06258003,11,3.834857534,Delhi,consumer,M,0,No,2022-09-19,Google Ads,
CUST-00295,35.15779683,,610 pts,3.219331311,4,4.619070544,Kolkata,Enterprise,m,Yes,No,2021-10-27,Referral,N/A
CUST-00924,31.14260937,38585.72983,623.4827747,1.810411084,7,4.656170633,Mumbai,SMB,Female,No,No,,website,???
CUST-01269,45.80298807,46300.83187,688.9390537,8.564163792,6,3.45814467,Hyderabad,SMB,f,,No,2024-07-16,Website,
CUST-01903,45.23524333,23808.92138,760.9839434,6.137846276,7,4.249115538,,,Female,Y,Yes,2026-04-23,,follow-up needed
CUST-00089,43.76895991,38907.76009,,3.130149045,8,3.733374987,Pune,SMB,,Y,No,31/03/2021,???,
CUST-00042,44.51785122,79071.60274,389.2704747,4.937681382,6,3.088669215,Bengaluru,Consumer,Female,1,Yes,11/02/2021,Social,normal
CUST-01802,43.30945526,36434.67358,615.4824986,1.214114799,4,,Chennai,SMB,m,yes,No,,email,
CUST-01934,53.5 years,,632.0996717,-999,3,3.911121938,Hyderabad,Enterprise,Female,N,Yes,,,N/A
CUST-00132,21.47976623,1591750.356,,11.96498439,3,,,SMB.,Male,Y,Yes,,,late payment
CUST-01002,29.24855676,80283.48127,694 pts,5.312452943,4,3.925680177,Kolkata,SMB,Male,1,No,2023-10-18,website,good customer
CUST-01158,55.67544287,"$47,580",,3.899996076,5,4.833309616,Bengaluru,consumer,m,Y,Yes,2024-03-24,Google Ads,good customer
CUST-01095,30.1 years,,645.7234725,2.504729266,5,4.286718669,Kolkata,SMB,Female,,No,2024-01-20,website,good
CUST-01855,,57839.5459,669.2906968,1.715735921,6,4.646703466,Pune,Consumer,,1,No,,website,late payment
CUST-01345,25.61123577,"$24,527",594.9845717,1.35577522,8,,Hyderabad,SMB,m,N,No,2024-10-01,Google Ads,normal
CUST-01499,,48426.02842,814.3164278,3.086042385,11,3.739470433,Bengaluru,,F,Y,No,,???,
CUST-00165,48.06187044,76713.64104,612.9603475,2.149771735,5,,Mumbai,Enterprise,Female,no,No,2021-06-17,Email,
CUST-00725,N/A,39860.06754,543.2716793,1.852310788,5,,Kolkata,Consumer,Male,,Yes,2023-01-08,Referral,late payment
CUST-00291,34.97627146,70315.83474,571.3437035,4.324965685,6,4.150156305,Hyderabad,Enterprise,F,Yes,No,2021-10-23,WEB,
CUST-01209,65.37959453,96430.1331,,3.866686413,5,2.909648432,,Consumer,Female,N,No,2024-05-15,???,
CUST-01589,26.18006087,35428.67792,647.3640972,4.395803147,8,3.944756347,Bengaluru,Consumer,M,N,Yes,2025-06-07,Social,???
CUST-01897,19.38776705,,672.5224078,1.656422358,9,4.495636459,Pune,Enterprise,M,Y,No,2026-04-17,Referral,good customer
CUST-01642,44.03658402,137408.7441,534.1083797,3.85396388,9,,Hyderabad,SMB,,No,Yes,,WEB,complaint!!!
CUST-01362,48.99573729,15875.31763,,3.325949956,6,,,Consumer,m,yes,,2024-10-18,Website,urgent
CUST-00779,38.72463114,71048.05016,406.1243231,5.134281934,5,3.743458313,Chennai,SMB,,Y,No,2023-03-04,Email,ok
CUST-00840,84.92182325,57328.78961,766.592153,3.820740532,6,3.895401444,Pune,Consumer,Male,0,No,2023-05-05,,complaint!!!
CUST-00349,19.02086721,125643.5932,535.9155258,2.845207216,,4.147418165,Hyderabad,SMB,f,,No,2021-12-21,,urgent
CUST-01945,33.44388235,108604.298,609.3833896,2.909518461,6,4.437369562,Bengaluru,SMB,,Y,No,2026-06-04,WEB,ok
CUST-00572,37.2 years,"$78,202",487.7539805,2.142908593,6,3.463652793,Hyderabad,SMB,f,No,No,2022-08-05,google_ads,
CUST-00918,44.35296089,150559.4532,730.4621963,6.330226412,6,2.794928784,,,m,0,No,2023-07-24,???,normal
CUST-00977,51.25615058,35730.01191,667.4722639,,5,,Chennai,Consumer,F,,No,2023-09-22,website,good
CUST-01914,18,,604.4672863,16.3161923,4,3.039049593,,Consumer,M,Yes,No,2026-05-04,google_ads,
CUST-01469,20.87436317,120172.1083,752.0795327,2.529094268,3,3.962615915,Bengaluru,Consumer,,Yes,No,2025-02-04,website,
CUST-01592,,,793.5103557,4.309029781,6,4.449409837,,,M,No,No,,website,late payment
CUST-01318,42.51253244,38047.51913,522.6132883,,4,3.676431636,Mumbai,SMB,Male,,No,2024-09-04,,
CUST-01845,22.276439,,648.4971248,,8,4.559456232,Mumbai,SMB.,Male,1,No,,WEB,follow-up needed
CUST-00137,41.76216617,,745.2722948,9.844522811,,2.785875314,Delhi,SMB,F,,No,not_a_date,website,
CUST-00459,41.99684447,,627.3035548,16.19095785,,2.912070493,Delhi,,F,,No,2022-04-12,referral,
CUST-00376,65.9318372,14378.67037,473.6043125,2.474741126,5,3.577888869,Hyderabad,Consumer,,Yes,No,,email,complaint!!!
CUST-01343,43.26789235,,651 pts,6.800234187,5,3.952910713,Hyderabad,,m,,No,29/09/2024,,urgent
CUST-00334,25.8353916,"$53,993",,3.297445051,12,3.55227825,Pune,Enterprise,F,Yes,No,2021-12-06,Referral,N/A
CUST-01160,20.98778996,37461.41172,799.4866749,,8,4.481798062,Mumbai,SMB,Male,no,No,27/03/2024,Email,N/A
CUST-01761,,,540.2248996,1.185430856,,3.781169774,Bengaluru,SMB.,m,yes,No,2025-11-29,Google Ads,normal
CUST-01458,39.08891077,32739.92322,,1.9660865,1,4.289165072,Kolkata,consumer,Female,N,No,2025-01-24,Unknown,complaint!!!
CUST-00817,33.17608904,,240.7298976,4.309965824,7,4.207380788,,Consumer,f,0,No,,Email,
CUST-01115,39.22437557,"$64,415",576.0608204,4.638144085,7,2.891642366,Delhi,SMB,,Yes,No,2024-02-10,Email,N/A
CUST-01006,42.08251972,42646.55189,,5.395577804,11,4.853972823,Chennai,Enterprise,,0,No,2023-10-22,WEB,N/A
CUST-01857,35.97617896,29232.92304,,9.150483947,3,3.846094622,Hyderabad,consumer,F,1,No,2026-03-07,,ok
CUST-01955,,55790.98781,,3.217097079,7,2.908932542,Pune,Consumer,m,1,No,2026-06-15,Website,N/A
CUST-01851,30.30148735,,618.8339324,7.273599222,6,,Kolkata,,Female,,No,,Referral,follow-up needed
CUST-00911,28.97892983,,636 pts,3.683233951,,99999,Pune,,Male,0,Yes,2023-07-17,Website,late payment
CUST-01930,46.8 years,36298.84018,671.160233,3.540939737,,,Delhi,SMB.,f,Yes,No,2026-05-20,Google Ads,good
CUST-01126,,74699.42177,658.324317,1.94572368,9,2.642727017,Hyderabad,Enterprise,,No,,2024-02-21,google_ads,complaint!!!
CUST-00329,23.93591369,60373.11044,797 pts,4.602128564,7,2.913832658,Hyderabad,Consumer,m,Y,No,2021-12-01,Unknown,ok
CUST-01248,18,,707 pts,7.313361467,,,Mumbai,,m,1,No,2024-06-24,,
CUST-00319,49.87500722,187963.0913,710.7249855,,,2.752246942,Bengaluru,,M,Y,No,2021-11-21,website,normal
CUST-01690,48.4766792,115575.8141,597.0584335,2.268229113,6,3.44826251,,SMB,,No,Yes,2025-09-18,,complaint!!!
CUST-01359,33.07592032,31392.27067,590.3646365,10.02856268,8,3.400842566,,Consumer,f,Y,Yes,2024-10-15,email,ok
CUST-01733,35.42749868,263023.9526,605.4196548,4.159391479,5,3.26798064,,UNKNOWN,Male,No,No,2025-10-31,Website,???
CUST-00168,42.61941159,,620.631789,14.17272316,3,,Delhi,SMB,Male,1,Yes,2021-06-20,google_ads,good customer
CUST-00013,,79017.68892,753.4282824,,2,,Bengaluru,,Male,N,No,2021-01-13,referral,VIP
CUST-01927,31.00261913,84934.0215,708.0288473,4.712592565,3,3.796921585,Delhi,Enterprise,f,Yes,,2026-05-17,email,N/A
CUST-00172,43.4 years,30406.68237,588.5980583,4.766560093,9,4.318146151,,Consumer,F,No,No,2021-06-24,Website,good customer
CUST-00650,33.31443261,not available,542 pts,,8,3.055075093,,consumer,,1,,2022-10-24,Website,good customer
CUST-01062,55.44860218,,731.4256235,3.793092766,3,3.936258459,Delhi,,Male,0,No,2023-12-18,Unknown,
CUST-00261,35.14191507,14877.10442,673.3252886,,5,4.019472957,Pune,,m,1,No,2021-09-22,Social,good
CUST-01367,24.47614508,55915.2293,633 pts,9.578324101,6,5,Hyderabad,Consumer,Male,,,2024-10-23,,
CUST-01549,44.61430074,36192.70486,,,5,3.108226248,Bengaluru,consumer,F,N,,2025-04-27,email,good customer
CUST-00902,39.2306382,25374.8326,739.937333,,4,2.879765213,Mumbai,Consumer,Male,1,No,2023-07-08,,good customer
CUST-00673,29.43350211,42602.97002,620.6148023,6.119819305,6,3.621786313,Hyderabad,consumer,m,Yes,No,2022-11-16,Email,
CUST-00259,36.39412443,"$99,869",661.6969663,4.111820183,9,4.572594383,Bengaluru,,m,N,No,2021-09-20,,
CUST-00845,39.57269391,38160.86506,782.3516365,4.763843967,,,,SMB,,yes,No,2023-05-11,,urgent
CUST-00868,,,481.0775621,9.177056694,4,4.165513966,Bengaluru,,f,Y,,2023-06-03,,complaint!!!
CUST-01800,32.68385416,,681 pts,1.859320023,5,4.116362645,Bengaluru,SMB,Female,,No,2026-01-08,Google Ads,
CUST-00139,61.9607707,65551.45088,738.1936199,6.148401548,6,2.762951867,Mumbai,UNKNOWN,M,yes,No,2021-05-21,Social,N/A
CUST-00894,38.46297348,,640.062029,10.10416052,7,4.878369804,Hyderabad,Consumer,,Y,No,2023-06-29,,normal
CUST-01838,34.9 years,50978.66918,495.1268157,2.888624171,7,,Mumbai,Consumer,Male,No,No,2026-02-15,Website,good customer
CUST-00550,45.95199164,72400.74885,,2.06411838,4,4.061881636,,Consumer,F,1,Yes,2022-07-14,???,good
CUST-00320,,47399.65106,599.1330775,6.123609134,8,,Chennai,,,1,No,,,ok
CUST-01527,52.38223804,"$543,686",,5.16537943,8,3.161141202,,SMB,f,no,No,2025-04-05,Referral,
CUST-01806,18,12981.20457,589.484554,4.607867504,2,4.210912036,Mumbai,SMB,Female,1,No,2026-01-14,email,
CUST-01178,39.78352514,60627.53069,744 pts,2.045260284,,3.697526718,Pune,SMB,m,,No,14/04/2024,,complaint!!!
CUST-00559,23.06633855,121096.3589,669.1129875,4.792658846,10,3.936580546,Chennai,Consumer,M,yes,No,2022-07-23,website,urgent
CUST-00140,72.96634959,,534.1594559,6.144812767,3,,Chennai,,,,No,2021-05-22,Google Ads,complaint!!!
CUST-01735,79.50467774,57190.06982,737.2132291,1.065190752,8,2.537617653,Delhi,consumer,Male,,No,,Website,
CUST-00532,26.70653485,"$74,109",,6.24994268,8,,Bengaluru,Consumer,m,Yes,No,2022-06-26,,VIP
CUST-00225,39.08587738,,659.4376939,1.977277083,7,1.802322585,Bengaluru,consumer,f,no,No,2021-08-17,Referral,normal
CUST-00724,20.04033572,60711.84746,679 pts,,6,5,Delhi,SMB,M,1,No,2023-01-07,email,
CUST-00787,38.53054854,55327.73567,786.7896568,5.5594229,10,4.197410956,Pune,Consumer,f,Yes,No,,,
CUST-01718,31.7 years,70249.36855,465.5862983,,8,4.129794995,Bengaluru,SMB,Male,Yes,No,2025-10-16,google_ads,
CUST-01008,33.50190245,98544.98534,616.6248606,8.283797273,7,5,Hyderabad,Consumer,f,yes,No,2023-10-24,???,urgent
CUST-00410,22.44233206,40963.85142,708.9819591,3.259997572,8,3.209672388,Bengaluru,SMB,M,Y,No,2022-02-21,Referral,follow-up needed
CUST-00326,46.76929629,73077.44254,543.0458864,1.932059215,5,4.274671632,Delhi,,Male,1,No,2021-11-28,website,ok
CUST-01766,,104657.5493,751.7430059,13.34309622,7,2.732855029,Delhi,Enterprise,Male,No,No,2025-12-04,Social,late payment
CUST-00300,41.9359458,46477.47137,524.2717896,0.9276929833,7,3.396302326,Hyderabad,Consumer,F,N,Yes,01/11/2021,Unknown,urgent
,47.54933612,,,0.6937098414,4,3.659781244,,Enterprise,,,No,2024-07-09,Referral,late payment
CUST-01946,18,53490.82343,635.1071102,2.578278578,12,3.489038308,,Consumer,m,Yes,Yes,2026-06-05,,ok
CUST-00026,33.8 years,,697.4179927,8.41148749,,,Hyderabad,UNKNOWN,M,0,Yes,2021-01-26,Google Ads,
CUST-01859,,43940.56558,six hundred,1.72510919,9,2.152766939,Kolkata,SMB,,no,No,,Referral,N/A
CUST-00715,,50884.67086,655.0410464,3.067360784,7,4.19988352,Chennai,Consumer,,,No,2022-12-29,Email,
CUST-01010,42.54611124,82609.96773,783.4060819,,7,,Bengaluru,,f,Y,No,2023-10-26,email,
CUST-00194,55.53733151,56124.71172,557.0046895,6.483603317,3,,Hyderabad,Consumer,F,1,No,2021-07-16,,normal
CUST-00441,35.72906791,57162.34758,719.0704288,,4,1.922056103,Hyderabad,UNKNOWN,Female,N,No,2022-03-25,Unknown,
CUST-00574,27.20366256,not available,,3.055760958,10,,Mumbai,,,0,Yes,07/08/2022,website,good
CUST-00947,42.03009508,,,,0,4.542787541,Delhi,SMB,f,no,No,2023-08-22,google_ads,late payment
CUST-00998,unknown,198223.8117,659.0703556,,3,3.791329602,Bengaluru,,Male,Y,No,2023-10-13,Referral,???
CUST-00504,20.0 years,71792.68401,,6.289647697,7,,Kolkata,Consumer,f,Yes,No,2022-05-28,,good
CUST-00606,44.49357933,33572.6602,846.9134297,1.699498549,3,3.584979338,Kolkata,,Male,No,No,2022-09-09,???,good customer
CUST-01717,30.99583572,,576.037379,9.240951136,5,4.953992375,Chennai,consumer,Male,Yes,No,2025-10-15,referral,ok
CUST-01164,,79795.82531,751.9486075,,4,3.87708153,Pune,Enterprise,Male,0,,2024-03-31,referral,ok
CUST-01787,51.31003774,"$45,886",,7.217735752,7,,Kolkata,Enterprise,,N,Yes,,,late payment
CUST-00847,75,40249.03412,691.6654109,1.000286529,3,2.868122651,,Enterprise,f,no,Yes,2023-05-13,Email,good
CUST-00004,49.2867766,63171.49138,633.2255817,,7,3.496871989,Chennai,SMB,M,Y,,2021-01-04,website,???
CUST-01287,22.08324676,26048.25293,667.9842227,10.43791814,4,2.18584753,Bengaluru,Enterprise,m,yes,No,2024-08-03,Unknown,urgent
CUST-01223,42.9 years,22054.25336,576.4419468,,9,1.982957881,Kolkata,Enterprise,f,No,No,2024-05-30,email,VIP
CUST-00468,61.24677395,113830.5077,676.8041998,,6,3.290627287,Bengaluru,Enterprise,M,1,No,2022-04-21,Referral,
CUST-00322,35.71218731,109849.5397,630.3079037,1.95219193,4,2.990150904,Bengaluru,Consumer,m,No,No,2021-11-24,Unknown,VIP
CUST-00006,22.37384592,101983.0094,bad,6.013934306,6,2.944502745,Chennai,Enterprise,F,Yes,No,2021-01-06,,good customer
CUST-00223,40.1188803,57663.80035,,2.090734339,6,4.567706181,Kolkata,,Female,0,No,2021-08-15,referral,complaint!!!
CUST-01375,37.70843139,54750.10295,,,4,,Delhi,Enterprise,m,,No,2024-11-01,Google Ads,
CUST-00548,25.9 years,167115.4715,622.5058201,5.015594755,6,4.752040842,Mumbai,Consumer,Male,Y,No,2022-07-12,google_ads,normal
CUST-00229,27.76107979,183013.1955,,3.873164946,3,3.698807741,Chennai,Consumer,m,Y,,2021-08-21,WEB,complaint!!!
CUST-00040,45.80711345,64673.99888,,3.441534355,1,3.61329165,Pune,,Female,Y,No,2021-02-09,email,urgent
CUST-00543,40.97199081,46110.2827,846.3238214,14.7306701,11,4.733386552,Hyderabad,Consumer,Female,,No,,,follow-up needed
CUST-00243,18,,547.686072,6.126695288,6,,Hyderabad,Consumer,Male,0,No,2021-09-04,email,normal
,,34219.41505,,3.779120727,4,3.529210905,Hyderabad,,M,N,No,2023-07-05,Google Ads,ok
CUST-01134,54.6 years,39030.82837,195.7076003,5.45704119,7,4.630168392,Hyderabad,UNKNOWN,M,no,No,not_a_date,Unknown,
CUST-01449,34.32121254,40905.66994,762.5323842,8.952130467,,2.672156461,Hyderabad,Consumer,m,no,No,2025-01-15,,
CUST-01869,33.55066197,65405.53285,606.0833429,,4,,Kolkata,Consumer,M,,No,2026-03-19,Social,good customer
CUST-00843,59.04429232,"$75,683",151.0397903,2.787810777,,3.348861255,Kolkata,,Female,yes,No,2023-05-09,Social,???
CUST-01419,49.65366808,"$59,291",717.4063548,3.904259087,,4.568425199,Mumbai,Enterprise,Male,no,Yes,2024-12-15,,???
CUST-01654,33.37244022,,619.6441693,2.905560034,9,3.250114464,Mumbai,Enterprise,F,,Yes,,google_ads,
CUST-01970,47.55852837,,636.6614522,1.266172699,10,3.886222779,Pune,Consumer,F,1,Yes,2026-06-30,???,ok
CUST-00662,37.78924608,37423.0554,628.3550937,10.96926877,5,3.50986864,Delhi,consumer,M,no,No,,email,
CUST-01211,??,56260.71557,838.4137988,8.479002687,4,2.829188114,,Consumer,Female,0,No,18/05/2024,Email,good
CUST-00315,47.93585812,72254.85881,697.5698135,12.9355488,,5,Bengaluru,SMB,F,,No,2021-11-16,Email,
CUST-00692,35.050862,31178.08519,,13.78239629,,4.180541627,,SMB,M,Y,Yes,2022-12-06,referral,follow-up needed
CUST-01504,41.96347935,28575.99758,647.063568,1.244212029,,3.360653966,Chennai,Enterprise,,N,No,2025-03-12,???,normal
CUST-00425,27.3 years,,758.1557028,1.039093144,6,4.250305071,Hyderabad,Consumer,m,Yes,No,2022-03-09,Unknown,good
CUST-00595,22.62716952,22710.58213,624.4083365,16.26457035,9,4.713854366,Hyderabad,consumer,M,Yes,Yes,2022-08-29,Google Ads,complaint!!!
CUST-01964,35.1664389,42820.57244,619.4016109,2.594159742,3,3.94310525,Chennai,Consumer,Male,yes,No,2026-06-24,Social,complaint!!!
CUST-00623,41.22696137,128108.7918,543.3772279,1.074656388,8,4.673277368,,SMB,Male,Y,No,2022-09-26,,complaint!!!
CUST-01171,,,671.0297369,11.51142322,6,3.604186897,Pune,,M,No,No,2024-04-07,Website,ok
CUST-01044,39.22311065,"$41,955",687.7388638,4.943497815,7,4.411709661,Delhi,SMB,Female,Yes,,2023-11-29,,late payment
CUST-00228,60.52213534,75636.44695,672.321216,,10,4.367688798,Pune,,M,yes,No,2021-08-20,,complaint!!!
CUST-01118,33.6647549,50554.71207,592 pts,4.737067834,9,,Hyderabad,UNKNOWN,Male,Yes,No,2024-02-13,,complaint!!!
CUST-01332,25.1 years,53960.89393,656.751028,3.420859682,8,3.863936839,Hyderabad,SMB,Female,0,No,2024-09-18,Google Ads,ok
CUST-01316,,88417.16204,721.762849,2.643169243,7,2.979559667,Kolkata,Consumer,F,,No,2024-09-01,Unknown,late payment
CUST-00067,33.81529913,93488.27809,713.7671649,5.966215131,3,4.911234373,Delhi,Consumer,f,0,,not_a_date,,good
CUST-00025,,,661.8761571,4.087785783,2,3.189077822,Bengaluru,,f,no,,2021-01-25,,follow-up needed
CUST-00145,28.24470686,"$37,026",707.0941689,3.400720017,4,3.510640554,Pune,Consumer,Female,yes,No,2021-05-27,,ok
CUST-00537,,,571.7741682,1.923503659,13,3.216179211,Pune,Consumer,Female,1,No,2022-07-01,Social,complaint!!!
CUST-00812,31.1 years,,,3.966555373,5,4.725906145,Pune,Consumer,,Yes,Yes,2023-04-07,Google Ads,good
CUST-01467,22.56327998,116359.5795,556.5536345,4.564323159,4,3.155286154,Mumbai,Enterprise,f,No,Yes,2025-02-02,,
CUST-00086,43.84366977,84328.78895,759.3503617,6.607004493,6,5,Mumbai,Enterprise,Male,no,No,2021-03-28,Social,good customer
CUST-01661,66.6 years,55452.14611,,,4,,Pune,Consumer,F,no,No,2025-08-19,???,N/A
CUST-01646,38.64149495,24405.63188,795.5218279,6.782258596,7,3.728095487,Hyderabad,,f,Yes,No,2025-08-04,Unknown,follow-up needed
CUST-01805,39.10824846,,501.8905799,1.710140897,4,4.453868179,Bengaluru,SMB,Male,1,,,Google Ads,N/A
CUST-01818,,60835.37241,573.9351026,3.206990159,8,,Chennai,Consumer,M,N,No,26/01/2026,Social,urgent
CUST-01577,38.35308291,66296.43712,552.7210025,6.880952138,,,Delhi,,Female,,No,,Website,ok
CUST-01145,38.17433458,44192.51066,672 pts,7.695226828,8,,Chennai,Consumer,f,Yes,No,,Google Ads,
CUST-00363,49.99789096,45312.70315,602.6426529,6.280065531,,4.990799062,,SMB,f,0,No,2022-01-04,Social,urgent
CUST-01612,35.0 years,,705.7868582,3.509496749,5,2.935446785,Hyderabad,,F,yes,,2025-06-30,Referral,good customer
CUST-01866,39.88679412,30157.33981,579.1013264,2.075979321,10,,Delhi,SMB,F,no,No,2026-03-16,,???
CUST-01027,18,,850,1.416175348,7,2.0993378,Chennai,,,No,Yes,12/11/2023,Unknown,follow-up needed
CUST-01031,52.3 years,,,2.58518792,8,4.222548557,Pune,Consumer,,No,No,2023-11-16,referral,good
CUST-01304,47.04626084,94078.3229,612.8666165,2.000952351,8,,Bengaluru,SMB,,0,No,2024-08-20,google_ads,urgent
CUST-01356,43.59413195,12431.4986,618.0079999,1.984516723,4,4.408123834,Bengaluru,Consumer,Female,,Yes,2024-10-12,WEB,ok
CUST-01731,,36696.06727,,,3,3.431798783,Bengaluru,SMB.,m,Yes,Yes,2025-10-29,???,???
CUST-00666,18,58713.59387,,7.769023418,5,5,Kolkata,,M,,No,2022-11-09,WEB,
CUST-00365,36.5 years,221380.0168,,2.94383915,7,3.846132874,Bengaluru,Consumer,m,no,No,,???,VIP
CUST-00078,39.9 years,56650.28934,760.1712892,2.347823055,5,,Bengaluru,Enterprise,Female,0,Yes,2021-03-20,Unknown,follow-up needed
CUST-00028,42.38532877,"$13,148",699 pts,6.906179799,,4.587727143,,UNKNOWN,M,yes,Yes,2021-01-28,google_ads,VIP
CUST-01437,32.72014755,38439.18284,,2.938345196,8,,Delhi,Consumer,m,yes,,2025-01-03,website,late payment
CUST-00526,32.68957146,,,1.783799371,9,3.828557748,Pune,Consumer,M,1,Yes,2022-06-19,,ok
CUST-01835,44.94393961,120836.4195,700.3052559,2.673705859,4,4.134709188,Delhi,,Female,Yes,Yes,2026-02-12,referral,
CUST-00056,30.33346582,,613.2702114,,8,3.504189178,Delhi,Consumer,m,0,No,2021-02-26,Website,
CUST-00639,44.95473371,,484.8291131,6.578990522,5,,Bengaluru,SMB,M,Yes,No,2022-10-13,,ok
CUST-00303,48.36593616,,706.5282645,3.73658852,5,4.065068489,Delhi,SMB,Female,N,No,2021-11-04,WEB,N/A
CUST-00719,33.78857141,,621 pts,8.685267072,2,4.233515031,Bengaluru,Consumer,Female,Y,No,2023-01-02,,follow-up needed
CUST-00625,43.65363552,,776.0425202,3.897959946,,4.308428897,Hyderabad,SMB,m,No,No,2022-09-28,Referral,urgent
CUST-00008,34.20508889,29854.06713,663.3456146,5.275283739,6,3.782253054,Delhi,SMB,,1,No,2021-01-08,WEB,follow-up needed
CUST-00804,42.55136041,32049.53805,682 pts,4.894943916,,5,Mumbai,Consumer,Female,yes,No,2023-03-30,Google Ads,good
CUST-01050,43.25014698,120336.3688,,7.857241825,5,3.061241812,Pune,Enterprise,Female,1,No,2023-12-05,Social,N/A
CUST-00337,29.94631667,,,2.126006082,12,3.136450815,Delhi,SMB,f,0,No,2021-12-09,,normal
CUST-00048,40.68314659,578612.1208,,6.817226087,8,,,SMB.,F,N,No,2021-02-17,email,
CUST-01764,25.31414151,76097.05008,687.1693556,11.82848765,4,3.303239566,,,Male,N,,2025-12-02,Referral,good
CUST-00107,26.59973534,118844.7724,716.105982,5.770610512,12,3.351004376,Hyderabad,Enterprise,F,1,No,2021-04-19,WEB,
CUST-00350,55.71138858,,581.8416819,2.782086788,5,4.249182674,Pune,SMB,F,No,Yes,2021-12-22,referral,
CUST-01080,55.22360188,,none,3.120418385,7,,Mumbai,SMB,m,No,Yes,2024-01-05,Website,follow-up needed
CUST-00239,25.25102706,33480.21297,782.4505971,2.544588702,5,3.521019401,Bengaluru,Consumer,m,Yes,No,2021-08-31,,follow-up needed
CUST-00214,32.1899668,146263.4846,,1.300210733,5,4.348814241,Bengaluru,SMB,m,,No,2021-08-06,,N/A
CUST-01776,41.56299045,32863.29837,,,8,5,Pune,Consumer,F,1,No,2025-12-14,google_ads,follow-up needed
CUST-01139,36.93444263,73915.44502,683.2033545,4.844983205,6,4.303692769,Pune,SMB,f,0,No,2024-03-05,website,
CUST-00794,42.69517592,,691.1011874,8.286475705,,3.957314905,Mumbai,Enterprise,m,yes,Yes,,,late payment
CUST-01587,18,,,5.261203864,3,,,SMB,Female,no,No,2025-06-05,,normal
CUST-01583,44.60242995,not available,644.6500432,1.564779164,8,5,,Consumer,,N,No,2025-06-01,website,???
CUST-01672,N/A,73480.28275,688.2060921,1.972104863,,4.596400234,Mumbai,Enterprise,Female,No,Yes,,WEB,
CUST-00524,35.70387216,20431.33813,632 pts,1.229388137,,4.511532311,Hyderabad,SMB.,m,No,No,2022-06-17,,good
CUST-00233,41.78726004,,670.8743758,5.429313171,3,3.393967577,,,m,N,Yes,2021-08-25,,complaint!!!
CUST-00645,33.95209806,121901.7592,625.8033226,2.753073566,6,2.757496647,Hyderabad,Consumer,,No,Yes,2022-10-19,Website,normal
CUST-01508,37.48239692,,,3.616598111,8,3.181686209,Pune,,M,,No,16/03/2025,Google Ads,normal
CUST-00534,,59582.76344,758.9613718,4.773973477,1,3.758560773,Delhi,SMB,f,0,No,2022-06-28,Email,late payment
CUST-01942,39.13792232,,458.0585273,1.355044906,8,4.138825186,Chennai,SMB,f,Y,No,01/06/2026,referral,ok
CUST-00604,30.46894956,61554.43237,216.6210147,6.897778383,,2.875283773,Delhi,SMB,m,yes,Yes,2022-09-07,Website,good
CUST-01330,46.90434684,,728.2369591,2.351762899,3,2.711637356,Chennai,SMB,F,Y,Yes,2024-09-16,,
CUST-01075,27.04546416,110445.937,588.5442853,,6,2.995700605,,Enterprise,f,,No,2023-12-31,Email,VIP
CUST-01305,34.98676894,300670.4734,532.5546315,8.380858984,9,2.030724904,Delhi,Consumer,m,Y,No,2024-08-21,google_ads,ok
CUST-00061,18,24815.80301,,2.790627738,6,2.825116528,Kolkata,SMB,F,yes,No,,Website,
CUST-01264,32.63410811,133470.9629,547.8986965,1.742518186,7,2.455526,,Enterprise,,yes,,2024-07-11,Google Ads,follow-up needed
CUST-00093,32.92042026,59137.41375,601.8859784,18.22431274,4,2.914627333,,Enterprise,,N,No,2021-04-04,referral,urgent
CUST-00667,18.61209993,44149.48523,657 pts,0.6898686451,11,,Chennai,Enterprise,m,,No,2022-11-10,Social,late payment
CUST-00281,43.76172084,108496.6448,726 pts,2.688013112,6,4.402139074,Bengaluru,Consumer,f,N,No,2021-10-13,Referral,VIP
CUST-01114,35.11475364,84442.7987,,7.779167625,10,3.29163142,Kolkata,,M,1,Yes,09/02/2024,google_ads,late payment
CUST-00360,36.22965584,130525.4053,671.387048,7.608393116,3,3.450502501,Chennai,Consumer,f,yes,No,2022-01-01,Email,
CUST-01129,,36890.48887,707.3259827,12.2230162,4,,Hyderabad,Consumer,m,yes,Yes,2024-02-24,referral,complaint!!!
CUST-01170,33.63700052,,850,9.064703359,11,1.903054901,,Consumer,Male,1,No,2024-04-06,???,N/A
CUST-00848,,39090.57632,542.9447512,5.503069233,10,2.704361545,Delhi,SMB.,m,1,No,2023-05-14,WEB,
CUST-01522,18,"$56,234",642.8923237,1.628608091,5,2.707630643,Hyderabad,Enterprise,M,N,No,2025-03-30,???,
CUST-00111,43.21308372,68175.37286,,13.34563478,7,5,Delhi,Consumer,f,Yes,No,2021-04-23,email,good customer
CUST-00043,30.01388351,157807.8048,562.0872356,,7,4.523376119,Hyderabad,Consumer,M,N,No,,,normal
CUST-00126,42.28245271,61165.48465,576.5128547,5.441526642,6,3.473700339,Mumbai,Consumer,F,yes,No,2021-05-08,email,good
CUST-00205,,,764.2050627,,8,3.451466747,Hyderabad,consumer,Male,,No,2021-07-27,email,
CUST-00053,20.51413016,,763.713501,,7,1.302859416,Kolkata,SMB,Male,Y,No,2021-02-22,,
CUST-00546,??,error,669 pts,8.202979922,1,5,Delhi,,Female,No,No,2022-07-10,google_ads,late payment
CUST-00069,48.29571058,"$73,642",667.7597118,,9,3.669032548,Mumbai,Enterprise,m,N,No,2021-03-11,,good customer
CUST-01741,33.3 years,22970.53097,731.1534573,1.972075553,5,4.258243083,Chennai,,M,no,No,2025-11-09,website,urgent
CUST-01548,28.4 years,97930.42345,850,4.524183113,48,3.553688791,Hyderabad,Consumer,m,N,No,2025-04-26,,
CUST-00184,51.27546452,31690.80339,709.4694986,3.514372616,,,Chennai,Consumer,m,1,No,2021-07-06,Email,normal
CUST-00138,,87601.70135,,1.532022174,6,5,Bengaluru,Enterprise,m,0,No,2021-05-20,,ok
CUST-00900,19.57229516,85801.32485,796.2487443,1.678492485,9,,Pune,Enterprise,M,Yes,No,2023-07-06,Unknown,follow-up needed
CUST-00797,49.94841663,,723.4437715,6.192184734,4,,Chennai,Consumer,M,,Yes,2023-03-23,Google Ads,ok
CUST-00133,45.62181136,,710.8509742,5.736043316,,3.94545796,Bengaluru,SMB.,,0,No,2021-05-15,Referral,urgent
CUST-00081,43.48130285,,644.091811,,7,3.29601683,Chennai,Consumer,F,yes,Yes,2021-03-23,???,
CUST-01987,40.38057393,,484.6517888,6.544600885,8,5,Kolkata,Consumer,Male,no,Yes,2026-07-17,referral,good
CUST-01541,34.86920212,60625.18049,738.6728518,0.408622599,4,2.94798701,Bengaluru,Consumer,,yes,No,,???,complaint!!!
CUST-00542,28.0852464,68826.15197,606.4770522,3.216547986,3,3.246787962,Delhi,SMB,F,,No,2022-07-06,,N/A
CUST-01669,41.4 years,21187.70405,,19.42017678,9,3.903213656,Kolkata,Consumer,,yes,No,,,???
CUST-00984,46.82699711,63430.28242,560.2906323,99999,5,3.640325564,Bengaluru,consumer,f,yes,,2023-09-29,Social,VIP
CUST-00166,67.91218466,109212.9304,588.1699339,9.223727665,3,3.932393653,Chennai,,f,Y,Yes,2021-06-18,Google Ads,???
CUST-00249,72.86080603,not available,768.0502979,2.210939542,6,4.208073986,,Enterprise,Male,Y,No,2021-09-10,Google Ads,N/A
CUST-00447,50.806669,"$44,722",604.1428215,6.690667297,9,4.346075939,Bengaluru,Consumer,M,Yes,No,2022-03-31,WEB,good
CUST-01515,18.0 years,,,2.901686311,40,2.242637756,Hyderabad,SMB,m,N,Yes,,Google Ads,complaint!!!
CUST-00859,18,45629.31675,,3.77829518,6,4.457918388,Hyderabad,consumer,F,1,No,2023-05-25,Unknown,N/A
CUST-01212,32.13107038,,521.9067058,,2,4.157505207,,Enterprise,M,Y,No,2024-05-19,Google Ads,
CUST-00098,26.03303807,35333.92458,541.254805,2.010109309,11,4.656627443,Pune,UNKNOWN,F,1,No,2021-04-09,Email,normal
CUST-01974,58.3590402,,,5.837381987,,3.461280387,Bengaluru,SMB.,M,Yes,,2026-07-04,website,good
CUST-00738,47.7 years,48327.47935,512.606384,7.139854522,3,4.143557358,Kolkata,Consumer,M,,Yes,,???,good customer
CUST-01256,30.45818324,66382.60749,701.5386538,10.37713256,12,,Pune,consumer,F,0,Yes,2024-07-02,referral,ok
CUST-00103,33.72483235,37141.40785,742.3118016,16.29954286,9,3.586367376,Bengaluru,,m,N,No,2021-04-14,,urgent
CUST-00435,49.1395639,48129.37556,642.0103689,3.910111183,10,4.535009824,,SMB.,F,Yes,No,2022-03-19,website,normal
CUST-00075,39.70910883,56735.85453,850 pts,15.33137267,,3.300270243,Hyderabad,Consumer,m,yes,No,2021-03-17,referral,
CUST-01792,37.9 years,128912.2889,702 pts,8.669514706,6,,Pune,UNKNOWN,m,yes,No,2025-12-31,Website,complaint!!!
CUST-01235,41.92411843,337030.2901,665.5386156,3.498297797,,4.935102644,Delhi,,F,,No,2024-06-11,Google Ads,ok
CUST-00919,,,,,,3.581743296,Pune,Consumer,M,1,No,2023-07-25,website,urgent
CUST-01712,18,79427.28898,,,7,4.469626788,Hyderabad,,Male,1,No,2025-10-10,website,N/A
CUST-01671,36.92815517,,600.0998322,10.87928835,7,3.326556021,Pune,,Female,,No,2025-08-29,Social,N/A
CUST-01621,44.92883093,65883.2255,734.1518172,9.915075964,,4.45816111,Hyderabad,Enterprise,M,1,Yes,2025-07-09,Referral,
CUST-00763,,41013.34273,661.846638,5.275871416,7,1.915813215,Hyderabad,,Female,1,No,not_a_date,referral,
CUST-00990,32.2065181,117728.2949,650.6491217,14.68551367,10,3.218400724,Chennai,Consumer,M,,Yes,2023-10-05,WEB,???
CUST-00389,41.31529015,102006.3669,545.6807216,,5,3.885414791,Kolkata,UNKNOWN,m,yes,,2022-01-31,referral,urgent
CUST-00236,30.15024272,30974.48949,,6.758219605,10,,Hyderabad,SMB,f,,Yes,2021-08-28,referral,VIP
CUST-01507,18,49782.13159,554.8399541,,3,4.917788983,Hyderabad,,Male,1,No,2025-03-15,Referral,
CUST-00268,42.2210769,,850,5.341369283,4,5,Hyderabad,SMB,Male,Yes,,2021-09-30,WEB,???
CUST-01188,42.3843649,36949.5533,,,,3.226952916,,Consumer,m,,No,2024-04-24,Email,good customer
CUST-00118,38.26222575,58351.02846,602.0666299,2.093688059,8,,Delhi,Consumer,M,yes,Yes,2021-04-30,,complaint!!!
CUST-01607,thirty,,709.7346869,7.796726078,8,2.930955741,Hyderabad,Consumer,Male,0,Yes,2025-06-25,google_ads,follow-up needed
CUST-00674,22.19803747,71822.09888,528.2057997,5.782926897,12,99999,Bengaluru,Consumer,f,0,,,Social,
CUST-00250,,104423.3004,631.7983919,2.076078764,3,3.323953691,Chennai,,M,Y,No,2021-09-11,Website,late payment
CUST-01453,36.73731039,,703.8011796,3.491564385,5,,Pune,SMB,f,No,No,2025-01-19,Google Ads,late payment
CUST-01995,,,633.5435092,,11,4.139946592,,Consumer,M,Yes,No,2026-07-25,Unknown,N/A
CUST-00095,,57937.16599,810 pts,3.520328171,,3.446032638,Mumbai,SMB,Male,0,No,2021-04-06,referral,???
CUST-00034,28.23472726,44213.5177,674.9031816,2.379835818,5,3.588288192,Bengaluru,Consumer,Female,N,Yes,2021-02-03,referral,complaint!!!
CUST-01464,43.51647146,25730.91077,,3.619861655,5,4.0245481,Chennai,SMB.,F,,No,2025-01-30,referral,normal
CUST-01668,38.02399228,30024.75632,649.623282,9.781595966,,,,,F,,Yes,,Google Ads,VIP
CUST-00449,51.37510933,83953.61254,,2.832722997,7,,,SMB,f,yes,No,2022-04-02,???,N/A
CUST-00717,,,,7.086255442,5,3.884986354,Hyderabad,consumer,,0,No,2022-12-31,Email,urgent
CUST-01810,49.52881169,68661.6019,700.4268509,8.125025595,6,4.536614014,Pune,SMB,F,0,No,2026-01-18,Referral,urgent
CUST-01518,53.74430315,,691.6844784,5.372331087,11,4.33657791,Bengaluru,SMB,Female,N,No,2025-03-26,,
CUST-00001,41.65660496,42895.20921,482.2308171,5.586051984,1,4.008060599,Bengaluru,SMB,m,Yes,Yes,2021-01-01,Email,follow-up needed
CUST-01376,42.37441387,"$39,362",728.2392884,6.699690347,4,2.139560982,Chennai,Enterprise,F,No,No,2024-11-02,WEB,
CUST-01102,45.36919013,"$41,269",696.3806139,1.444193537,3,4.207940804,Mumbai,Consumer,F,0,No,27/01/2024,Email,
CUST-01109,53.64278081,27001.85352,622.7125982,4.454754645,7,3.586324322,Mumbai,,M,yes,No,2024-02-04,Email,
CUST-01227,46.74457081,"$33,259",660.8639319,10.30782273,5,,Hyderabad,SMB,f,1,No,2024-06-03,Social,complaint!!!
CUST-00083,33.64335384,29160.4104,705 pts,1.414515856,3,3.921981161,Mumbai,Enterprise,F,,Yes,2021-03-25,Social,normal
CUST-01289,62.04211292,43989.8832,,3.509608286,9,2.895185136,Mumbai,Consumer,F,N,No,2024-08-05,Unknown,
CUST-00677,66.59122739,130127.1341,712.627018,5.827272665,9,4.433765931,Hyderabad,,F,Yes,No,,Social,urgent
CUST-01921,24.87515526,65695.40455,718.251881,8.957181219,1,,Hyderabad,Consumer,f,,No,2026-05-11,,???
CUST-01047,31.54804908,71826.24876,620.7271478,2.40544736,6,2.9617589,Mumbai,,Female,Yes,No,2023-12-02,Social,VIP
CUST-00771,58.74794409,93651.65941,494.5953663,4.140030503,5,3.585922915,Pune,Enterprise,M,0,Yes,2023-02-24,google_ads,
,28.97406958,,744 pts,7.947964958,8,2.379382502,Hyderabad,Consumer,f,Yes,No,2026-06-06,,urgent
CUST-01281,52.32342286,143498.5904,664.3744746,3.838774307,7,4.495153258,,,Male,0,No,2024-07-28,WEB,VIP
CUST-01581,52.27546406,78421.04829,659.1181874,8.216098609,3,3.956545738,Delhi,,f,N,,2025-05-30,,ok
CUST-01489,41.9 years,57775.40321,659.8549213,18.57857392,8,4.02356198,Hyderabad,Enterprise,f,0,No,2025-02-25,Referral,good customer
CUST-00405,,"$34,160",642.108537,2.258531935,,4.163177641,Hyderabad,SMB,F,no,No,2022-02-16,WEB,normal
CUST-01728,31.64873232,77877.73455,,1.817048403,4,4.479786086,Bengaluru,SMB,Male,,No,2025-10-26,,good customer
CUST-01299,24.11042441,,225.4206265,2.787186464,10,4.65825328,Mumbai,consumer,F,Yes,No,2024-08-15,Website,???
CUST-01341,28.42540684,"$45,415",636.0903298,15.31865186,5,3.560446562,Chennai,,Female,0,Yes,2024-09-27,Website,VIP
CUST-00105,26.8 years,,575.7900822,8.402853999,10,3.774290653,Hyderabad,SMB,,No,No,2021-04-16,referral,
CUST-00689,32.49391408,111619.5741,610 pts,3.645395544,6,,Bengaluru,Consumer,f,Yes,Yes,2022-12-03,referral,
CUST-01306,18,73047.53163,656.7288874,7.21959483,9,2.866188836,Kolkata,Consumer,,No,No,,,good
CUST-00827,38.37100734,151489.4594,,6.362401221,6,3.393298943,Hyderabad,consumer,m,yes,No,2023-04-22,Referral,good customer
CUST-00063,39.95303678,63905.63679,552.3249746,7.710682692,7,3.799680497,Bengaluru,Consumer,,1,No,2021-03-05,???,normal
CUST-00853,48.90321632,116744.9163,734.8296396,7.03404077,4,3.085784449,Hyderabad,,,yes,Yes,2023-05-19,Email,
,42.23152645,35310.77625,684.8618643,2.465432144,6,4.979391452,Delhi,SMB,m,1,No,2024-10-10,google_ads,late payment
CUST-00224,,35538.23778,589 pts,0.4952270678,2,3.452225193,Bengaluru,Enterprise,Female,no,Yes,2021-08-16,google_ads,complaint!!!
CUST-00146,,37543.04405,685.3031369,2.627748842,8,,Chennai,Enterprise,m,N,No,2021-05-28,,good
CUST-01089,45.8389386,59864.11124,489.2001926,12.63692917,4,3.564824838,Chennai,SMB,Female,N,No,2024-01-14,Referral,
CUST-00374,48.1 years,132083.5708,652.4919759,,4,4.624455663,Chennai,Consumer,M,yes,No,2022-01-16,Referral,normal
CUST-01421,35.3932861,"$55,242",831.6299501,6.169077891,,,Pune,SMB.,Female,Yes,No,2024-12-17,Website,VIP
CUST-01143,18.0 years,48530.4777,565 pts,6.750875398,5,2.016770762,Delhi,SMB,f,0,Yes,2024-03-09,google_ads,
CUST-01827,48.3263565,87984.89118,726.0392024,1.149569141,8,3.63016754,Kolkata,,M,1,No,2026-02-04,Referral,
CUST-01495,33.7566231,121483.702,554.5376744,3.300299927,14,,Hyderabad,Consumer,Male,No,No,2025-03-03,,follow-up needed
CUST-01602,51.59227785,207914.3529,ERR,4.053083773,5,3.764633703,Delhi,consumer,Female,yes,No,2025-06-20,Google Ads,N/A
,56.44358785,"$99,697",749.3298384,3.743192636,6,,,,M,Y,Yes,2024-07-18,WEB,
CUST-00010,27.76347287,77591.25671,,3.653927331,8,3.15557326,,consumer,Male,Yes,No,2021-01-10,,ok
CUST-00450,42.60052536,86300.93895,624.9565965,6.34235148,5,,Mumbai,Consumer,Male,1,No,2022-04-03,,
CUST-00709,35.34156661,64947.23723,658.1833408,3.679767604,3,4.364945271,Delhi,consumer,Male,No,No,2022-12-23,,complaint!!!
CUST-00256,47.32805091,28702.53282,510.1329061,12.55300811,7,1.928658276,,,Female,No,No,2021-09-17,,ok
CUST-00883,24.66674119,83191.42172,,2.577123811,10,4.046710502,,Consumer,M,,No,2023-06-18,Referral,good customer
CUST-00390,21.0 years,53655.59877,693.5160527,10.11497436,6,5,,,Female,1,No,2022-02-01,,VIP
CUST-00909,38.83903497,28440.63026,696.2622684,3.238334866,7,4.734795331,Bengaluru,Consumer,,,No,2023-07-15,,
CUST-00925,36.0061059,37916.92194,587.8768539,,9,,Bengaluru,Enterprise,,yes,No,2023-07-31,???,
CUST-01704,18,,586.8570343,12.19674441,,3.396398253,Bengaluru,SMB,Male,0,No,2025-10-02,WEB,N/A
CUST-01233,23.79046002,30445.08522,714.4818684,4.592910181,5,4.122170004,Mumbai,SMB,M,Y,,2024-06-09,,
CUST-00461,41.76689854,27512.92787,704.5339257,3.124609863,4,3.577195512,Pune,Consumer,m,,No,14/04/2022,Website,follow-up needed
CUST-01270,45.12265634,35063.45794,,10.49372913,9,3.67238514,,,M,1,No,2024-07-17,,late payment
CUST-01760,38.84502953,20586.4596,,4.102793214,8,4.073865952,,,Male,Yes,No,2025-11-28,Unknown,good customer
CUST-01169,33.05900699,33201.44003,604.315587,,4,2.68629054,Delhi,SMB,Female,no,Yes,2024-04-05,Referral,late payment
CUST-00959,37.97696176,,510.3212462,4.844434412,,5,Kolkata,Consumer,m,N,Yes,2023-09-04,website,good customer
CUST-00502,48.74221978,63069.3973,623.7206965,1.108484493,,3.034600398,Mumbai,,,no,No,26/05/2022,referral,???
CUST-00740,18,118270.2419,579.7116244,1.895789231,,3.689875736,Bengaluru,UNKNOWN,F,yes,No,24/01/2023,,
CUST-01850,45.93653828,35210.49763,694.7820447,9.965204634,7,3.820385698,Hyderabad,,Male,yes,No,2026-02-28,???,
CUST-00869,30.98151038,,,5.206440388,8,2.506409141,Pune,SMB,F,N,No,2023-06-04,Unknown,urgent
CUST-00732,38.69929197,26876.95349,721.1387193,1.054485182,3,,Delhi,Enterprise,F,,No,,???,ok
CUST-00540,28.5612107,77829.01193,783.8450474,0.5258058983,10,4.743464034,Kolkata,,M,,Yes,2022-07-04,WEB,VIP
CUST-01202,32.16567043,834387.0845,,,7,3.906791942,Hyderabad,,Male,N,No,2024-05-08,,good
CUST-00698,26.43633867,59586.54885,650.8290523,,4,5,Mumbai,Consumer,f,no,No,2022-12-12,,ok
CUST-01393,31.48930616,"$35,506",563.3867905,1.59253275,5,3.342874588,,,Female,,No,2024-11-19,Social,good
CUST-01377,44.67290329,77571.47327,698.5896489,3.695026915,6,,Hyderabad,Enterprise,f,No,Yes,2024-11-03,,
CUST-01146,46.2812531,67498.96357,658.622676,8.851758904,7,4.104727697,Bengaluru,consumer,M,,No,not_a_date,email,VIP
CUST-01032,40.43330058,,521 pts,4.345140635,6,,,,m,1,No,2023-11-17,website,good
CUST-00373,48.28152779,51635.28793,607.6673288,4.153647243,8,4.743052529,Delhi,SMB,F,Yes,No,2022-01-15,website,
CUST-00668,43.78480203,47374.12124,,7.464360071,5,,Delhi,Consumer,F,0,No,2022-11-11,Website,ok
CUST-01526,50.94654847,130300.9443,,15.51200963,10,5,Hyderabad,SMB,F,,No,2025-04-03,WEB,N/A
CUST-00358,41.24411887,,,,,4.656373294,Bengaluru,,f,Y,No,2021-12-30,WEB,VIP
CUST-00968,29.09369487,,643.6519205,6.386725019,9,4.616266457,Mumbai,SMB.,m,No,Yes,2023-09-13,,normal
CUST-00784,48.73055994,98851.71328,527.3164538,7.57672467,4,,Bengaluru,consumer,M,yes,No,09/03/2023,google_ads,
CUST-00736,99.74357255,"$352,568",688.8965262,2.601602803,9,,,Consumer,m,yes,No,2023-01-19,???,complaint!!!
CUST-01036,37.98328818,71886.13337,700.52532,3.10442758,,,Chennai,,Male,,No,2023-11-21,email,normal
,34.60645101,96811.19575,798.1150352,1.551246742,5,3.288655992,Mumbai,SMB.,M,N,No,2023-09-16,Social,follow-up needed
CUST-01525,82.26611871,33151.31948,527.6552223,9.801072136,9,4.148543353,Bengaluru,,,1,Yes,,Unknown,ok
CUST-01487,48.53670295,,648.7147449,11.62686218,,3.174897135,Hyderabad,,m,,,2025-02-23,,complaint!!!
CUST-01524,35.73939047,22994.41428,,1.497042066,80,5,Delhi,,,Y,No,2025-04-01,Email,???
CUST-01491,30.60448294,28234.10443,712 pts,,5,3.242977792,Chennai,Enterprise,F,No,Yes,2025-02-27,Unknown,
CUST-01643,18,52334.60049,736 pts,9.814291421,6,,Delhi,,Female,no,No,2025-08-01,Referral,urgent
CUST-01253,28.43706813,"$25,393",722.6936842,5.081463339,8,4.762964501,Bengaluru,Consumer,M,,Yes,2024-06-29,website,
CUST-01694,,26577.7837,644.4582612,2.448181592,5,3.150364948,Hyderabad,consumer,m,1,No,2025-09-22,google_ads,N/A
CUST-01750,48.7142698,112389.8912,539.3539188,3.123299038,,2.979905422,,Consumer,m,Yes,No,2025-11-18,Referral,VIP
CUST-01237,38.3190241,100570.9365,705.2311981,3.785264404,11,,Chennai,Enterprise,Female,,No,2024-06-13,Referral,???
CUST-00886,41.46700001,64990.42691,633.953718,2.276122051,6,2.051488954,Delhi,Enterprise,Male,0,Yes,2023-06-21,referral,
CUST-00080,34.28784152,33248.66522,,,6,,Hyderabad,SMB,F,0,No,22/03/2021,,
CUST-01173,36.59743776,94113.27771,757.176594,1.032515098,8,4.671852021,Hyderabad,consumer,F,no,Yes,2024-04-09,Social,late payment
CUST-00815,30.463207,,515.9965228,2.700746426,4,4.983015539,Hyderabad,UNKNOWN,F,,No,2023-04-10,Google Ads,normal
CUST-01286,,95807.22286,588 pts,6.427363726,7,,Hyderabad,Consumer,F,no,Yes,2024-08-02,referral,???
CUST-00672,41.26843706,121161.1108,393.4708305,,6,,Bengaluru,Consumer,F,N,No,2022-11-15,Referral,N/A
CUST-01532,41.7 years,,639.4631005,0.8170942815,6,3.723431556,,,Female,no,No,2025-04-10,google_ads,
CUST-00058,,"$20,322",764.9276295,2.413736668,,2.573947434,Hyderabad,Consumer,f,no,,2021-02-28,,ok
CUST-00134,35.33332763,"$65,732",,3.246961894,,4.915815791,Bengaluru,SMB,M,0,No,,???,
CUST-01141,,49563.17171,,4.401327424,4,3.986483416,Bengaluru,Consumer,,1,No,2024-03-07,,ok
CUST-00934,57.76872797,98331.58202,771.4478195,9.031669374,7,2.56482696,Kolkata,Enterprise,,no,No,2023-08-09,,
CUST-01685,30.32595931,30868.57016,756.8186861,10.28644079,8,3.897030359,Chennai,Enterprise,f,N,Yes,2025-09-13,,late payment
CUST-00824,18,31192.32427,489.595333,,,3.052412199,Bengaluru,Consumer,m,N,No,,website,follow-up needed
CUST-01215,18,96223.20663,605 pts,14.56185983,,2.700302119,Mumbai,Consumer,,,No,2024-05-22,Website,ok
CUST-00505,18,107456.062,621.3412708,,,3.657304677,,,Female,Yes,No,2022-05-29,Google Ads,
CUST-01775,51.43400817,100192.4444,485.3062854,3.938120932,2,3.558214689,Bengaluru,Consumer,F,Y,No,2025-12-13,Referral,N/A
CUST-00348,45.09087587,37594.57758,725.4370195,12.63605212,11,4.410209636,Delhi,SMB,f,Y,No,2021-12-20,google_ads,late payment
CUST-00387,43.27563927,22702.82793,583.352713,2.042105233,6,2.674029933,Hyderabad,Consumer,Male,No,No,2022-01-29,google_ads,
CUST-01025,18,50079.30624,711.9663138,2.416789831,,1.898244128,Delhi,UNKNOWN,M,no,No,2023-11-10,Website,ok
CUST-00895,,38210.04865,572.3596713,4.483483232,2,2.922742278,Pune,UNKNOWN,Female,yes,No,2023-06-30,google_ads,good customer
CUST-00829,52.57027795,22019.69255,778.8121921,3.397027714,5,2.897289246,Bengaluru,,,no,No,,website,???
CUST-01893,24.4 years,"$15,187",646.2832416,7.016928026,3,,Hyderabad,,F,Y,,2026-04-12,,complaint!!!
CUST-00476,33.92889819,56114.68825,629.629811,7.487670975,6,4.636662979,Bengaluru,,m,0,No,2022-04-30,website,complaint!!!
CUST-01471,39.3 years,,625.8706676,5.072574391,0,2.956748032,Bengaluru,Consumer,Male,1,No,2025-02-06,Social,
CUST-01448,56.19728121,94213.10212,837.305097,1.957588357,10,3.411620336,Hyderabad,Enterprise,Female,Y,,2025-01-14,Referral,???
CUST-01582,,170261.0738,,5.579439185,6,3.638937307,Hyderabad,SMB,,no,No,2025-05-31,email,ok
CUST-00653,58.01465133,111604.0966,509.3926862,6.506985859,10,3.541366881,Kolkata,,f,yes,No,2022-10-27,email,normal
CUST-00173,32.54019824,not available,635.6295125,0.5925867109,2,3.168361354,Hyderabad,Consumer,Male,,No,2021-06-25,Unknown,urgent
CUST-01150,50.36234484,62731.59899,692.3769045,10.27097389,9,2.805317941,Bengaluru,Consumer,M,No,No,2024-03-16,WEB,ok
CUST-00039,,,463.9049361,0.2226443437,5,3.930589546,Mumbai,SMB,Female,N,Yes,2021-02-08,Email,???
CUST-00714,37.85498419,29377.21618,776.324628,,7,5,Bengaluru,Consumer,f,N,No,2022-12-28,Email,N/A
CUST-00091,,"$61,230",592.6266696,2.464607586,6,3.709184367,Pune,Enterprise,M,no,No,02/04/2021,Unknown,
CUST-01937,37.60046313,,577.1895028,6.67078184,3,5,Bengaluru,UNKNOWN,F,,,,,good customer
CUST-01206,29.9 years,45548.08705,646 pts,2.10090989,,3.318053517,Delhi,,,Y,Yes,2024-05-12,WEB,
CUST-00876,,16019.03966,605.0187862,3.610158756,5,3.54659587,Bengaluru,Enterprise,m,no,Yes,2023-06-11,Google Ads,good customer
CUST-01352,44.74727446,69304.56254,621.1930295,3.746520301,4,3.887205861,Mumbai,SMB,Male,No,No,2024-10-08,Social,good
CUST-01890,44.51429869,36896.2959,704.714558,,1,4.697955551,Pune,,Male,no,Yes,2026-04-09,Social,late payment
CUST-01094,40.16436732,35732.29579,609.7805839,,10,4.656396979,Pune,Consumer,Female,,No,2024-01-19,website,good
CUST-01156,39.32735747,35883.30913,583.9377978,8.879348618,3,3.862043124,Pune,SMB,Male,0,Yes,2024-03-22,,complaint!!!
CUST-01782,39.1 years,,670.9593601,2.878914945,5,4.846638396,,,F,Yes,No,2025-12-20,Referral,good
CUST-01959,34.56360637,"$38,916",,0.9650536848,7,,Hyderabad,,M,Y,No,2026-06-19,???,
CUST-00500,20.05927004,108295.5982,548.5881478,6.129376275,7,4.279021483,Pune,Consumer,Female,Yes,No,2022-05-24,WEB,urgent
CUST-00339,51.86374443,"$97,960",,2.673362222,4,3.059652789,Hyderabad,Consumer,,yes,No,2021-12-11,Email,late payment
CUST-01189,45.35558457,45187.26964,650.8960027,2.008323149,3,4.987794361,Kolkata,Enterprise,Female,No,No,25/04/2024,referral,good
CUST-00029,42.95279134,61578.26547,668.3599515,8.292680651,8,4.111933562,Hyderabad,SMB,Female,1,No,2021-01-29,referral,
CUST-01218,18,,668.7576076,4.50133772,9,,Pune,SMB,M,,No,,Google Ads,follow-up needed
CUST-01400,21.08216685,,530 pts,5.990072135,,,Delhi,SMB,m,No,No,2024-11-26,,N/A
CUST-01821,18,"$93,193",850 pts,5.534053403,9,5,Kolkata,,F,Yes,No,2026-01-29,WEB,
CUST-00946,33.73162021,62319.39692,766.8472219,5.299657709,6,4.307170334,,consumer,F,,No,2023-08-21,,urgent
CUST-00170,37.51084969,39190.5987,693.6690753,6.929435622,3,4.853867058,Mumbai,SMB.,Male,1,No,2021-06-22,Email,
CUST-01405,31.03218317,,512.3176859,4.258443678,7,3.347140126,Hyderabad,Enterprise,f,N,No,2024-12-01,Referral,
CUST-01198,,,622.1615958,15.94338713,6,5,Hyderabad,Enterprise,,yes,No,,,
CUST-01254,41.6 years,,504.9372559,4.528870329,6,3.31785244,Bengaluru,,M,No,Yes,2024-06-30,,N/A
CUST-01614,38.9 years,"$42,625",,4.44634381,7,5,Hyderabad,Consumer,m,N,Yes,2025-07-02,email,late payment
CUST-00913,44.7 years,54966.13884,698.400935,2.997308166,8,3.428264926,Kolkata,Consumer,f,No,No,,Unknown,good
CUST-00492,,37388.43249,,4.084378675,3,,Hyderabad,SMB,,Yes,No,2022-05-16,website,???
CUST-00954,24.05085464,,,8.450911544,7,5,Chennai,,M,,No,2023-08-30,???,good customer
CUST-01098,43.93467986,38331.26288,581.591733,9.034713631,8,2.445782263,Chennai,SMB,m,1,No,2024-01-23,email,late payment
CUST-01033,31.99566707,27969.20593,773.3254806,7.12609413,,,Kolkata,Consumer,M,Y,No,18/11/2023,Unknown,???
CUST-00588,27.95043915,119452.9157,657.0488623,12.65044232,4,4.135872948,,SMB,M,N,Yes,22/08/2022,website,
CUST-00751,38.1 years,68214.4218,606.8087833,8.003805726,4,,Hyderabad,Enterprise,m,No,No,2023-02-04,,N/A
CUST-00658,40.12875338,32607.36788,,2.50790431,5,4.690690201,Chennai,UNKNOWN,Male,0,,2022-11-01,website,ok
CUST-00235,,,667.8523251,2.860583449,5,4.700278188,Delhi,Consumer,M,,No,2021-08-27,???,late payment
CUST-00733,44.58486583,,784 pts,10.64027181,8,4.759708277,Chennai,,f,,No,2023-01-16,???,
CUST-01989,28.32461815,106216.399,712.6733065,2.316984228,7,,Chennai,SMB,F,No,No,not_a_date,email,
CUST-01633,39.75125953,38409.13122,,1.937134413,11,3.101362423,Chennai,,,,No,2025-07-22,google_ads,
CUST-01157,38.01607816,,,12.34913873,5,3.580187265,Hyderabad,UNKNOWN,m,N,Yes,2024-03-23,Referral,
CUST-01470,18,92051.97973,589.5184764,1.329978744,11,1.827118256,Kolkata,Enterprise,,Y,No,2025-02-05,Unknown,ok
CUST-01425,40.17577061,258599.1772,,7.691510461,48,2.338327633,Hyderabad,Consumer,f,1,No,2024-12-22,Google Ads,late payment
CUST-01628,57.08542757,33048.96544,665.2042396,3.155228534,10,4.381909103,Mumbai,Consumer,F,No,No,2025-07-16,Social,follow-up needed
CUST-00935,41.71544098,"$36,305",,7.250960753,7,4.042254813,Mumbai,Enterprise,M,,No,2023-08-10,Social,
CUST-01210,,,522.9164438,2.783937369,6,3.385175532,Bengaluru,,M,,Yes,2024-05-16,Referral,urgent
CUST-01066,37.27697784,,724.0826872,3.203257337,5,3.216631664,Hyderabad,Consumer,,No,No,2023-12-22,,urgent
CUST-00109,48.08369765,,575.1072288,4.843111482,6,4.926899115,Chennai,Consumer,,yes,No,2021-04-21,,
CUST-01543,102.1086617,50532.4074,501.7796766,5.913152312,8,3.568510744,Delhi,Enterprise,m,,No,2025-04-21,Email,late payment
CUST-00569,44.58113505,20328.90678,558.9580493,3.131246381,6,,Pune,Consumer,M,1,Yes,2022-08-02,referral,good
CUST-01168,59.62090337,39115.91997,668.3170684,5.689169153,,,Pune,Consumer,M,,No,2024-04-04,,VIP
CUST-01175,36.98179362,,740.668485,10.40315322,7,3.961916919,Delhi,Consumer,Male,0,Yes,,,urgent
CUST-00891,28.00355933,,,3.577711485,4,3.163704125,Pune,Consumer,M,Yes,Yes,2023-06-26,Website,follow-up needed
CUST-00948,18,69386.35737,528.4504956,,8,4.24557829,Hyderabad,Enterprise,Female,no,No,2023-08-24,referral,good customer
,26.5 years,"$89,682",692.0794813,1.877392021,4,3.783550557,Pune,Consumer,m,N,No,2023-12-04,WEB,
CUST-01353,22.49741278,86613.19832,537.7885481,3.641813196,3,4.765203931,Mumbai,Consumer,Female,0,No,2024-10-09,Social,N/A
CUST-01778,40.52800253,70829.69486,674.5071557,7.350642604,,2.550754704,Mumbai,Enterprise,F,,No,2025-12-16,Social,good customer
CUST-01447,65.9093575,43623.57365,624.1217401,5.243659008,7,,,SMB,Male,1,No,2025-01-13,website,
CUST-00885,24.88011371,439535.992,597.9746234,9.616724179,7,4.150044608,Pune,Consumer,f,N,No,2023-06-20,referral,VIP
CUST-01673,39.6 years,,715.4828217,1.952876491,,1.944685279,Pune,Enterprise,Female,yes,Yes,2025-08-31,website,ok
CUST-00851,,50501.92862,522 pts,2.028932955,5,,Bengaluru,,m,,No,2023-05-17,Unknown,
CUST-00735,41.3 years,54229.86124,699.8186454,,9,,Bengaluru,SMB,F,Yes,No,not_a_date,Referral,urgent
,46.22898842,60122.78196,684.8548451,3.837556883,2,4.267750264,Mumbai,consumer,F,N,Yes,2023-01-01,referral,follow-up needed
CUST-00455,38.83257362,,684.7236621,2.313467813,9,4.06023819,Delhi,SMB,m,,No,not_a_date,WEB,???
CUST-00265,43.7 years,71523.00074,709.9956766,5.840717668,5,,Bengaluru,,,1,No,2021-09-27,Social,N/A
CUST-00076,46.28582425,27111.59958,584 pts,0.8970162139,4,,Delhi,Consumer,Male,N,No,,,follow-up needed
CUST-01658,18,,625.2792802,3.774344217,5,4.463267892,Pune,,Male,Yes,No,2025-08-16,,ok
CUST-00445,33.88656619,86312.28055,830.8826974,1.937355091,6,1.978883854,Bengaluru,Consumer,M,No,No,29/03/2022,???,good customer
CUST-00396,39.65889718,29061.71226,607 pts,7.559676805,4,,Chennai,Consumer,,N,No,2022-02-07,Referral,ok
CUST-00177,56.94909508,,504.7769169,6.199982005,,3.183693287,Hyderabad,Consumer,F,no,No,2021-06-29,email,VIP
CUST-01043,46.38279614,"$33,715",,7.945087656,4,4.810590135,Hyderabad,,,0,,2023-11-28,,VIP
CUST-01736,48.97548865,344247.8291,813.2829395,3.428755041,8,2.490875671,Pune,Enterprise,m,yes,No,03/11/2025,Unknown,urgent
CUST-01402,34.11218269,86578.28422,629.3913519,3.574694095,3,4.573737066,Pune,UNKNOWN,M,no,No,,google_ads,follow-up needed
CUST-01381,52.71240692,,bad,,9,5,Chennai,Consumer,m,No,No,2024-11-07,WEB,good
CUST-00596,32.91672072,"$34,982",,0.8885162009,5,3.410586849,Bengaluru,consumer,f,Yes,No,2022-08-30,Email,
CUST-00062,33.98137964,,688.3097431,2.016608619,9,4.190194959,Bengaluru,UNKNOWN,Male,no,No,04/03/2021,Referral,N/A
CUST-01297,19.09256807,70144.35405,565.1259325,4.199151006,2,4.798942122,,,F,no,No,2024-08-13,Google Ads,
CUST-00873,46.69139213,,,9.785137982,,4.70074455,Hyderabad,Enterprise,Male,,No,2023-06-08,referral,
CUST-01490,,48271.45247,,5.418321118,,4.386216905,Delhi,SMB,M,,Yes,2025-02-26,Email,follow-up needed
CUST-01879,55.10394732,,630 pts,0.6854345627,3,,Kolkata,,Female,yes,No,,email,complaint!!!
CUST-00279,52.29371544,,633.812848,5.149172953,7,,Delhi,Enterprise,Male,1,No,2021-10-11,WEB,VIP
CUST-00037,36.63263051,42645.74661,661.4526827,4.140294442,5,4.122523874,Delhi,,F,,Yes,2021-02-06,google_ads,
CUST-01976,47.23828272,,534.7354307,5.905958708,4,4.872865688,,,m,no,Yes,2026-07-06,Email,???
CUST-00663,27.17092286,"$45,435",ERR,2.051025734,6,,Delhi,,Male,no,No,2022-11-06,referral,
CUST-01954,,43951.2586,580 pts,0.9454816461,11,3.563070244,Mumbai,Enterprise,m,0,No,2026-06-14,,
CUST-01445,36.27166808,101052.1425,570.2724905,3.921874077,5,2.864940881,Chennai,,f,yes,Yes,2025-01-11,referral,good
CUST-00978,33.05195753,51344.54795,456.1373161,5.555880219,6,,Kolkata,SMB,F,1,No,2023-09-23,Google Ads,VIP
CUST-01572,35.36077046,84695.12501,707.8026935,3.008500593,7,4.667083186,Pune,,Female,1,No,2025-05-20,???,
CUST-00739,,"$212,590",532.8562384,6.844360003,7,2.13149153,Pune,,Male,Yes,No,,Website,???
CUST-00192,35.8 years,32958.28816,664.720221,3.231829595,,5,Kolkata,SMB,F,N,No,14/07/2021,referral,
CUST-00920,18,90832.48655,544.8350078,5.184194313,7,1.914061716,Chennai,Consumer,F,1,No,2023-07-26,referral,VIP
CUST-00457,50.9 years,95116.2152,663.1486207,5.80041174,32,,Pune,Consumer,Male,N,,2022-04-10,WEB,good
CUST-00676,42.19220747,,663.758364,7.946359814,6,3.622663653,Mumbai,Enterprise,f,0,Yes,,,good
CUST-00761,52.9959832,37538.88399,674.6264547,4.924603886,6,3.513938602,Hyderabad,Consumer,m,Y,Yes,2023-02-14,Website,???
CUST-01808,38.0 years,60029.50062,497.471735,3.093646618,5,2.502070756,Bengaluru,Consumer,Female,N,No,,Website,???
CUST-01603,53.17447771,25612.87978,738.587239,8.129075075,9,4.436425979,Bengaluru,Consumer,f,Yes,Yes,2025-06-21,Social,good
CUST-00729,24.31806897,"$151,415",636.8285249,4.646994454,6,3.408612045,,SMB,F,yes,No,2023-01-12,email,normal
CUST-00413,29.86082672,,633.9619151,4.899915474,,,Delhi,SMB.,M,Y,No,2022-02-24,referral,
CUST-01099,49.68396214,166437.3122,664 pts,5.494061528,11,2.485996009,Hyderabad,Consumer,m,N,No,2024-01-24,,
CUST-00826,38.3 years,51593.02713,,4.637188273,3,3.817740277,Chennai,Consumer,m,N,Yes,2023-04-21,,???
CUST-01640,35.55461767,26232.50931,,,12,,Bengaluru,,f,No,,2025-07-29,,good
CUST-00617,46.56584164,54771.56498,767.8154853,7.037655333,,5,Hyderabad,Consumer,,0,No,2022-09-20,,good customer
CUST-00115,38.86555409,,717.9742242,6.159222983,3,3.437419685,Bengaluru,Enterprise,m,Yes,Yes,2021-04-27,,follow-up needed
CUST-00418,53.93223359,"$38,849",670.9184853,3.235681018,4,,Hyderabad,SMB,F,,No,2022-03-01,Website,urgent
CUST-01911,28.63479854,,562.0871213,4.638663367,7,3.178456101,,consumer,Male,0,No,2026-05-01,,good customer
CUST-00970,38.41534249,54026.37251,549 pts,20,,3.977408539,Bengaluru,,M,Yes,Yes,,Email,follow-up needed
CUST-00605,,105188.9444,,8.654351438,9,3.031766278,,Consumer,F,Y,,2022-09-08,Social,good
CUST-01919,34.1925593,62121.34036,701.2432178,0.3404993545,6,,Chennai,Enterprise,M,no,No,,Google Ads,
CUST-00090,43.4 years,71138.88306,533.1923326,5.913470214,5,3.785353928,Mumbai,Consumer,F,no,No,2021-04-01,,good
CUST-00849,29.51282564,,,,7,,Kolkata,Consumer,M,yes,,2023-05-15,,???
CUST-01520,18,78931.73579,629.207157,,6,3.092936091,Pune,SMB,Female,1,No,2025-03-28,email,???
CUST-01918,50.30417641,38440.83537,565.3900189,3.934970272,6,3.972906821,,,F,Yes,No,,WEB,
CUST-00754,,58554.88632,618.8643533,3.850238583,5,4.24103972,Bengaluru,Consumer,f,No,,,website,N/A
CUST-00499,18,,519.6649231,,7,2.661621172,Mumbai,,,,No,,website,urgent
CUST-01277,30.8 years,93310.68297,528.5034331,7.393177302,7,2.978095113,Bengaluru,consumer,Male,no,No,not_a_date,google_ads,VIP
CUST-01326,49.60959528,64294.97545,600.5700633,,3,,Pune,,Male,Yes,No,2024-09-12,Email,normal
CUST-00012,47.33350323,146171.9615,702.9126151,1.397432862,,,,Consumer,Female,no,No,not_a_date,???,N/A
CUST-00397,47.12159702,,754.31868,1.476255069,3,3.955211689,Chennai,,Female,yes,No,2022-02-08,,N/A
CUST-00285,,70777.46861,692.2029487,7.230738089,3,2.678370389,Kolkata,Enterprise,Female,Yes,No,2021-10-17,Referral,normal
CUST-01067,25.13644937,,411 pts,15.36186872,8,5,Chennai,Consumer,Female,N,Yes,2023-12-23,WEB,ok
CUST-01192,,34999.14989,524.7113135,,5,3.385087394,,Consumer,m,no,No,2024-04-28,???,late payment
CUST-01745,46.05473614,"$256,510",,6.443173117,,5,,,Female,Yes,No,2025-11-13,Social,urgent
CUST-00691,41.76892669,27210.691,707.718925,,8,3.156370419,Hyderabad,Consumer,M,Y,No,,Social,good
CUST-01753,30.12354928,49871.84074,,2.878094033,,3.378872943,Kolkata,SMB,m,No,No,2025-11-21,email,complaint!!!
CUST-01876,,,835.2022011,4.621645119,3,4.962275967,Delhi,,,yes,No,not_a_date,website,good
CUST-00690,32.90271527,19239.46402,723.0273844,15.33377262,5,,Hyderabad,Enterprise,M,yes,Yes,2022-12-04,???,good
CUST-00852,80.30749451,,546.6942895,12.10302373,,5,,consumer,,Y,Yes,2023-05-18,google_ads,good
CUST-00160,23.7806748,,846.8037345,,5,,Bengaluru,SMB,Male,,No,,email,complaint!!!
CUST-00896,50.6 years,,839.8986873,,6,3.292925559,Pune,SMB,Male,0,Yes,2023-07-02,,
CUST-01576,22.85132841,,556.0214464,3.31989656,4,,Pune,Consumer,Male,N,No,2025-05-24,???,good
CUST-00258,33.5 years,62992.07454,646 pts,7.055526274,4,3.319750403,,,f,Yes,Yes,2021-09-19,Google Ads,N/A
CUST-00336,23.40127821,57621.56498,751.5942017,4.911622305,4,,Chennai,SMB.,F,no,No,2021-12-08,Social,VIP
CUST-01880,18.48698614,,692.6005902,2.109583947,40,3.302118951,,Consumer,m,yes,No,2026-03-30,google_ads,good customer
CUST-01040,46.12881642,52864.60167,658.7778865,7.230026193,7,,Delhi,,Male,No,No,2023-11-25,Google Ads,
CUST-00516,42.13574271,39835.14557,601.4923843,3.131290932,6,,Pune,SMB,M,,No,2022-06-09,Email,
CUST-01349,48.99116363,73991.5346,663.1274388,3.869040723,7,,Mumbai,,,Yes,No,2024-10-05,Email,urgent
CUST-01016,,40271.37913,687.0692106,,10,2.643618253,Hyderabad,Enterprise,,N,,2023-11-01,???,N/A
CUST-00769,,86615.23189,515.3143495,99999,5,3.6016675,,SMB,Female,No,,2023-02-22,Unknown,VIP
CUST-01747,31.07604354,,786.7175309,1.435197227,3,4.043699377,Kolkata,Consumer,,Y,No,2025-11-15,Email,follow-up needed
CUST-00762,,22601.2568,,3.123414721,,4.934979821,Mumbai,SMB,Male,N,Yes,2023-02-15,website,urgent
CUST-01247,33.05420746,,599.1206793,3.594668588,10,2.695637847,Hyderabad,SMB,M,yes,Yes,2024-06-23,referral,VIP
CUST-01204,36.77123952,100968.1832,356.3059968,1.538795315,7,4.985397517,Mumbai,Enterprise,M,No,No,2024-05-10,referral,good
CUST-01468,21.6768996,19385.80943,665.18009,,,4.368336038,,SMB,Female,yes,Yes,2025-02-03,,good
CUST-01984,34.97524622,"$25,921",715.1602978,7.297589193,6,4.662916372,Delhi,,Male,,No,14/07/2026,,good
CUST-00522,thirty,146583.4325,,8.068148187,6,4.521852899,Mumbai,Enterprise,F,Y,No,2022-06-15,Google Ads,follow-up needed
CUST-00023,52.67049606,,732.3741548,2.090418633,7,,Mumbai,UNKNOWN,Male,1,No,,Email,???
CUST-00357,40.81281071,59732.59235,ERR,9.408163638,8,,Pune,Consumer,M,No,No,,website,complaint!!!
CUST-01278,,,697 pts,3.337185264,9,2.683197083,Mumbai,SMB,m,N,,2024-07-25,Website,urgent
CUST-01313,29.9 years,49975.71443,598.5788548,9.54542442,6,,Hyderabad,SMB,,no,Yes,2024-08-29,website,VIP
CUST-01683,31.54626384,59297.01395,,7.356486306,5,,Chennai,SMB,Female,No,No,2025-09-10,Social,good
CUST-00341,18,124093.7545,,7.944031567,5,4.448573507,Mumbai,Enterprise,Female,1,No,,???,
CUST-00432,,96786.04049,,2.573564219,8,4.119086223,Mumbai,Consumer,M,no,No,2022-03-16,email,ok
CUST-00474,40.22390779,,534.1348268,,,,,Consumer,Female,yes,No,2022-04-27,???,???
CUST-00218,54.04877729,"$52,112",568.66416,,3,5,Hyderabad,,Female,1,No,,,normal
CUST-00912,,"$155,352",701.3155254,,5,5,Delhi,Consumer,F,Y,No,2023-07-18,,normal
CUST-01228,31.08023249,53134.29141,827.6910299,4.781148738,4,,Pune,Consumer,F,N,Yes,2024-06-04,Unknown,complaint!!!
CUST-01597,41.85019576,43474.65917,709.119516,7.536758687,9,5,Bengaluru,Enterprise,Female,1,No,,,normal
CUST-01012,55.30765749,"$45,288",613.5799817,7.789680615,4,3.597611664,Bengaluru,SMB,Male,,No,2023-10-28,Google Ads,VIP
CUST-01950,62.01155722,53800.40438,,3.102855591,6,3.710649266,Bengaluru,Consumer,m,Y,,2026-06-10,Social,good
CUST-00094,37.04338147,86284.79181,648.5529949,6.106358296,11,3.555114424,Pune,Consumer,,yes,No,2021-04-05,Referral,ok
CUST-01009,47.07497796,,708.9793377,2.009793693,5,4.13691144,Hyderabad,Enterprise,F,1,No,2023-10-25,???,N/A
CUST-01071,35.63737162,88217.77887,611 pts,10.58147447,,2.246444786,Delhi,UNKNOWN,F,no,No,2023-12-27,Referral,complaint!!!
CUST-01093,47.53918703,92101.43436,746.8192544,3.67589013,11,2.601373311,Mumbai,SMB,f,1,No,not_a_date,Email,N/A
CUST-01915,52.28366844,16071.12464,815.4481142,6.820068525,5,4.25894277,,Consumer,Male,N,No,05/05/2026,,
,18,,628.337014,7.13735586,5,,Pune,Enterprise,Female,no,,2024-08-25,Google Ads,
CUST-00697,18,72221.17645,540.7578483,8.943713908,6,3.581420067,,Consumer,Female,Yes,No,2022-12-11,Website,urgent
CUST-01828,56.70579497,62451.40115,609.5300115,4.445181416,6,4.257780703,Kolkata,SMB,F,No,,,WEB,N/A
,47.20187446,28270.08329,549.3662455,3.019236589,6,3.441021487,Hyderabad,SMB,m,yes,Yes,2023-10-12,Unknown,good
CUST-00154,,30440.33164,none,2.608628474,5,3.072869581,Delhi,SMB,f,Y,No,,email,ok
CUST-01100,,"$76,139",575.520589,13.31311944,,3.590207719,Mumbai,Consumer,M,no,No,2024-01-25,,follow-up needed
CUST-01719,45.27549387,70650.6512,,7.739062474,7,,Delhi,Enterprise,Male,1,No,17/10/2025,WEB,
CUST-01998,36.90151977,"$48,047",517.4956446,5.901393657,,4.259976972,Kolkata,Enterprise,F,N,,,Email,
CUST-00790,,42953.46408,664.9485375,6.367790444,5,2.649049913,Pune,SMB,m,Yes,No,2023-03-15,Email,good
CUST-00581,18,,760.5462041,4.674011023,4,5,Chennai,,M,0,Yes,15/08/2022,Website,
CUST-00704,37.31654551,,607.0137227,2.806313226,,,Delhi,consumer,F,Y,Yes,,???,
CUST-01213,35.76851987,81013.40729,765.9767614,1.060639142,,3.023059806,Bengaluru,Enterprise,f,N,,2024-05-20,referral,
CUST-01296,48.1457973,,639.7516503,5.242499009,5,3.297696111,Delhi,,F,N,No,2024-08-12,google_ads,
CUST-01666,29.64545538,not available,548.396808,11.19255876,7,3.603806317,Pune,,Male,Yes,No,2025-08-24,Email,late payment
,49.99203599,58348.28529,511.5806801,2.775351735,,,Mumbai,SMB,Female,no,No,2024-07-07,,
CUST-00488,43.2 years,87681.46172,none,5.591250549,7,3.257168674,Delhi,Consumer,,yes,No,2022-05-12,???,
CUST-00560,27.33443224,124823.6041,541.2372684,8.414592487,6,5,,Enterprise,Male,,No,2022-07-24,Google Ads,late payment
CUST-01142,18,291430.7792,612.4996839,6.061952499,5,2.727500206,,Consumer,m,,No,2024-03-08,,urgent
CUST-01120,26.13647421,"$27,675",557.3147468,4.564866408,7,,Delhi,consumer,m,0,Yes,2024-02-15,Website,
CUST-00802,24.99561407,93758.81183,583 pts,2.992365763,3,3.399528594,,Consumer,Female,0,No,2023-03-28,Social,urgent
CUST-00513,39.19372968,61944.92955,650.2957206,,,3.654350602,Mumbai,Consumer,,Y,No,06/06/2022,referral,
CUST-00634,18,"$55,161",,,,2.704563384,Delhi,Consumer,Male,yes,Yes,2022-10-08,,N/A
CUST-01922,50.32286896,46222.39892,618.104185,6.151929328,4,3.764390272,Kolkata,Consumer,Female,,No,2026-05-12,Unknown,
CUST-01788,18.89584397,,485.7846827,6.391600998,4,2.171657643,Kolkata,SMB,f,N,No,2025-12-26,website,complaint!!!
CUST-01546,35.1600941,,,,6,2.56500727,Hyderabad,Consumer,f,Y,No,2025-04-24,WEB,good
CUST-01151,40.20869398,"$63,822",,,6,4.402181637,Bengaluru,SMB,Female,No,Yes,not_a_date,Email,???
CUST-00791,,"$124,103",774.256799,2.492568432,5,2.078932615,Delhi,UNKNOWN,Female,Y,No,,Email,
CUST-00117,,56929.70448,733.021016,9.869792408,,4.190690605,Delhi,SMB,Female,No,No,2021-04-29,website,complaint!!!
CUST-00741,50.02094477,34405.53269,457 pts,2.065312342,4,3.771533059,Mumbai,Enterprise,M,no,No,2023-01-25,,???
CUST-01691,31.58226394,81648.58776,685.8318509,2.60051604,6,5,,Enterprise,F,N,,2025-09-19,???,ok
CUST-01082,36.18502824,,,2.800249475,4,3.830086259,Chennai,SMB,,Y,No,2024-01-07,email,
CUST-00831,42.75120649,33246.81718,,9.685891454,5,2.841817397,Hyderabad,consumer,F,Y,No,2023-04-26,referral,
CUST-00120,,84118.7995,772.4646999,5.40002351,4,,Mumbai,consumer,F,Yes,No,2021-05-02,Referral,good customer
CUST-00657,27.57143303,63740.66327,676.4293362,7.118886657,4,,Mumbai,Enterprise,m,yes,Yes,2022-10-31,Social,
CUST-01908,,30908.18591,672.3130704,,8,3.223495975,Bengaluru,,f,,No,2026-04-28,Referral,
CUST-00636,34.6 years,106849.035,729.2276257,6.536248677,6,2.797858984,Chennai,SMB,Male,Yes,,2022-10-10,,
CUST-00370,48.13262229,84879.493,,5.562588197,7,2.786893585,,SMB,M,,No,2022-01-12,email,VIP
CUST-00269,38.63786417,19922.46181,,11.46248815,6,5,Mumbai,,f,N,,2021-10-01,Referral,good customer
CUST-00656,41.8 years,39848.23724,,2.567201065,4,4.517047086,,Consumer,M,,,2022-10-30,,ok
CUST-00936,45.1 years,,423.0687556,,,3.770999703,Kolkata,SMB,Male,,No,,Google Ads,follow-up needed
CUST-00823,24.05504585,79767.93095,712.9558826,8.85264713,13,2.741328412,Chennai,Consumer,,No,No,2023-04-18,Social,urgent
CUST-00867,21.893898,72814.08988,782 pts,4.639697611,9,4.237422874,,Consumer,F,0,No,2023-06-02,Social,complaint!!!
CUST-00047,48.45714534,79089.22115,729.3977876,2.510237664,6,4.126419253,Pune,Consumer,F,1,No,2021-02-16,Google Ads,follow-up needed
CUST-01374,18.7 years,39892.78054,828.3137109,1.379331505,4,5,Bengaluru,Enterprise,,,,2024-10-31,Unknown,
CUST-01709,50.29906032,₹55k,630.411765,2.194003213,4,5,Pune,SMB.,F,Yes,No,2025-10-07,Social,???
CUST-00992,,,,5.092418595,7,2.37458456,,SMB,M,Yes,No,2023-10-07,referral,
CUST-00877,37.85216848,"$26,579",643.5669356,6.38812229,2,3.963413919,Chennai,,M,No,No,2023-06-12,WEB,N/A
CUST-00774,54.20750145,50262.68375,677.0077198,2.616226374,3,4.003936561,Hyderabad,SMB,f,No,No,2023-02-27,Social,
CUST-01220,,,628.9454038,,5,,Bengaluru,Consumer,Female,yes,No,2024-05-27,website,???
CUST-02000,,"$27,606",,,2,5,Delhi,Enterprise,Female,,No,2026-07-31,Google Ads,
CUST-00005,,25398.696,498.3165322,2.349631808,6,2.955815948,Mumbai,Consumer,Female,no,No,05/01/2021,,normal
CUST-01004,45.60692453,not available,,2.083318077,3,-999,Kolkata,SMB,m,0,No,2023-10-20,referral,N/A
CUST-01724,,90786.3177,536.3072644,1.80282398,12,5,Mumbai,SMB,,yes,No,2025-10-22,,follow-up needed
CUST-00264,,49407.1054,,7.895920367,6,3.78373313,Delhi,,m,0,Yes,2021-09-25,Social,normal
CUST-01570,18.95482039,"$87,822",736.0263724,3.364947005,8,1.87934181,Hyderabad,,,Yes,Yes,2025-05-18,Unknown,follow-up needed
CUST-01831,46.96726461,,523.905343,,5,3.338343224,Hyderabad,Consumer,Male,N,No,2026-02-08,???,normal
CUST-00444,53.84793987,82612.75313,530.508055,1.404790069,3,4.409517013,Hyderabad,Consumer,,,No,2022-03-28,Website,???
CUST-01003,,,,,7,2.682271617,Bengaluru,Consumer,Male,1,No,not_a_date,Google Ads,urgent
CUST-01078,71.71053033,21293.2121,624.5206116,15.08793142,9,,Hyderabad,SMB,Female,,Yes,2024-01-03,referral,complaint!!!
CUST-00838,55.1298234,62439.80368,,4.691936631,5,,Hyderabad,Enterprise,f,,Yes,2023-05-03,Social,good customer
CUST-01791,18.1 years,,632.2093506,4.599835931,6,4.050630307,Hyderabad,SMB,Female,N,No,2025-12-30,,???
CUST-00305,??,67388.88667,,8.307149419,5,,,Consumer,f,yes,No,,Referral,good
CUST-01366,42.5 years,27175.47736,716.7431,6.420078674,13,,Kolkata,,m,Y,Yes,2024-10-22,,ok
CUST-01558,47.25839912,68902.76832,764.4107945,6.858317973,3,3.341412192,Bengaluru,,m,Y,No,2025-05-06,WEB,late payment
CUST-00314,43.2679179,missing,,,9,2.33775927,Bengaluru,Consumer,f,,No,2021-11-15,google_ads,
CUST-00150,39.88458281,,681.4759535,4.926766002,6,,Kolkata,SMB,F,yes,Yes,2021-06-01,website,
CUST-01149,50.2 years,,688.0419462,,,3.978191659,Bengaluru,UNKNOWN,f,yes,No,2024-03-15,WEB,VIP
CUST-01214,29.4 years,31295.82269,663.4844929,11.0258173,5,2.541940379,Hyderabad,Consumer,,N,Yes,2024-05-21,WEB,N/A
CUST-00575,40.27812071,52829.14923,280.2131704,6.226230054,3,3.450964996,,,f,1,No,2022-08-08,,
CUST-00051,41.46943278,"$83,857",660.4231415,6.874490747,7,2.746776411,Chennai,,f,0,No,2021-02-20,referral,N/A
CUST-01553,31.01934381,97118.15966,,6.087617238,2,,Bengaluru,Consumer,F,N,No,2025-05-01,Website,N/A
CUST-00727,,33437.86895,647.9349167,2.929423127,6,,Hyderabad,consumer,m,Y,No,2023-01-10,Social,urgent
CUST-00834,33.44232186,"$31,808",514.5855294,6.143544115,7,,,Enterprise,f,Yes,No,2023-04-29,Website,complaint!!!
CUST-01378,40.1271364,47170.16898,674.602197,4.614023154,7,2.091833859,Chennai,Consumer,Female,0,No,2024-11-04,,???
CUST-01116,38.9478646,83028.24263,685.7979028,8.485824933,4,,Pune,consumer,Male,0,No,2024-02-11,Social,ok
CUST-01167,67.4890891,error,637.4668419,5.026280054,7,3.244191218,Bengaluru,UNKNOWN,f,0,No,03/04/2024,,complaint!!!
CUST-00471,42.17250143,,,11.8665281,7,2.761695883,Bengaluru,Enterprise,Female,0,No,2022-04-24,,
CUST-00972,36.72581683,53410.99413,655 pts,4.322685301,9,3.832497002,Delhi,Enterprise,F,,No,2023-09-17,website,N/A
CUST-00654,24.75511163,,707.1982392,5.922733681,3,4.522073874,Mumbai,Consumer,,,No,2022-10-28,Referral,good
CUST-00400,29.54392085,,666.1606136,5.820139547,5,,Delhi,Consumer,Male,1,No,,Website,normal
CUST-00512,34.43211965,140619.1803,471.2780908,7.874543742,,3.740862811,Bengaluru,SMB,F,Y,No,2022-06-05,,late payment
CUST-00321,47.4 years,69271.86784,,7.904368524,5,2.392643855,Delhi,SMB,F,No,No,2021-11-23,,urgent
CUST-00020,37.40088907,71483.36872,566.2729872,2.676832705,6,3.152472242,Pune,Consumer,Male,Y,No,,???,
CUST-00685,32.77511032,"$24,295",703.2914436,,,3.809666561,,Consumer,M,no,No,2022-11-29,Google Ads,VIP
CUST-00036,,82483.08791,607.3323696,,5,3.949679452,,Consumer,m,,Yes,2021-02-05,Social,complaint!!!
CUST-00903,36.2 years,96448.13901,470.3777545,2.595623784,4,4.175096449,Kolkata,Consumer,F,,No,2023-07-09,website,normal
CUST-01779,24.54282745,,591.5443259,5.244813426,11,,Mumbai,UNKNOWN,,N,No,2025-12-17,WEB,VIP
CUST-00828,36.58866973,158508.1491,545.2948006,6.023187643,1,4.035520231,Pune,,M,1,No,not_a_date,WEB,???
CUST-01854,46.06537178,,,3.401525297,6,3.296442452,Hyderabad,SMB,M,1,,2026-03-04,email,N/A
CUST-00408,,45254.85849,580 pts,6.206432161,2,2.975001365,Bengaluru,Enterprise,F,Y,No,,Unknown,urgent
CUST-00921,34.18512142,36974.7848,712.1306145,0.7299293524,11,2.410201519,Pune,SMB,Female,yes,No,2023-07-27,Social,N/A
CUST-00538,N/A,"$22,540",626.5539061,2.063034202,9,3.424885746,,,Male,,No,2022-07-02,,late payment
CUST-00759,,83089.20004,588.3275996,3.177107292,6,4.561644536,Chennai,UNKNOWN,Female,,No,2023-02-12,referral,
CUST-01905,45.42926022,22585.5018,627.9727544,2.14886477,5,,Hyderabad,SMB.,F,Y,Yes,,Unknown,follow-up needed
CUST-01063,32.52234627,,786.1598007,,5,4.810031612,,Enterprise,Female,Yes,No,2023-12-19,,normal
CUST-01200,25.30062739,43697.26746,607.9980307,6.259285484,6,3.7030267,Bengaluru,Consumer,f,1,No,2024-05-06,,late payment
CUST-00246,22.55092902,39097.08625,589.7488508,2.801747871,6,4.011575457,Mumbai,,Female,,No,07/09/2021,Google Ads,good
CUST-01417,,58595.35559,620.6755504,0.645297865,10,3.160154994,Bengaluru,consumer,f,Yes,No,2024-12-13,referral,urgent
CUST-01128,,69021.87288,608.7765024,3.199310369,9,4.001954817,Chennai,Consumer,F,No,No,2024-02-23,Referral,follow-up needed
CUST-00785,38.13734527,67962.48655,618.5247231,,5,4.175447488,Mumbai,consumer,Male,1,No,2023-03-10,,
CUST-01743,44.07899785,,577.7118809,5.081112374,6,5,Hyderabad,Enterprise,,,Yes,11/11/2025,Email,
CUST-00490,,,612.8271807,3.403141321,,3.46102236,Chennai,consumer,f,Yes,No,,,
CUST-00155,37.35460939,,632.1458052,4.701753324,4,2.750948733,Bengaluru,,m,Y,Yes,2021-06-06,Website,normal
CUST-00962,39.57232539,54176.37027,none,4.848687679,,3.40524904,Pune,SMB,Male,N,No,2023-09-07,Social,normal
CUST-00854,,62878.39288,611 pts,13.98994091,6,3.861432947,,SMB,M,no,Yes,2023-05-20,,good customer
CUST-01312,47.65484362,78533.15346,602 pts,4.950721636,6,2.669675334,Hyderabad,Consumer,f,yes,,2024-08-28,Social,ok
CUST-00626,31.59857183,50501.84969,,,10,4.654952058,,,m,Y,No,,,N/A
CUST-00686,32.25076195,,564.747509,4.47277746,,3.888190085,Pune,Consumer,Male,0,No,2022-11-30,email,N/A
CUST-01562,39.67909174,58538.63603,,1.747244771,4,2.391685544,Kolkata,Consumer,Male,no,Yes,2025-05-10,referral,good
CUST-00570,40.25568305,71199.19755,,6.504987622,13,3.676683101,Hyderabad,SMB,,1,Yes,2022-08-03,Google Ads,urgent
CUST-01909,,missing,ERR,8.961059429,8,4.711650551,,,F,Yes,No,2026-04-29,WEB,
CUST-00018,66.23352198,"$38,251",717.1490301,2.603501445,6,3.348125559,,Enterprise,F,Y,No,2021-01-18,Referral,complaint!!!
CUST-00128,23.73484335,"$41,234",533.4464291,3.81068406,2,3.916355185,Pune,Consumer,m,Yes,No,2021-05-10,email,complaint!!!
CUST-01347,41.92212164,"$506,702",687.371593,8.061958286,,4.170750111,Kolkata,Consumer,F,yes,No,not_a_date,,VIP
CUST-01280,,,777.097404,4.685617843,5,3.795824178,,Consumer,M,no,No,,,
CUST-01969,32.8345,39150.11115,457 pts,5.385810821,5,4.507221904,Chennai,,f,1,Yes,2026-06-29,google_ads,normal
,42.96550781,"$64,045",561 pts,4.549290756,4,3.513904219,Chennai,Consumer,m,No,No,03/08/2023,Email,
CUST-00981,43.56043767,"$52,352",765.5385798,10.22380422,6,4.331577732,Bengaluru,UNKNOWN,F,0,No,2023-09-26,WEB,late payment
CUST-01965,,,743.3421445,,6,,Bengaluru,Consumer,,,No,2026-06-25,,
CUST-00191,58.68398865,,,1.170668454,3,3.59240448,Delhi,Enterprise,Male,Yes,No,2021-07-13,Google Ads,complaint!!!
CUST-01140,38.04555502,162721.6315,747.4864623,6.289878711,9,4.460622709,,consumer,M,yes,No,2024-03-06,Unknown,normal
CUST-00993,59.53244066,53242.66059,505.8209438,6.326268116,7,3.168581337,Delhi,SMB.,f,1,No,2023-10-08,Social,follow-up needed
CUST-01956,,,,5.080835492,4,4.830551426,,SMB,Male,,No,2026-06-16,???,urgent
CUST-01657,42.66169041,48388.65045,661.8569474,5.177050004,2,3.772932453,,Enterprise,Female,Yes,No,2025-08-15,Website,ok
CUST-00607,47.2 years,"$31,857",604.6984974,3.955963669,11,4.642120407,,,Female,Yes,No,2022-09-10,,urgent
CUST-00181,,,540.7942993,8.183530789,6,5,Hyderabad,SMB,M,,No,2021-07-03,,N/A
CUST-00302,19.59366314,33710.91839,522.7838111,12.18877601,1,3.617440823,,SMB,,,Yes,2021-11-03,,late payment
CUST-00497,18,51428.21989,668.8747023,6.970637369,4,1.443713546,Hyderabad,Enterprise,,no,No,2022-05-21,,
CUST-01721,,56415.55887,491.7313462,,,3.092261194,Hyderabad,Consumer,F,0,No,2025-10-19,referral,good customer
CUST-01710,36.032558,47195.26702,708 pts,1.451672315,12,3.959594845,Mumbai,UNKNOWN,,Y,No,,email,follow-up needed
CUST-01888,40.39562021,43809.48304,,1.867001188,4,2.687707131,,Enterprise,f,,Yes,2026-04-07,email,???
CUST-01992,44.54387914,31142.4568,644.3138155,3.520033372,3,3.128333354,Delhi,Consumer,Male,yes,Yes,,referral,late payment
CUST-00518,29.7 years,121162.1699,649.3415481,9.486935047,7,3.201229408,Kolkata,,Female,,No,2022-06-11,Google Ads,VIP
CUST-01985,28.5682807,35306.89981,773.5779319,4.232449797,6,2.764142309,Pune,Consumer,Male,No,No,2026-07-15,Email,good customer
CUST-01070,37.1 years,34549.97855,598.1262277,7.878459222,9,2.027291089,,Consumer,M,N,No,2023-12-26,website,good
CUST-00477,50.76621839,17992.27362,659 pts,6.05044274,9,4.049835317,Mumbai,Consumer,f,Y,No,2022-05-01,???,normal
CUST-00158,49.79287413,35238.30264,545.9461292,5.872270022,7,4.145301163,Bengaluru,Consumer,Male,no,Yes,2021-06-09,WEB,follow-up needed
CUST-01244,,63393.95996,766.7573384,4.505572086,6,3.682772309,,SMB.,f,Y,No,2024-06-20,Referral,
CUST-01196,61.52581521,"$98,449",673.1082812,2.229107859,,4.674593963,Bengaluru,,f,No,No,2024-05-02,Social,
CUST-00017,42.42500941,"$54,157",,6.973651941,10,2.897836949,Bengaluru,,,1,Yes,2021-01-17,Email,complaint!!!
CUST-01536,26.48686696,26382.13048,,3.854177545,9,3.556641763,Delhi,Enterprise,f,No,No,2025-04-14,,N/A
CUST-01073,35.24848816,23178.59971,603.0607592,8.424060504,8,5,,consumer,Male,yes,No,2023-12-29,,
CUST-01972,34.31963255,62053.98014,638.3247483,10.53302508,,,,consumer,Female,0,Yes,2026-07-02,email,follow-up needed
CUST-00547,40.4 years,46330.15122,,2.047881496,6,3.772346182,Pune,SMB,Male,Yes,No,2022-07-11,website,VIP
CUST-01540,56.19642376,35147.01508,ERR,4.835297709,5,2.455958137,Chennai,SMB,Female,Y,,2025-04-18,website,
CUST-00659,,"$49,817",704.2177447,8.921638966,5,4.046585773,Hyderabad,Consumer,F,yes,Yes,2022-11-02,Social,urgent
CUST-01626,51.58462746,167250.5702,715.8765205,,,3.672138108,Pune,Consumer,F,no,No,2025-07-14,,
CUST-01020,45.43642359,"$17,863",753.6030993,8.236962742,7,4.734383746,,Consumer,Male,1,Yes,05/11/2023,Website,complaint!!!
CUST-01663,36.76805491,43428.818,,3.78183363,,3.625877122,Hyderabad,Consumer,m,No,No,,Google Ads,VIP
CUST-01505,35.5 years,60109.73112,749.5885387,,3,2.425954137,Delhi,Consumer,Female,1,No,2025-03-13,WEB,
CUST-00960,42.89643412,"$160,831",six hundred,4.134489382,4,2.941151633,Pune,,m,N,No,2023-09-05,,follow-up needed
CUST-01882,55.0652762,"$119,220",,4.537870004,1,3.565449842,Delhi,Enterprise,Female,N,No,2026-04-01,,
CUST-00284,43.5 years,512398.1698,591.4350892,7.925813219,2,,,,f,no,No,2021-10-16,???,good customer
CUST-00798,,47736.51057,,,,3.953115733,Mumbai,,Female,no,No,2023-03-24,Social,follow-up needed
CUST-01627,18,56418.86937,801.639472,6.282156585,1,3.880374035,Bengaluru,SMB,,Y,Yes,2025-07-15,???,complaint!!!
CUST-00226,40.73873996,62564.45363,690.7007674,1.86858986,9,4.162213165,,SMB.,f,1,No,2021-08-18,google_ads,complaint!!!
CUST-00027,,75050.97457,,,,3.904548235,Pune,,m,No,No,2021-01-27,Referral,
CUST-01771,32.6 years,43190.8321,671.7717556,4.029000883,8,5,Hyderabad,Consumer,M,Y,Yes,2025-12-09,Referral,good customer
CUST-00438,unknown,,six hundred,1.062510784,,2.346157828,Bengaluru,consumer,m,yes,Yes,2022-03-22,,good customer
CUST-01949,27.54540714,53347.85811,741.9575979,8.193693092,2,3.509505863,Mumbai,,Male,,No,2026-06-09,Social,complaint!!!
CUST-01389,42.03681126,,736.2661573,6.669797654,4,2.952956345,,,Female,Yes,No,2024-11-15,???,good
CUST-00230,34.55139966,64061.42748,635.2780338,6.195885767,2,4.548798193,,Enterprise,Female,,Yes,2021-08-22,,complaint!!!
CUST-00038,27.91812228,95148.45649,718.0838043,1.623935047,12,3.023718556,Chennai,SMB,Male,0,No,2021-02-07,Website,normal
CUST-00750,27.28243254,83071.71241,727.7418213,4.723269898,11,4.39610617,Hyderabad,SMB,f,N,No,2023-02-03,???,good customer
CUST-01046,27.68952778,44786.21928,533.3142502,15.76862556,4,4.429468178,Bengaluru,SMB,,,Yes,2023-12-01,email,normal
CUST-01399,44.90655812,,248.1013037,,5,3.550965278,Chennai,Enterprise,F,no,Yes,2024-11-25,email,normal
CUST-00470,26.4549066,₹55k,,10.05964835,6,,Hyderabad,Consumer,f,No,,2022-04-23,Social,ok
CUST-01693,,18935.13594,,3.844158859,7,5,Hyderabad,consumer,Male,no,Yes,2025-09-21,Referral,N/A
CUST-01968,N/A,30966.44245,634.8593259,6.715110264,6,4.634730304,Bengaluru,Consumer,m,,Yes,2026-06-28,Google Ads,VIP
CUST-00688,,,635.5063747,5.152704618,,3.233083758,Kolkata,UNKNOWN,M,No,No,2022-12-02,Website,follow-up needed
CUST-01844,20.03152196,,558 pts,1.163025734,5,4.139356957,Kolkata,Consumer,f,0,Yes,22/02/2026,,ok
CUST-00640,44.2940885,39864.2343,694.9387612,2.046690247,72,4.076241988,Pune,Consumer,Male,1,Yes,2022-10-14,Unknown,follow-up needed
CUST-01713,45.7 years,50726.21106,641.7336732,4.175272166,,,Pune,,Female,no,Yes,2025-10-11,???,
CUST-01219,23.65569231,187932.7864,567.1861084,8.798019736,3,3.55453904,,consumer,f,N,Yes,2024-05-26,Social,
CUST-01159,18.0 years,24679.95076,624 pts,8.934679466,6,,Bengaluru,,Female,,No,2024-03-26,,ok
CUST-01416,,57018.51871,575.5879066,5.662991264,8,3.249381921,Bengaluru,,Male,yes,,2024-12-12,referral,good customer
CUST-01528,,26558.75954,557.5045736,7.612202564,12,3.579192041,Bengaluru,consumer,m,,No,2025-04-06,,???
CUST-01656,,66599.50517,646.4581346,3.322473608,,2.306081465,Bengaluru,,Female,Yes,No,2025-08-14,email,follow-up needed
CUST-01301,,74438.46001,,7.900676752,5,3.077801268,Bengaluru,UNKNOWN,Male,,No,2024-08-17,referral,follow-up needed
CUST-01823,,,638.7411151,99999,2,5,Mumbai,SMB,m,,No,2026-01-31,,late payment
CUST-00801,,,799.7704498,3.023681718,3,2.521037625,Chennai,Enterprise,M,Yes,No,2023-03-27,email,ok
CUST-01604,,122649.0628,791.2980376,7.673026821,8,3.927367038,Kolkata,SMB,m,,No,22/06/2025,???,urgent
CUST-00161,,41284.4919,261.433939,7.089411427,6,,Hyderabad,Consumer,Male,no,No,2021-06-13,,
CUST-00957,32.19163842,73663.39212,ERR,6.923821239,4,4.041388855,Mumbai,Consumer,Female,Yes,No,02/09/2023,???,???
CUST-01187,34.20562755,32063.82774,473.1116824,4.786217046,2,3.702776639,Mumbai,UNKNOWN,Male,N,Yes,23/04/2024,google_ads,???
CUST-00822,55.25332328,64828.03633,668.3751081,6.180129821,,3.78504343,Kolkata,Enterprise,f,Yes,No,2023-04-17,???,???
CUST-01682,25.69507847,74902.01707,679.0659764,3.538977056,6,,Bengaluru,,,1,No,,Unknown,complaint!!!
CUST-00878,35.34839219,40930.5447,,0.8430393419,8,,Mumbai,,Female,yes,No,2023-06-13,WEB,good
CUST-00914,30.5339876,,630.6115827,14.57235544,9,,Kolkata,UNKNOWN,Male,,No,2023-07-20,WEB,complaint!!!
CUST-00153,18,34522.93667,,3.310177614,,3.841667888,Bengaluru,Consumer,f,Y,No,,,
CUST-01871,48.4632124,55533.05789,,,,,Hyderabad,,m,,No,2026-03-21,google_ads,normal
CUST-01777,21.83836941,33408.02373,630.9881048,,5,5,,Consumer,F,Yes,Yes,2025-12-15,Google Ads,normal
CUST-00510,43.6 years,,733.4003148,0.9932993816,6,5,Chennai,Consumer,,,No,03/06/2022,,
CUST-01136,53.46133099,29625.10192,696.8668354,1.801398812,8,,,SMB,,N,No,2024-03-02,Google Ads,complaint!!!
CUST-01251,49.60759083,,536.5280633,9.039162058,5,3.131242423,Bengaluru,SMB,M,,No,,referral,
CUST-01684,,42981.67275,622.9006764,3.411689277,6,4.355689576,Bengaluru,SMB,F,No,No,2025-09-11,google_ads,urgent
CUST-00104,46.85018682,84088.01484,431.6682436,3.841781188,11,3.778973838,Mumbai,SMB,M,1,No,,,follow-up needed
CUST-01446,41.48048476,45898.26224,,3.490009177,7,4.410588005,,consumer,m,Yes,No,12/01/2025,,VIP
CUST-01444,55.26446579,44787.96898,six hundred,5.093092895,8,4.083271629,Delhi,,Male,,No,2025-01-10,,urgent
CUST-00587,23.88062337,57560.01809,,4.487166644,,2.753065344,Delhi,consumer,Male,,Yes,21/08/2022,Google Ads,good customer
CUST-01769,26.98695755,91604.77167,696.9148337,6.391521092,1,,Mumbai,Consumer,Female,no,,2025-12-07,google_ads,follow-up needed
CUST-01144,31.48195003,63287.60704,657.2880271,4.260063694,5,3.530839611,Bengaluru,consumer,Female,1,No,2024-03-10,WEB,good customer
CUST-00054,34.1639454,"$264,787",786.9403469,,10,3.945220368,Pune,Consumer,F,Y,No,,Email,follow-up needed
CUST-00152,25.57215497,,632.5681213,13.06180824,2,4.855843536,Bengaluru,SMB,Male,,No,2021-06-03,website,good customer
,33.27510593,37475.10034,,4.345688894,11,-999,Mumbai,SMB,f,,,2022-02-15,Social,ok
CUST-01943,23.26501339,34692.73826,615.4709651,7.127877659,2,,,Consumer,F,Y,No,2026-06-02,website,
CUST-00208,23.37424327,"$69,968",703.2620917,11.44298194,8,2.933352693,Delhi,consumer,,Y,No,2021-07-30,Email,complaint!!!
CUST-01895,34.80303759,77668.8929,600.5750728,1.122325665,10,,,Consumer,m,1,No,2026-04-15,referral,N/A
CUST-01123,29.00223994,,647.0472521,4.333869915,6,,Hyderabad,Consumer,M,Y,No,2024-02-18,Website,good
CUST-01891,50.29415211,28185.47045,827 pts,3.909336972,6,99999,Hyderabad,Enterprise,Male,N,,10/04/2026,WEB,late payment
CUST-00009,37.79838611,"$105,759",539.6144966,11.94952628,,,Hyderabad,SMB,M,,No,2021-01-09,,follow-up needed
CUST-01015,,94662.62258,598.3562717,9.328514976,3,4.086539647,Chennai,Consumer,Female,1,,2023-10-31,,good
CUST-01907,38.4 years,22877.45185,587.2065886,1.946611306,4,3.563797897,Pune,,m,no,Yes,2026-04-27,Referral,VIP
CUST-01061,36.15577875,,732.6273764,10.69395716,10,4.15596144,Hyderabad,Consumer,m,0,No,,google_ads,urgent
CUST-00453,61.41215072,,599.0202301,6.849886432,5,1.68495649,Pune,,Female,no,No,2022-04-06,referral,
CUST-00254,26.15771506,14844.59978,667.433852,9.443560742,5,2.810252982,,Enterprise,M,Y,No,,Social,late payment
CUST-01328,18.93322923,,,,3,2.472414826,Mumbai,Consumer,Male,N,No,,,
CUST-00897,29.88779233,,179.4090881,5.076946932,6,3.159209749,Hyderabad,,Male,N,No,2023-07-03,website,ok
CUST-01734,20.69625517,44754.67435,605.4983698,2.434675834,,1.909989044,Hyderabad,consumer,m,0,No,2025-11-01,,N/A
CUST-00881,40.70671807,65066.00985,811.5106726,6.680794491,8,,Chennai,Consumer,M,N,No,16/06/2023,referral,N/A
CUST-01596,43.43046103,216662.2224,646.1882356,7.043882896,13,3.090213219,Delhi,Consumer,M,No,Yes,2025-06-14,,follow-up needed
CUST-01889,19.26556493,47616.33443,656.9267945,,2,4.358873663,Chennai,Consumer,F,,Yes,2026-04-08,,ok
CUST-00624,30.56400879,61783.49571,633 pts,15.71492843,4,4.392726902,,SMB,Male,,,2022-09-27,Unknown,???
CUST-00346,18,,671 pts,6.097061166,3,3.820940671,Bengaluru,Enterprise,Female,1,No,2021-12-18,,good
CUST-01703,39.69703368,36589.92636,631.3816034,4.727560739,10,1.319345744,Pune,SMB,Male,N,No,2025-10-01,Referral,
CUST-00263,40.78603868,59343.70243,543.8443329,0.8907574401,6,3.740002056,Pune,,f,No,No,2021-09-24,Social,good
CUST-01635,,50050.66428,,3.373362994,6,4.448313478,Pune,,Female,,Yes,2025-07-24,google_ads,good
CUST-01322,31.27095003,,713.583898,3.65198791,8,,Bengaluru,Consumer,Female,yes,No,2024-09-08,???,follow-up needed
CUST-01439,23.03219036,47043.78352,534.9431054,9.451638574,5,3.863642364,Mumbai,Consumer,,Yes,Yes,2025-01-05,Email,good
CUST-00151,,53112.02777,558 pts,3.829483346,7,,Bengaluru,Enterprise,m,no,Yes,2021-06-02,referral,
CUST-00473,34.58763394,65864.11419,833.9561274,,3,4.226294792,Mumbai,Enterprise,m,Yes,No,2022-04-26,Referral,
CUST-00641,20.06713256,"$76,027",620.1937645,1.179719358,10,2.775317793,Mumbai,Consumer,F,Y,No,2022-10-15,???,complaint!!!
CUST-01983,38.37256641,45181.67686,677.2579863,6.424391444,8,,Chennai,SMB.,F,,No,2026-07-13,Referral,
CUST-01883,32.51828023,65718.37573,779 pts,1.267340616,,2.925589099,Pune,SMB,M,0,Yes,2026-04-02,google_ads,ok
CUST-00551,,21841.73196,556.8497993,1.279180163,8,3.656743131,Bengaluru,,f,Yes,Yes,2022-07-15,Referral,N/A
CUST-01780,55.54826316,,819.7122499,12.08865069,9,3.822467164,,Enterprise,M,Yes,,,,
CUST-00929,35.21276804,26169.67782,,,9,4.589318373,,Consumer,m,Y,No,2023-08-04,Social,
CUST-00489,,117341.4564,711.8072619,2.780919542,,2.622446973,Mumbai,,m,,Yes,2022-05-13,Unknown,
CUST-01812,18,,704.2364133,3.814031527,5,4.225943651,Delhi,UNKNOWN,m,No,No,2026-01-20,Social,
CUST-01172,18,80324.0936,644.4369028,3.868529272,,3.029317226,Chennai,,F,,No,2024-04-08,email,
CUST-00147,30.65483841,32748.56788,634.0750507,4.235304181,15,4.312965769,Delhi,SMB,Female,0,Yes,2021-05-29,Google Ads,ok
CUST-01705,40.8 years,73305.18205,619.8435992,2.195159574,9,4.83718779,,,Male,yes,Yes,2025-10-03,website,N/A
CUST-01929,48.39470241,,691.8300976,1.937358263,3,2.967220803,Pune,SMB,Female,N,Yes,2026-05-19,Unknown,good customer
CUST-00403,47.84634171,,500.2942329,,,,Hyderabad,Consumer,m,Yes,Yes,2022-02-14,Email,normal
CUST-00955,29.4547755,17061.76401,534.3336117,8.108127436,6,3.834519803,Pune,Consumer,M,No,No,,referral,ok
CUST-01878,59.7069745,65568.00766,592.5413713,5.473299456,,1.740733678,Pune,Consumer,M,N,No,28/03/2026,Referral,follow-up needed
CUST-00660,34.11449955,,704.4274914,11.97142876,,,Bengaluru,SMB.,F,No,Yes,2022-11-03,???,ok
CUST-01373,42.85826105,"$24,407",634 pts,2.917858104,7,2.663363504,Pune,Consumer,Female,,No,2024-10-30,referral,???
CUST-00464,18,28601.21218,651.4187321,10.06439433,8,4.36566373,Chennai,,f,yes,Yes,2022-04-17,website,
CUST-01350,36.69025818,33213.49485,557.5861877,1.596798374,3,,,Consumer,Male,N,Yes,2024-10-06,,???
CUST-00187,,,,4.213465758,7,4.355218319,Bengaluru,Consumer,f,N,No,,Email,???
CUST-01148,33.38904905,51659.7614,552.5613448,,,3.693676099,Delhi,,m,Y,No,2024-03-14,Website,late payment
CUST-01225,27.2 years,63283.73274,612.1860579,7.887493845,6,,Kolkata,SMB,,,No,2024-06-01,website,late payment
CUST-00609,18.0 years,,616.6326134,1.671022142,2,4.50233573,Delhi,Consumer,F,Yes,No,2022-09-12,referral,
CUST-00144,41.21253755,,689.9497967,7.956778254,3,2.379005087,Hyderabad,Consumer,F,no,,2021-05-26,,normal
CUST-00752,,44293.26244,655 pts,14.69398263,,,Hyderabad,Enterprise,F,,No,2023-02-05,Referral,good customer
CUST-01535,62.10506463,71273.23969,686.3650263,2.687949757,5,4.010653533,,Enterprise,f,1,No,2025-04-13,Website,normal
CUST-00982,,,591 pts,8.180579844,4,4.975298625,Hyderabad,,m,N,No,2023-09-27,Google Ads,follow-up needed
CUST-00198,unknown,,694.7558631,5.317777144,6,,Chennai,SMB,m,N,No,2021-07-20,,???
CUST-01634,37.79554533,51282.20779,549.9062385,,7,4.115050088,Bengaluru,Consumer,M,,No,2025-07-23,Referral,late payment
CUST-00884,23.93634089,103005.2769,808.2574053,6.1219113,10,3.78252746,Pune,UNKNOWN,f,1,No,,referral,???
CUST-00280,41.1529907,,715.2027905,,6,2.849727152,Bengaluru,Enterprise,,yes,,2021-10-12,email,
CUST-00294,18,43497.36861,603.7567865,2.222302785,7,1.984888769,Delhi,,Male,Y,No,2021-10-26,google_ads,good customer
CUST-01824,45.73470094,48981.25857,521.86411,10.23029945,6,,Mumbai,UNKNOWN,Male,1,Yes,01/02/2026,WEB,good
CUST-00401,35.84466303,,717 pts,1.113275062,8,3.145655765,Pune,Consumer,Female,Yes,No,,Google Ads,VIP
CUST-00123,40.63996021,35244.65525,,,3,4.421319783,Bengaluru,Enterprise,M,,Yes,2021-05-05,Referral,good
CUST-01208,27.4 years,,727.7190957,8.148730197,,4.105486367,,consumer,Female,No,No,,Website,N/A
CUST-00203,39.08701888,57816.44196,656.8224102,4.503013803,6,,Hyderabad,Consumer,F,no,No,2021-07-25,Referral,follow-up needed
CUST-01463,27.75488933,26684.08118,523.4465922,3.903373503,9,,Chennai,,,yes,Yes,2025-01-29,,late payment
CUST-00836,27.3 years,,470.7650844,3.033582966,7,3.86286768,Bengaluru,,M,no,No,2023-05-01,website,
CUST-00247,24.83857306,,634.9884081,1.919737181,4,1.336307413,Kolkata,SMB,Female,No,No,2021-09-08,email,N/A
CUST-01440,51.45008782,158553.2067,768 pts,9.84919683,5,3.077061943,Bengaluru,Consumer,M,No,No,not_a_date,Referral,follow-up needed
CUST-01754,31.21233502,,831.9975551,2.599115628,,,Pune,Consumer,F,0,No,2025-11-22,website,follow-up needed
CUST-01902,50.85565447,79179.90617,644.7467679,8.262385801,3,2.378186935,Bengaluru,SMB,m,yes,No,2026-04-22,???,normal
CUST-01708,41.11769428,,538.8352425,,6,,Bengaluru,Consumer,Male,No,Yes,,google_ads,good customer
CUST-01881,46.69825606,42037.31904,509.3317234,6.501941401,,4.158444117,Hyderabad,SMB,F,Y,Yes,2026-03-31,???,complaint!!!
CUST-01154,31.26220368,51091.50362,,,1,4.093306868,,Consumer,,Y,No,2024-03-20,email,
CUST-01662,,68626.28328,580.2891531,,,3.138634993,Chennai,,F,,No,2025-08-20,google_ads,
CUST-01427,47.89312475,67815.39773,562.6529104,,4,4.151593023,Delhi,SMB,Female,No,Yes,2024-12-24,referral,late payment
CUST-00385,18.78466475,80122.28559,769.4995606,13.8038654,5,3.488519787,Kolkata,Consumer,m,Y,Yes,2022-01-27,,
CUST-01759,25.63139562,,749.1949076,-999,,,Hyderabad,SMB,Male,1,,2025-11-27,,N/A
CUST-00855,41.34291097,34998.06278,543.642039,3.806761386,4,2.176142748,Chennai,Enterprise,,,No,2023-05-21,email,late payment
CUST-01590,32.53366586,40710.2779,613.3417474,3.18931567,8,3.848154665,Delhi,Consumer,,No,No,,,complaint!!!
CUST-00220,29.6 years,24295.08541,731.5409385,,7,3.88366975,Hyderabad,Consumer,M,1,No,2021-08-12,,urgent
CUST-00642,,52404.08871,638.200743,7.681103468,6,3.211256629,Hyderabad,Consumer,Male,no,No,2022-10-16,website,follow-up needed
CUST-00002,25.52019073,38133.77774,658.9183708,5.663874011,4,2.867631005,Mumbai,,F,,No,2021-01-02,Referral,complaint!!!
CUST-00113,30.87020053,90786.81899,549.9635911,20,,3.916053295,Delhi,,f,yes,,25/04/2021,???,follow-up needed
CUST-00699,27.01812661,,758.2140305,6.086051648,9,,Chennai,Consumer,M,N,Yes,2022-12-13,Social,???
CUST-01916,18,48089.95839,819.6058726,1.672747317,7,2.782834925,,Enterprise,Male,yes,No,2026-05-06,google_ads,VIP
CUST-00952,43.42122321,,463.9687554,,9,,Kolkata,Consumer,f,,Yes,2023-08-28,google_ads,
CUST-01649,35.85613797,116676.369,713.7928564,2.321804062,5,2.62905559,Hyderabad,Consumer,,Y,Yes,not_a_date,Website,???
CUST-01637,18,,617.5742495,7.10253539,4,3.092304955,Hyderabad,,m,no,No,2025-07-26,Email,late payment
CUST-01886,41.20083402,,651.187429,9.297892265,11,3.976943453,Hyderabad,SMB,m,yes,No,2026-04-05,Referral,
CUST-01411,32.97381507,,559.8529577,5.564333307,9,3.76685483,Kolkata,Consumer,M,yes,No,2024-12-07,Referral,
CUST-01410,44.15839773,53793.08206,,4.839456908,6,5,Pune,,,no,No,2024-12-06,Website,N/A
CUST-01534,24.02206284,,,4.758783242,4,3.258355815,Hyderabad,,f,Yes,No,2025-04-12,WEB,
CUST-01292,32.73135308,64063.35298,,3.26984306,3,1.735122839,Pune,Consumer,F,Y,No,2024-08-08,Website,VIP
CUST-01809,38.5 years,52089.24364,660.5896859,2.711192032,3,3.768871519,Delhi,Consumer,f,0,Yes,2026-01-17,Google Ads,follow-up needed
CUST-00442,41.94394403,75299.90865,775.6194938,16.5634765,2,2.736774657,Bengaluru,Consumer,f,Yes,No,2022-03-26,Referral,
CUST-01521,22.783833,36865.67598,,3.413731436,6,4.465728449,Hyderabad,Consumer,m,Yes,No,2025-03-29,???,good customer
CUST-01137,38.74045561,110333.6982,,2.995448094,3,3.230439556,Hyderabad,SMB,Male,,No,,???,
CUST-01716,39.51916052,34259.28118,770.9667462,3.62531519,6,3.953324955,,Consumer,F,,No,2025-10-14,,follow-up needed
CUST-01257,,,653.7551252,20,5,4.61838439,Kolkata,,m,no,No,2024-07-03,,VIP
CUST-01864,50.28918608,135752.9991,687 pts,1.85647467,6,3.877839708,Delhi,Consumer,Male,No,No,2026-03-14,Google Ads,
CUST-01632,28.03076142,105864.8794,579.5878279,2.61548716,9,2.957909825,Pune,Consumer,F,yes,No,2025-07-21,,VIP
CUST-01696,42.9 years,35622.13952,602.226564,4.13609252,6,3.434155826,Chennai,Consumer,,1,Yes,2025-09-24,,???
CUST-01398,35.81000189,47665.47963,601.8923508,1.252844794,4,,Delhi,Consumer,M,Y,Yes,2024-11-24,website,VIP
CUST-00664,,25065.30694,613.0589068,6.55665872,3,4.021964883,Mumbai,Enterprise,m,Y,No,2022-11-07,Referral,
CUST-01836,39.05555476,64220.8476,628.8863141,16.47842897,7,3.786449832,Delhi,SMB,m,0,No,2026-02-13,website,complaint!!!
CUST-01258,37.53754086,"$135,870",777.4646259,5.246111252,7,3.770047698,Pune,Enterprise,M,yes,No,2024-07-04,,???
CUST-01774,,74268.15519,502.2933293,12.49318469,6,2.864192082,Chennai,Consumer,m,Y,No,2025-12-12,WEB,urgent
CUST-01701,24.46456372,53494.15765,673.5137949,4.717063295,10,3.460713628,Bengaluru,,Male,0,,2025-09-29,Website,
CUST-00318,29.63091412,,483.0181842,4.524948773,10,3.918583784,Kolkata,Enterprise,F,no,No,,,late payment
CUST-00649,,64553.61029,539 pts,2.026733715,,3.893358678,,Consumer,m,N,No,23/10/2022,Email,ok
CUST-01435,40.84338334,27214.32531,669.3388556,12.19225774,4,2.720613775,Kolkata,Enterprise,M,no,No,2025-01-01,???,good
CUST-01480,58.47023217,55559.24916,612.2837264,13.28235599,9,4.188645591,Chennai,,F,0,Yes,,,
CUST-00710,45.76981629,51675.74314,583.4130941,1.448766612,11,3.964108438,,Consumer,F,0,No,2022-12-24,google_ads,normal
CUST-01383,,,587.5613727,13.45580196,2,3.265849239,Pune,Enterprise,M,yes,Yes,,Website,good
CUST-01283,18,"$40,483",556.8710654,7.157811493,3,2.572288195,Kolkata,Consumer,f,Y,No,,Email,???
CUST-00973,,,668.6665837,6.9915042,6,,Mumbai,Consumer,M,Yes,Yes,2023-09-18,???,???
CUST-00628,54.35171168,,582.6140558,2.663704723,7,,Bengaluru,Consumer,Female,1,No,2022-10-01,google_ads,???
CUST-00633,,53341.06081,709.5342561,4.342935068,5,,,Consumer,Female,0,No,2022-10-07,Google Ads,urgent
CUST-01307,26.04297649,71800.18958,577.7557064,7.582418099,,2.966144416,Delhi,Consumer,f,N,,2024-08-23,Unknown,
CUST-01401,52.2 years,"$68,496",487.3851648,4.892819335,5,4.088516614,Bengaluru,,F,no,No,27/11/2024,Unknown,late payment
CUST-01409,37.89446373,72148.08758,513.3450827,5.965354675,4,4.051806789,Bengaluru,Enterprise,F,Yes,,2024-12-05,Website,late payment
CUST-01249,35.94122588,88865.58607,710.5996249,,6,3.987276031,Delhi,Enterprise,m,,No,,Email,
CUST-01953,18,"$53,034",850 pts,,5,2.54031356,Hyderabad,Enterprise,m,0,No,2026-06-13,Email,late payment
CUST-01255,29.29530174,44863.7155,,6.383808102,7,,Kolkata,Enterprise,f,N,No,2024-07-01,Referral,urgent
CUST-01497,41.87356957,95511.35541,582.0408869,1.805127576,4,3.15958891,Bengaluru,Consumer,Female,yes,No,,referral,complaint!!!
CUST-01372,47.94945285,,589.0872528,13.80513007,8,2.544919771,,consumer,F,Y,Yes,2024-10-29,???,
CUST-01530,45.40737897,,634.2394743,13.63516607,,3.731310864,Mumbai,,Male,yes,No,2025-04-08,???,complaint!!!
CUST-01664,59.57945241,,708.7903332,1.776859383,,5,Pune,SMB,M,1,No,2025-08-22,Email,normal
CUST-01355,60.95545769,45490.19955,,1.446208897,11,2.719592724,Pune,Enterprise,,0,No,,Website,
CUST-01926,59.22814009,,511.5949893,,6,3.207315491,Bengaluru,consumer,F,No,No,2026-05-16,Unknown,follow-up needed
CUST-01901,31.3 years,,519.6445964,1.366760846,5,4.188390024,Delhi,Enterprise,M,Yes,No,2026-04-21,WEB,normal
CUST-01644,45.78072813,38523.08115,526.2380085,3.299189291,9,,Delhi,Enterprise,Female,N,Yes,2025-08-02,Google Ads,
CUST-01849,33.38539868,88573.66817,,8.715999878,6,2.465342209,Bengaluru,Enterprise,Male,N,No,2026-02-27,,good
CUST-00796,36.52778435,79751.60234,,9.659322795,11,4.172893176,Hyderabad,SMB.,f,,No,2023-03-22,???,good
CUST-00646,36.29596143,50466.07719,640.9892435,5.10064654,8,3.826848625,Hyderabad,,F,1,No,2022-10-20,referral,???
CUST-01013,31.99106307,43627.99558,656 pts,2.286214157,7,3.332907808,Mumbai,Enterprise,M,,No,2023-10-29,,
CUST-01840,27.1916938,50101.98762,587.3691902,2.837941022,8,3.479573373,Bengaluru,,,No,No,2026-02-17,???,N/A
CUST-00557,29.0 years,17335.73013,749.3107884,2.264773831,6,3.456446988,,Enterprise,Male,Yes,No,2022-07-21,Website,???
CUST-00682,,48689.10516,532.0805246,6.609404577,7,3.809852708,Kolkata,Consumer,Male,,No,,Referral,good
CUST-00578,52.97539982,32370.80163,560.9925833,,2,5,,Consumer,Female,No,No,2022-08-11,referral,N/A
CUST-01110,48.08264195,35170.14157,733.9997019,11.33416752,5,3.852607891,Chennai,SMB,m,No,No,2024-02-05,Unknown,normal
CUST-01267,27.96731462,12123.47581,632.3803209,9.368858164,10,4.777237801,Kolkata,SMB,Female,No,No,2024-07-14,Google Ads,
CUST-01723,,91986.60824,760.7502178,3.362652209,5,1.799844128,Bengaluru,Enterprise,M,,No,2025-10-21,Referral,complaint!!!
CUST-01184,45.59429498,75041.22956,625.8279874,8.001896627,10,,Kolkata,,f,Y,No,2024-04-20,WEB,
CUST-00525,54.8458567,155790.1754,700.0541179,2.497141053,5,3.877261073,,SMB,Male,N,No,2022-06-18,???,ok
CUST-01060,43.33672182,46230.92599,590.1402645,3.827012008,8,2.77175125,Hyderabad,UNKNOWN,Female,Y,No,2023-12-16,WEB,VIP
CUST-00541,18.0 years,71626.55027,580.6220445,2.715206727,6,,Bengaluru,SMB,Male,,No,2022-07-05,Email,VIP
CUST-01195,61.20552182,,554.7622608,4.472827598,7,2.514620479,Hyderabad,Enterprise,F,1,No,2024-05-01,email,
CUST-01679,29.3 years,37694.62432,753 pts,4.317594929,6,,,SMB,Female,yes,No,2025-09-06,Referral,follow-up needed
CUST-00749,,"$50,179",,7.352459314,7,2.867882693,Chennai,,Female,0,Yes,2023-02-02,google_ads,
CUST-01852,40.8 years,36569.91111,501.1340451,3.942667083,4,2.586011229,,UNKNOWN,F,1,No,2026-03-02,???,
CUST-01431,34.74886244,22749.70997,579.5314494,3.375217746,9,2.616969038,Mumbai,,,,No,28/12/2024,google_ads,
CUST-00485,,,486.4621674,4.945580066,5,3.729652501,Pune,SMB,Male,1,Yes,2022-05-09,Referral,complaint!!!
CUST-01758,,27325.2951,632.4497826,5.228504429,8,,Bengaluru,Enterprise,f,no,Yes,2025-11-26,website,N/A
CUST-00096,20.63465033,,,16.3120813,6,2.146425021,Delhi,Consumer,,,,2021-04-07,Email,???
CUST-01021,,28032.58814,553.5843341,5.953786927,7,4.246652284,,,f,yes,No,2023-11-06,,urgent
CUST-00564,28.81357667,138745.8937,562.9811517,12.85212542,4,2.682694624,,Consumer,M,,Yes,2022-07-28,google_ads,
CUST-01265,37.40529395,"$41,996",646.5119902,6.230137711,4,4.148769913,Bengaluru,SMB,F,yes,No,2024-07-12,,late payment
CUST-00743,25.75252377,34813.16641,683 pts,6.055153116,,2.469259541,,Consumer,m,no,No,2023-01-27,google_ads,late payment
CUST-00864,39.00777204,"$295,916",603.1188595,8.299521721,8,3.907427646,Delhi,Consumer,m,0,No,2023-05-30,,ok
CUST-01599,56.9 years,,,1.879157888,3,3.065150639,,consumer,Female,,No,17/06/2025,Referral,
CUST-01715,25.8 years,35778.55025,654.6814498,1.264723971,10,3.337359501,Mumbai,Consumer,F,,No,,referral,???
CUST-01485,47.3 years,missing,544.8222422,0.3592454088,8,4.115324138,Pune,,Female,1,No,2025-02-21,???,late payment
CUST-00892,31.30725335,,730.1040053,3.192751063,5,4.143454552,Pune,SMB,Female,Yes,No,2023-06-27,Unknown,
CUST-01578,50.34537104,60926.13625,717.7471914,6.315404777,,5,Mumbai,UNKNOWN,,N,Yes,2025-05-26,Unknown,late payment
CUST-01039,47.66814367,34749.49541,,12.82768006,,5,,,F,,No,2023-11-24,email,urgent
CUST-00207,,,,4.479733084,4,4.335652302,Kolkata,Consumer,m,N,No,2021-07-29,referral,follow-up needed
CUST-00393,32.3386876,22073.8765,694.8792569,5.383692161,9,2.351182892,Delhi,consumer,M,Yes,No,2022-02-04,website,good customer
CUST-00795,18,"$100,739",618.569453,1.103974589,7,4.305227661,Hyderabad,Consumer,m,No,Yes,2023-03-21,,good
CUST-00871,41.34637142,19953.05183,557.0009153,5.202938048,6,,,,,0,No,2023-06-06,Unknown,VIP
CUST-00398,40.75053649,49725.58201,614.653618,,7,5,Bengaluru,Consumer,M,N,Yes,2022-02-09,Social,VIP
CUST-00767,39.00345293,20198.13952,736.3591456,4.927490005,12,3.61294647,Hyderabad,SMB,,Y,No,2023-02-20,Website,
CUST-01842,38.13182616,52403.4857,,6.730864638,9,5,Hyderabad,Consumer,m,1,Yes,2026-02-19,???,urgent
CUST-01242,26.0 years,34410.16353,629.072012,5.248519527,7,,,,m,,Yes,2024-06-18,google_ads,complaint!!!
CUST-01029,37.94440433,,755.95208,,,4.260475239,Hyderabad,Consumer,f,1,,2023-11-14,google_ads,
CUST-01793,41.28610878,44754.82013,651.8015212,,3,,,,f,No,No,01/01/2026,,
CUST-00643,,32270.83779,700.055998,,3,,Mumbai,UNKNOWN,f,no,Yes,2022-10-17,???,N/A
CUST-01892,28.60184166,25277.09519,638.6380059,16.53767041,5,3.116104449,,SMB,,No,,2026-04-11,,
CUST-00613,20.91518678,39476.08768,332.3711042,7.679105462,3,2.977596254,Mumbai,,M,yes,No,2022-09-16,referral,normal
CUST-01763,30.43900988,"$64,975",421.7271045,,8,,,Consumer,m,1,Yes,2025-12-01,website,urgent
CUST-00961,57.40249278,,740.3796172,13.33869186,5,2.828146018,Hyderabad,SMB,Female,N,No,2023-09-06,Website,
CUST-01571,N/A,81979.77546,710.5486491,19.54151276,9,4.640747343,,Consumer,,yes,No,2025-05-19,,late payment
CUST-00726,55.5341464,44855.33232,709.9700956,,5,4.420868406,Hyderabad,Consumer,m,,No,,Email,late payment
CUST-00684,31.74412498,37628.7971,616.452797,4.017744749,7,2.971877697,,Enterprise,Male,No,Yes,2022-11-27,Unknown,good customer
CUST-00099,42.8 years,,770.3630879,2.338595159,10,3.12920341,Mumbai,Consumer,F,1,No,2021-04-10,Website,???
CUST-00805,53.44797334,34356.58269,693.7939098,8.642578577,1,1.939288527,Bengaluru,Enterprise,M,no,No,2023-03-31,google_ads,complaint!!!
CUST-01752,30.57264137,38854.91404,578 pts,3.016611972,1,5,Mumbai,,F,,No,2025-11-20,,
CUST-01598,,40173.53447,725 pts,2.971452053,3,3.058648385,Delhi,Consumer,M,N,No,2025-06-16,email,N/A
CUST-00407,,"$64,537",712.1221829,3.357355702,8,4.094432218,Hyderabad,Enterprise,M,0,Yes,2022-02-18,Unknown,good
CUST-00503,,,517.7502466,2.993479791,6,3.940911283,,Consumer,M,,No,2022-05-27,referral,good
CUST-01072,24.62459644,61657.57012,553.3276387,4.198956652,6,,Hyderabad,Enterprise,Female,,No,2023-12-28,google_ads,VIP
CUST-01057,unknown,,764.9818869,3.643442017,48,5,Hyderabad,Enterprise,,N,No,,WEB,ok
CUST-00930,38.90855946,,795.2375763,4.628207221,6,4.106933097,,Consumer,Female,No,No,2023-08-05,email,
CUST-00780,22.3681746,31543.11312,,7.041262134,6,3.341903302,Hyderabad,Consumer,m,Y,No,2023-03-05,???,???
CUST-00201,42.1 years,327022.9582,618.3232014,4.895690181,7,3.026481382,Delhi,,Male,N,No,23/07/2021,,normal
CUST-00135,20.4 years,,785.8897629,2.72913638,7,4.187896562,Chennai,,M,No,No,2021-05-17,website,???
CUST-01052,35.55117699,32900.9555,829 pts,5.454688773,4,3.649306777,,Enterprise,F,,Yes,2023-12-07,Google Ads,complaint!!!
CUST-00041,46.91905005,91357.92495,682.8064093,9.564667514,7,3.516892089,Mumbai,Consumer,M,no,No,10/02/2021,,???
CUST-01018,,98375.05677,841.8444776,1.42852718,7,,Delhi,UNKNOWN,f,yes,No,2023-11-03,WEB,late payment
CUST-00231,20.43869598,₹55k,623 pts,19.20160794,4,2.846490609,Delhi,Consumer,,,No,2021-08-23,,
CUST-01514,18,795063.7968,658.9933091,5.103205382,2,,Chennai,Enterprise,,N,No,2025-03-22,Unknown,
CUST-01797,,22077.41023,529.3048936,9.778027455,0,4.30972516,Kolkata,SMB,Male,,No,2026-01-05,Unknown,VIP
CUST-00379,57.25105234,56304.82588,579.3481635,4.317824333,6,3.790421615,Chennai,Consumer,F,Yes,No,2022-01-21,Unknown,urgent
CUST-00289,34.49394577,93820.80846,,,7,,Mumbai,Consumer,Male,Y,No,2021-10-21,Email,urgent
CUST-00419,,77189.43948,757 pts,11.70195659,6,2.973242037,Delhi,Consumer,m,1,No,2022-03-02,,ok
CUST-01699,18,"$30,668",647.0785038,4.307019802,4,3.147982065,Chennai,UNKNOWN,Male,1,Yes,2025-09-27,,follow-up needed
CUST-00392,38.65224302,,589.538999,1.192061288,10,4.913411596,Hyderabad,,,,No,2022-02-03,,complaint!!!
CUST-00593,59.9 years,71217.38023,698.611787,3.341273017,6,,Bengaluru,,Female,Y,,2022-08-27,,
CUST-01523,35.19049355,,604.6196224,2.388775634,8,,Hyderabad,Enterprise,f,,Yes,,Social,late payment
CUST-01163,34.9 years,74624.67915,616.3259065,13.63531439,5,3.497017311,Pune,SMB,Male,yes,No,2024-03-30,Referral,VIP
CUST-01087,21.22268408,29031.45327,666.5327151,5.71561184,10,2.656875202,Delhi,Consumer,,Y,No,2024-01-12,,urgent
CUST-01496,24.75213638,,468 pts,,8,3.038370982,Mumbai,SMB.,Male,no,No,,referral,normal
CUST-00648,18,41464.31765,652.7062644,1.154312477,4,2.554119528,,Consumer,,Yes,Yes,2022-10-22,???,normal
CUST-01153,41.27174316,69235.08039,,5.029034691,7,3.380261042,Pune,Consumer,M,1,No,2024-03-19,Social,N/A
CUST-01368,53.9435728,"$47,068",626.5598345,14.13268415,12,3.543966506,,SMB,f,N,No,2024-10-24,,
CUST-00521,26.35820576,,620.8195475,0.7339698112,11,3.5525303,Delhi,consumer,f,yes,No,2022-06-14,Social,urgent
CUST-01863,55.0 years,28681.88337,764.9372956,11.82795325,2,,Delhi,SMB,m,Yes,No,2026-03-13,Referral,normal
CUST-00065,,,774.099803,3.973659743,10,3.282369971,Chennai,SMB,,N,No,2021-03-07,???,VIP
CUST-01837,40.63501913,,,10.27697845,10,3.057481377,Hyderabad,SMB,F,0,No,2026-02-14,,follow-up needed
CUST-00015,43.61011211,131888.0594,580.4445164,,8,,,Consumer,Female,no,Yes,2021-01-15,referral,complaint!!!
CUST-01181,22.15413219,31958.96865,569.9160527,6.100962745,10,99999,Pune,SMB,f,Y,No,2024-04-17,Social,urgent
CUST-01065,30.26759456,₹55k,,1.46416377,11,3.773701039,Delhi,,m,yes,No,2023-12-21,,good
CUST-00493,34.5650152,83814.723,830.7824276,8.925744611,3,5,Hyderabad,SMB,Male,0,No,2022-05-17,WEB,
CUST-00380,32.50760683,52438.73835,630.8445071,4.053530231,7,2.289925908,Pune,,M,Y,Yes,2022-01-22,website,complaint!!!
CUST-00188,23.30637162,42508.28726,,,5,5,Kolkata,SMB,Male,No,Yes,2021-07-10,Social,good
CUST-00764,45.6428754,89689.45556,604.5072516,,2,2.533761883,,,m,No,No,2023-02-17,website,
CUST-00217,44.45738524,55342.21055,594.2777561,4.051213745,5,,Bengaluru,SMB.,f,0,No,2021-08-09,Website,late payment
CUST-00792,22.99621353,"$51,813",759 pts,10.90974575,8,4.024882909,Bengaluru,SMB,Female,no,No,18/03/2023,Unknown,
CUST-01077,53.82815837,54730.41336,six hundred,13.04224831,5,5,Pune,SMB.,M,No,No,2024-01-02,,ok
CUST-00879,36.75895864,,791.5861126,7.801013125,7,,Hyderabad,SMB,,1,Yes,2023-06-14,Email,N/A
CUST-00338,41.7 years,,539.7334168,3.545830034,6,2.116117588,Hyderabad,,Male,No,No,2021-12-10,Referral,
CUST-01773,22.45590579,69306.06043,706.0243361,2.935052178,,4.951056453,Kolkata,,M,1,No,2025-12-11,Website,
CUST-00720,25.73263662,30265.67346,736.0515123,4.08360376,7,4.146425288,Mumbai,SMB,F,,No,,,good customer
CUST-01749,32.1 years,36874.65497,708 pts,,,3.16061127,Hyderabad,,F,Y,No,2025-11-17,Website,good
CUST-00296,40.11814906,,750.0813138,3.561527133,5,3.555815734,,Enterprise,F,1,Yes,2021-10-28,google_ads,N/A
CUST-01726,39.2 years,117940.3734,574.5906565,10.35571482,7,2.976446521,Bengaluru,SMB,F,no,No,,Unknown,late payment
CUST-01017,38.62607982,,,4.18325808,6,,,consumer,f,Y,No,2023-11-02,Unknown,normal
CUST-01276,38.28026379,29510.33802,535.7715886,,4,2.688790526,Mumbai,Consumer,f,No,No,not_a_date,referral,ok
CUST-01751,28.70587926,47097.37227,802.9431108,8.649952179,3,4.255818092,Bengaluru,SMB.,,N,No,2025-11-19,website,late payment
CUST-01486,28.28616417,99692.38769,715.6115528,,,3.869769077,Pune,SMB,M,Yes,Yes,22/02/2025,Google Ads,late payment
CUST-00456,39.92228712,"$57,778",601.995093,7.09663523,5,,Delhi,UNKNOWN,F,,No,2022-04-09,???,
CUST-01997,,95942.24662,,,5,3.373047722,Mumbai,consumer,M,No,No,,website,late payment
CUST-00816,,40974.20095,717.3064419,7.826472071,6,4.445825373,Hyderabad,Consumer,Male,,No,2023-04-11,Email,
CUST-01887,25.23728325,32064.04306,,1.811464427,7,2.902595458,Pune,,F,yes,No,2026-04-06,Referral,
CUST-00270,,42812.00262,751.7844017,5.729463573,4,3.20205708,,consumer,Female,No,No,2021-10-02,email,
CUST-00996,,36081.46059,bad,3.443336551,8,,Bengaluru,Enterprise,Male,Y,No,2023-10-11,Email,good
CUST-00202,54.9 years,49901.97738,548.8739957,1.989236195,,2.820122086,Hyderabad,Consumer,Male,Y,,2021-07-24,,N/A
CUST-00162,29.29728723,32725.63601,,2.120444562,,4.569397509,Hyderabad,,m,,No,14/06/2021,Referral,ok
CUST-01580,42.14871896,,,5.142179089,6,,Pune,Consumer,m,0,No,,Website,
CUST-00730,24.5655695,27437.11027,627.4110061,7.620048392,8,,Mumbai,UNKNOWN,Female,no,No,,referral,complaint!!!
CUST-00402,40.36131316,94295.94283,659.8952203,4.707468874,5,4.435414744,Hyderabad,,m,0,Yes,2022-02-13,email,
CUST-00703,25.63023536,87076.80383,701.5545311,1.298938693,11,3.695628361,Delhi,,M,N,No,2022-12-17,Email,complaint!!!
CUST-01501,31.2 years,48105.31944,734.0076924,7.471458169,5,,,SMB,Female,N,No,2025-03-09,WEB,urgent
CUST-01846,18,15234.09201,681.3831798,2.460754651,4,,Mumbai,SMB.,,,Yes,,referral,ok
CUST-01796,34.09162268,"$50,057",649.0329887,15.1956037,5,2.527911658,Mumbai,SMB,F,yes,No,2026-01-04,,N/A
CUST-01130,18,not available,none,2.317203068,4,4.997203379,Mumbai,Enterprise,Female,0,No,2024-02-25,email,good
CUST-00566,46.87295207,,554 pts,2.642527296,4,,Mumbai,consumer,M,No,No,,,ok
CUST-01414,53.13124788,45168.4447,,4.240543379,10,4.896821478,Kolkata,SMB,M,no,,10/12/2024,Social,
CUST-01022,41.79257445,"$125,589",697.2641561,11.51521102,5,3.378723557,Chennai,SMB.,M,No,No,2023-11-07,???,
CUST-01026,84.06685243,,654.488196,16.40260478,6,4.10746572,Hyderabad,SMB,Female,Y,No,2023-11-11,WEB,
CUST-01412,,18083.27186,632 pts,3.054148687,6,3.457497498,Mumbai,Enterprise,Female,1,No,2024-12-08,google_ads,VIP
CUST-01896,31.02087279,"$22,832",530.8082271,,,2.957456028,Kolkata,SMB.,F,No,Yes,2026-04-16,,follow-up needed
CUST-01586,18.54903778,168194.0797,590 pts,7.839546987,,4.001705409,Hyderabad,SMB,m,No,No,2025-06-04,,follow-up needed
CUST-01105,24.83194791,,639.4184068,8.205740412,,,,consumer,m,Yes,No,2024-01-30,,complaint!!!
CUST-00206,37.4 years,46779.35332,650.0477187,3.071952226,5,3.664829705,Pune,Consumer,f,Y,No,2021-07-28,,???
CUST-00035,45.39175307,"$58,551",797.7737158,4.352906584,5,4.485163768,Bengaluru,Enterprise,m,no,Yes,2021-02-04,Email,follow-up needed
CUST-00776,40.43356732,234262.1061,644.1762265,5.995917738,8,2.238017938,Delhi,SMB,Female,0,Yes,2023-03-01,,normal
CUST-00509,31.28513257,90488.77918,594.5026574,5.514893894,3,5,Kolkata,SMB,F,N,No,2022-06-02,Unknown,VIP
CUST-01452,44.11877898,81015.28779,611.9606837,2.323399154,10,,Pune,SMB,M,1,Yes,2025-01-18,google_ads,VIP
CUST-01479,33.31186877,not available,661.7045677,11.16076081,7,3.53755919,Bengaluru,,Male,Yes,Yes,15/02/2025,WEB,N/A
CUST-01971,35.2 years,,582 pts,,7,5,,consumer,M,No,No,01/07/2026,,urgent
CUST-01391,29.93705572,30471.65351,661.807594,1.706486799,,4.623374793,Pune,Consumer,F,Yes,Yes,17/11/2024,WEB,
CUST-00092,36.81817419,77750.53162,630.7660789,4.942500439,3,,,Enterprise,,no,No,2021-04-03,,ok
CUST-01364,48.3440006,,588.6382528,11.99629101,5,3.603620499,Bengaluru,Consumer,m,,No,20/10/2024,Social,
CUST-00898,27.65218449,57430.34967,,10.72616167,3,5,Hyderabad,SMB,m,no,No,2023-07-04,referral,N/A
CUST-00565,48.80221477,,585.5623468,7.983400256,3,3.804965616,Delhi,,f,Y,No,2022-07-29,Unknown,good customer
CUST-01370,,58904.45285,728.971024,3.624783732,3,4.465948859,Hyderabad,Enterprise,m,No,Yes,2024-10-27,,
CUST-00777,,74670.4777,,2.230090985,,,,Consumer,f,,No,2023-03-02,WEB,
CUST-00242,36.86884935,35305.42731,670.190641,3.115130019,5,3.33961488,Kolkata,Consumer,f,Yes,No,03/09/2021,,late payment
CUST-00014,51.5 years,54692.43071,790.3754419,2.7949274,7,,Chennai,SMB,M,N,Yes,2021-01-14,Unknown,VIP
CUST-00316,34.4 years,67276.85696,,2.011238218,4,3.745219958,Pune,Consumer,m,,,2021-11-17,Email,VIP
CUST-00601,44.18492483,40782.48267,550.751539,4.661299308,5,4.452071911,Hyderabad,Consumer,F,N,No,2022-09-04,Website,
CUST-00388,44.29025411,,,5.305796697,5,4.015609739,Hyderabad,SMB,f,Y,No,2022-01-30,Google Ads,
CUST-01298,,53187.61163,684.6776904,,6,5,Bengaluru,Consumer,f,N,Yes,2024-08-14,Email,normal
CUST-00167,49.17887615,258343.5457,585.2407782,6.889841878,9,3.986673917,Delhi,SMB,f,No,Yes,2021-06-19,Referral,N/A
CUST-00841,60.86072257,50149.19423,749.2504023,8.994165738,7,2.016933165,Mumbai,SMB,m,1,No,2023-05-06,Website,VIP
CUST-00021,35.78165164,55445.87181,705.3022881,4.988645021,5,3.948850061,Kolkata,SMB,Male,,,2021-01-21,Google Ads,normal
CUST-00647,45.3830812,"$135,575",,,8,4.058969278,Hyderabad,Consumer,Male,Y,No,2022-10-21,Unknown,
CUST-01843,48.5 years,64725.24932,633.0876476,0.7560138844,3,1.246565185,Bengaluru,Enterprise,M,Yes,No,,,late payment
CUST-01509,61.97017013,,,1.252836621,4,3.768520516,Hyderabad,,f,,No,2025-03-17,Social,urgent
CUST-01155,46.37380207,39362.01772,765.3291588,1.564710176,2,2.155105482,Pune,,Male,0,No,2024-03-21,???,urgent
CUST-01529,18,23573.85546,468.3177734,,6,,Bengaluru,Consumer,f,yes,No,2025-04-07,Website,normal
CUST-00832,56.7 years,94320.96593,,,7,3.86881442,,Consumer,Male,Yes,No,2023-04-27,,ok
CUST-01268,45.94497841,53834.90911,574 pts,5.420120451,8,2.707359707,Bengaluru,Enterprise,f,yes,No,2024-07-15,Referral,normal
CUST-01591,21.36269296,53520.16592,642.549431,11.18229888,7,3.325165331,Mumbai,SMB,f,No,No,2025-06-09,Email,
CUST-01900,,65621.83494,641.2685908,8.826626864,,4.656837771,Bengaluru,,M,no,No,2026-04-20,website,VIP
CUST-00563,38.6137047,114184.93,653 pts,4.702881146,,4.469037762,Delhi,Consumer,Female,No,No,2022-07-27,,
CUST-01952,40.9 years,,707.2760392,,8,4.932117771,Hyderabad,SMB,,,No,2026-06-12,Social,urgent
CUST-00687,47.48962065,,623.1821705,4.224313595,6,3.061092811,Pune,Consumer,f,no,No,2022-12-01,Google Ads,urgent
CUST-00958,64.9 years,58552.45073,,6.310597848,6,,Pune,SMB,m,no,No,2023-09-03,referral,
CUST-00190,57.81113519,74386.44735,749.5393048,8.342080167,10,2.507156648,Pune,Consumer,M,yes,No,2021-07-12,Social,
CUST-01807,43.72442153,"$34,809",514.8759327,3.41522205,5,2.949641311,Bengaluru,,m,Y,,2026-01-15,Referral,good
CUST-00976,25.5 years,65511.94334,691.5090907,1.077533851,7,,,SMB,f,yes,No,2023-09-21,,late payment
CUST-00700,N/A,,595.8072127,9.777376844,5,,Mumbai,UNKNOWN,F,0,No,,Website,good customer
CUST-01500,23.82225118,,,3.781983039,9,4.957622753,Chennai,Consumer,Male,no,Yes,2025-03-08,google_ads,
CUST-01706,60.83488955,48407.94995,498.516952,3.794633263,3,4.325209468,Hyderabad,Consumer,F,0,Yes,,Google Ads,complaint!!!
CUST-00511,,39509.04918,478.7388594,2.399117347,4,3.588487863,Pune,Consumer,M,1,No,2022-06-04,???,normal
CUST-01083,43.19113342,62398.19731,597 pts,-999,7,4.020119896,,UNKNOWN,Female,No,No,2024-01-08,WEB,
CUST-00475,,33386.23058,652.6752196,5.599845996,6,3.776814311,Mumbai,Enterprise,M,Y,Yes,,google_ads,N/A
CUST-01585,36.56760561,,695.8338494,5.917684176,6,3.367039315,,Enterprise,M,yes,No,2025-06-03,,urgent
CUST-00857,42.03899752,53184.85323,691.495038,5.568809987,48,5,Hyderabad,UNKNOWN,M,N,No,2023-05-23,WEB,good
CUST-00748,44.19557087,,,8.397717868,4,5,Mumbai,SMB.,Male,yes,Yes,2023-02-01,Google Ads,VIP
CUST-00253,,79731.3412,,3.158137797,6,,Pune,Consumer,f,0,No,,Email,complaint!!!
CUST-00022,29.82884547,35617.62824,735.0456373,4.560387151,7,5,Bengaluru,Enterprise,f,,No,2021-01-22,referral,normal
CUST-01338,45.89465613,,630.8895615,4.292630548,5,3.956157737,Hyderabad,SMB.,Male,yes,No,24/09/2024,,
CUST-00460,37.68964582,19167.27846,,7.8945516,,2.605348663,Hyderabad,Enterprise,f,No,No,2022-04-13,Unknown,N/A
CUST-01185,37.87233588,"$80,389",728.8764522,9.7821954,5,4.449005488,Bengaluru,SMB,m,0,No,2024-04-21,Unknown,
CUST-00277,28.8 years,27231.77761,,4.73944895,9,3.744948076,,consumer,M,,No,2021-10-09,google_ads,complaint!!!
CUST-00956,54.44649186,,631.2645264,4.754912082,6,3.96210974,Mumbai,SMB,f,yes,,2023-09-01,WEB,???
CUST-01216,,71080.56911,613.1569763,4.54485159,3,3.186020475,Hyderabad,Enterprise,Female,,No,2024-05-23,website,
CUST-00386,28.47036452,39235.68086,617.5992478,,7,3.844721031,Hyderabad,SMB,F,No,No,2022-01-28,Social,
CUST-00806,51.2 years,,,6.425640769,8,4.025108907,Delhi,consumer,,,,2023-04-01,WEB,N/A
CUST-01438,18,58115.15575,547.1562386,7.262656979,,4.135724179,Mumbai,Consumer,Female,N,Yes,,,
CUST-01516,,46519.44471,598.2303944,1.187916354,3,3.758129405,Hyderabad,,f,0,No,24/03/2025,WEB,N/A
CUST-00344,42.96668342,49581.15451,574.0675987,6.844807825,7,3.020945717,,Enterprise,F,No,No,2021-12-16,google_ads,good customer
CUST-00770,58.18179943,,498.8518639,2.419381901,3,,Hyderabad,Consumer,,no,Yes,2023-02-23,Email,complaint!!!
CUST-01333,,19497.14584,570.8812499,,,3.589923369,Mumbai,SMB.,Male,,,2024-09-19,Website,urgent
CUST-01686,45.68256391,63727.04201,702.1184513,4.942091514,4,,Pune,,Female,0,,2025-09-14,WEB,good
CUST-00131,33.32228236,"$58,046",,0.8923363197,3,5,Mumbai,Consumer,Female,Y,Yes,2021-05-13,???,late payment
CUST-01688,40.97537073,69577.95359,705.8316229,,4,2.80880651,Mumbai,Consumer,m,0,Yes,16/09/2025,???,good
CUST-00872,25.9052846,37890.55358,674 pts,0.9232433341,8,3.427559286,Chennai,,M,,No,07/06/2023,Email,complaint!!!
CUST-01124,35.17004765,74269.07836,703.5642206,,7,3.486784747,Pune,SMB.,f,0,No,,,normal
CUST-01397,45.23182936,33454.94392,729.5650716,0.8646308159,4,2.511873055,,,Male,,No,2024-11-23,referral,ok
CUST-00088,38.14992942,,712.2153889,2.553774029,8,4.180237713,Delhi,Consumer,f,0,No,2021-03-30,,
CUST-01483,39.37501324,94014.2798,563.7451093,3.60523106,7,3.726318397,Delhi,Enterprise,f,no,No,19/02/2025,,normal
CUST-00331,56.1347412,33487.49412,642.3906478,,,4.066831964,,Consumer,,Y,No,2021-12-03,Social,complaint!!!
CUST-01239,45.4 years,90683.09594,719.9143795,7.362245366,9,4.418194848,,Enterprise,Male,Y,No,,Referral,good
CUST-00467,,,603.905614,3.606269114,7,3.139856901,Bengaluru,SMB,f,Y,No,2022-04-20,Email,N/A
CUST-00122,40.15130762,,762.6314638,4.773822296,3,4.206313389,Bengaluru,Consumer,f,no,No,2021-05-04,???,urgent
CUST-01639,38.09938292,,695.4550712,7.359586857,5,2.643149202,Kolkata,consumer,Male,0,Yes,2025-07-28,Unknown,
CUST-01045,28.8521185,61424.01293,,,40,4.746674142,Mumbai,Consumer,Male,0,No,2023-11-30,WEB,N/A
CUST-01725,51.52825714,52034.41525,,9.462851819,2,2.911341148,,Consumer,,1,No,2025-10-23,Referral,
CUST-01096,52.71551547,29481.38718,780.9705557,4.792255756,,3.717755487,Delhi,Consumer,Female,Y,No,2024-01-21,Unknown,???
CUST-01131,27.26951178,79436.89335,633.9740063,14.00747733,,3.556073372,Bengaluru,Consumer,M,no,No,2024-02-26,email,normal
CUST-01295,41.09168505,39912.37991,701.7201056,0.673289317,8,2.963093521,Pune,SMB,m,N,Yes,2024-08-11,Website,good
CUST-00861,26.21576696,24522.26545,647.7993363,2.026484547,12,3.079258503,Hyderabad,SMB.,F,yes,No,2023-05-27,WEB,???
CUST-01460,42.3 years,84103.61056,521 pts,7.168155902,5,3.579652469,Hyderabad,SMB,,N,Yes,2025-01-26,Email,ok
CUST-01127,59.25609491,53723.87392,576.7390735,9.720663031,,1.100519767,Pune,Consumer,,yes,No,2024-02-22,???,good