Customer ID,Order Date,City,Product Category,Customer Segment,Gender,Sales Channel,Age,Units Sold,Unit Price,Discount %,Customer Rating,Is Active,Returned,Payment Method,Gross Sales,Discount Amount,Revenue,Cost,Profit
CUST00594,2025-05-05 0:00:00,Mumbai,Clothing,premium,Male,Retail,36,8,24235.73,22.91,1.9,1,0,UPI,193885.84,44419.25,149466.59,88698.45,60768.14
CUST01103,2025-10-22 0:00:00,Mumbai,Clothing,Premium,Female,Corporate,38,5,16789.55,10.59,4.3,1,0,Cash,83947.75,8890.07,75057.68,61426.31,13631.37
CUST00690,2025-04-24 0:00:00,Delhi,Home & Kitchen,Regular,Male,Retail,65,2,24579.97,36.22,4.5,1,0,Debit Card,49159.94,17805.73,31354.21,24948.21,6406
CUST00215,2025-05-17 0:00:00,Chennai,Electronics,Regular,Male,Corporate,34,9,6240.13,20.44,3.9,1,0,Net Banking,56161.17,11479.34,,26470.33,18211.5
CUST01270,2025-08-30 0:00:00,Delhi,Clothing,Budget,Female,Corporate,41,1,23491.23,10.48,3.7,1,0,Net Banking,23491.23,2461.88,21029.35,12312.38,8716.97
CUST00848,2025-06-03 0:00:00,Hyderabad,Electronics,Regular,Male,Corporate,49,8,1808.3,38.1,2.1,1,0,UPI,14466.4,5511.7,8954.7,5812.34,3142.36
CUST00150,2025-07-26 0:00:00,Delhi,Home & Kitchen,Premium,Male,Online,29,10,28497.86,11.54,2.1,1,1,Debit Card,284978.6,32886.53,252092.07,157266.39,94825.68
CUST01115,2025-03-10 0:00:00,Pune,home & kitchen,Budget,Female,Corporate,46,12,23023.33,9.16,3.5,1,0,Debit Card,276279.96,25307.24,250972.72,182977.99,67994.73
CUST00927,2025-03-22 0:00:00,Mumbai,Clothing,Regular,Female,Retail,61,12,250000,35.94,1.6,1,1,Net Banking,213087.24,76583.55,136503.69,92634.53,43869.16
CUST00686,2025-05-14 0:00:00,Bengaluru,Electronics,Regular,Male,Online,25,1,18649.79,7.74,1.9,1,0,Credit Card,18649.79,1443.49,17206.3,13130.58,4075.72
CUST01437,2025-04-25 0:00:00,Bengaluru,Clothing,Premium,Male,Corporate,21,12,16776.33,27.33,2.3,1,0,Net Banking,201315.96,55019.65,146296.31,80715.03,65581.28
CUST00606,2025-11-29 0:00:00,Pune,Electronics,Regular,Male,Retail,52,11,28323.76,7.09,1.7,0,1,UPI,311561.36,22089.7,289471.66,231191.89,58279.77
CUST01431,2025-06-19 0:00:00,Pune,Sports,Premium,Female,Online,21,5,5208.61,30.71,3.7,0,0,Cash,26043.05,7997.82,18045.23,11358.41,6686.82
CUST00737,2025-09-27 0:00:00,Pune,Beauty,Premium,Male,Online,62,4,687.25,33.37,4.7,1,0,Cash,2749,917.34,1831.66,1519.63,312.03
CUST01663,2025-04-20 0:00:00,Bengaluru,Clothing,Regular,Male,Online,29,13,29280.28,12.91,1.9,1,0,Cash,380643.64,49141.09,331502.55,257484.89,74017.66
CUST01171,2025-11-22 0:00:00,Hyderabad,Electronics,Regular,Female,Online,62,10,21894.56,7.08,4.9,0,0,Credit Card,218945.6,15501.35,203444.25,106117.3,97326.95
CUST00387,2025-10-24 0:00:00,Hyderabad,Clothing,Regular,Other,Corporate,40,2,23192.96,3.43,3.2,0,0,Net Banking,46385.92,1591.04,44794.88,31372.82,13422.06
CUST00662,2025-09-05 0:00:00,Chennai,Beauty,Budget,Female,Retail,39,2,24567.15,7.77,4.9,1,0,UPI,49134.3,3817.74,45316.56,33632.19,11684.37
CUST00588,2025-06-19 0:00:00,Mumbai,Beauty,Budget,Female,Online,63,5,13461.33,37.79,3.9,1,0,Debit Card,67306.65,25435.18,41871.47,28760.16,13111.31
CUST01916,2025-01-11 0:00:00,Hyderabad,Clothing,Premium,Female,Retail,56,9,2428.56,11.31,4.2,1,0,Credit Card,21857.04,2472.03,19385.01,12400.62,6984.39
CUST00422,2025-04-25 0:00:00,Mumbai,Clothing,Budget,Female,Retail,50,11,8749.19,37.84,2,1,0,Credit Card,96241.09,36417.63,59823.46,46105.22,13718.24
CUST01463,2025-06-08 0:00:00,Bengaluru,Clothing,Budget,Male,Corporate,31,9,17206.45,22.71,1.7,1,0,UPI,154858.05,35168.26,119689.79,76040.41,43649.38
CUST00888,2025-02-11 0:00:00,Chennai,Clothing,Budget,Male,Corp,21,4,13353.4,0.25,2.8,1,0,Net Banking,53413.6,133.53,53280.07,44803.18,8476.89
CUST01256,2025-02-25 0:00:00,Hyderabad,Beauty,Premium,Male,Retail,26,12,11714.14,39.46,2.5,1,1,UPI,140569.68,55468.8,85100.88,60691.25,24409.63
CUST01844,2025-12-06 0:00:00,Hyderabad,Electronics,Premium,Female,Online,64,9,21019.99,37.05,5,1,0,Net Banking,189179.91,70091.16,119088.75,91818.66,27270.09
CUST00703,2025-02-17 0:00:00,Mumbai,Home & Kitchen,Budget,Male,Online,61,13,8781.58,,2.2,1,0,Credit Card,114160.54,1027.44,113133.1,80883.12,32249.98
CUST00071,2025-01-26 0:00:00,Hyderabad,,Budget,Male,Retail,63,2,25661.78,14.09,1.7,0,0,Debit Card,51323.56,7231.49,44092.07,30700.7,13391.37
CUST01983,2025-04-30 0:00:00,Hyderabad,Clothing,Regular,Male,Corporate,65,10,10875.7,23.35,3.2,0,0,Debit Card,108757,25394.76,83362.24,60034.94,23327.3
CUST00259,2025-05-30 0:00:00,Delhi,Sports,Regular,Male,Online,34,7,26256.66,16.97,2.9,1,0,Net Banking,183796.62,31190.29,152606.33,110556.01,42050.32
CUST01143,2025-12-11 0:00:00,Hyderabad,Electronics,Regular,Female,Online,47,3,8444.44,11.97,2.4,1,0,Credit Card,25333.32,3032.4,22300.92,11456.26,10844.66
CUST00898,2025-04-25 0:00:00,Delhi,Clothing,Premium,Male,Online,41,11,10995.47,27.08,2.9,0,0,UPI,120950.17,32753.31,88196.86,66823.91,21372.95
CUST01200,2025-07-28 0:00:00,Bengaluru,Electronics,Regular,Female,Online,67,4,19161.42,15.87,4.2,1,0,Net Banking,76645.68,12163.67,64482.01,50642.64,13839.37
CUST01682,2025-11-13 0:00:00,Delhi,Home & Kitchen,Premium,Male,Corporate,22,3,10k,22.39,3.1,1,0,Debit Card,89956.68,20141.3,69815.38,35219.41,34595.97
CUST00108,2025-12-27 0:00:00,Hyderabad,Electronics,Premium,Male,Online,31,6,25592.9,9.43,2,0,0,UPI,153557.4,14480.46,139076.94,102284.11,36792.83
CUST00092,invalid date,Pune,Home & Kitchen,Budget,Male,Online,23,14,3509.16,10.1,4,1,0,Credit Card,49128.24,4961.95,44166.29,22634.64,21531.65
CUST00919,2025-04-01 0:00:00,Bengaluru,Sports,Budget,Female,Online,44,6,12679.01,7.09,4.3,1,1,Cash,76074.06,5393.65,70680.41,38698.47,31981.94
CUST01046,2025-04-12 0:00:00,Hyderabad,Sports,Regular,Male,Online,23,9,29697.59,9.02,2.2,1,0,Debit Card,267278.31,24108.5,243169.81,197524.74,45645.07
CUST00625,2025-09-16 0:00:00,Bengaluru,Home & Kitchen,Regular,Male,Online,53,12,unknown,14.75,2.3,0,0,Credit Card,9705.6,1431.58,8274.02,4161.39,4112.63
CUST00261,2025-12-21 0:00:00,Bengaluru,Sports,Premium,Male,Online,31,13,22118.94,6.89,2.5,1,1,Cash,287546.22,19811.93,267734.29,152285.74,115448.55
CUST00889,2025-11-22 0:00:00,Delhi,Beauty,Regular,Female,Retail,47,4,20450.64,6.17,4.5,1,0,Net Banking,81802.56,5047.22,76755.34,41364.53,35390.81
CUST00597,2025-07-18 0:00:00,Bengaluru,Beauty,Budget,Male,Corporate,21,12,19033.8,8.9,1.3,0,0,Cash,228405.6,20328.1,208077.5,167108.4,40969.1
CUST00849,2025-09-04 0:00:00,Delhi,Home & Kitchen,Regular,Female,Retail,43,1,20202.57,35.99,3.5,1,0,Net Banking,20202.57,7270.9,12931.67,7721.18,5210.49
CUST00513,2025-08-02 0:00:00,Pune,Sports,Premium,Other,Retail,32,12,15709.35,35.87,4.5,1,1,Debit Card,188512.2,67619.33,120892.87,95488.04,25404.83
CUST00829,2025-01-28 0:00:00,Delhi,Beauty,Premium,Male,Corporate,63,13,18499.78,3.53,4.1,0,1,Debit Card,240497.14,8489.55,232007.59,171657.86,60349.73
CUST00308,2025-02-07 0:00:00,Chennai,Home & Kitchen,Regular,Male,Retail,27,9,20552.73,17.84,2.9,1,0,Net Banking,184974.57,32999.46,151975.11,121359.86,30615.25
CUST00873,2025-04-11 0:00:00,Chennai,Home & Kitchen,Regular,Male,Online,54,14,22831.03,9.9,3,1,0,Credit Card,319634.42,31643.81,287990.61,224006.5,63984.11
CUST00060,2025-06-04 0:00:00,Chennai,Home & Kitchen,Regular,Male,Online,50,14,15101.59,7.92,4.4,0,0,Debit Card,211422.26,16744.64,194677.62,150862.25,43815.37
CUST01848,2025-05-28 0:00:00,Delhi,Beauty,Premium,Male,Corporate,44,9,27859.55,7.78,2.3,1,0,UPI,250735.95,19507.26,231228.69,186737.79,44490.9
CUST00333,2025-04-24 0:00:00,Chennai,Clothing,Budget,Male,Online,24,11,1656.3,13.01,2.1,0,0,Net Banking,18219.3,2370.33,15848.97,13060.96,2788.01
CUST01760,2025-03-28 0:00:00,Hyderabad,Beauty,Regular,Female,Retail,27,12,16907.83,3.7,4.6,1,0,Net Banking,202893.96,7507.08,195386.88,110694.65,84692.23
CUST01871,2025-09-06 0:00:00,Mumbai,Home & Kitchen,Regular,Female,Online,38,7,11006.37,21.36,4.8,1,1,Net Banking,77044.59,16456.72,60587.87,37613.73,22974.14
CUST01213,2025-03-20 0:00:00,Chennai,Home & Kitchen,Budget,Male,Retail,23,13,18847.51,15.4,3.6,1,0,Net Banking,245017.63,37732.72,207284.91,160956.54,46328.37
CUST00807,invalid date,Bengaluru,Home & Kitchen,Budget,male,Corporate,56,9,17234.35,30,3.9,1,0,Net Banking,155109.15,46532.74,108576.41,70233.76,38342.65
CUST00832,2025-08-28 0:00:00,Bengaluru,Beauty,Regular,Female,Corporate,33,4,1338.38,28.49,2.7,1,0,Debit Card,5353.52,1525.22,3828.3,2452.43,1375.87
CUST01993,2025-02-07 0:00:00,Delhi,Electronics,Premium,Female,Retail,43,7,27315.32,4.82,2.1,1,0,UPI,191207.24,9216.19,181991.05,134455.09,47535.96
CUST00314,2025-02-07 0:00:00,Pune,Sports,Regular,Male,Online,68,11,2717.44,10.5,2.9,1,0,Net Banking,29891.84,3138.64,26753.2,21993.67,4759.53
CUST00229,2025-11-21 0:00:00,Hyderabad,Beauty,Regular,Male,Online,60,12,10044.3,30.98,4.5,1,0,Debit Card,120531.6,37340.69,83190.91,56159.87,27031.04
CUST00165,2025-01-19 0:00:00,Bengaluru,Clothing,Regular,Male,Retail,53,10,24656.28,12.89,2.3,1,0,Cash,246562.8,31781.94,214780.86,158762.02,56018.84
CUST01070,15/01/2025,Mumbai,Home & Kitchen,Regular,Female,Retail,22,12,23601.49,31.37,2.2,1,0,Cash,283217.88,88845.45,194372.43,108022.87,86349.56
CUST00592,2025-11-26 0:00:00,Bengaluru,Home & Kitchen,Premium,Male,Corporate,41,2,956.89,14.48,2.3,0,0,UPI,1913.78,277.12,1636.66,950.73,685.93
CUST00304,2025-01-15 0:00:00,Delhi,Clothing,Regular,Male,Retail,31,13,19034.67,16.59,4.7,1,0,Net Banking,247450.71,41052.07,206398.64,115437.5,90961.14
CUST01106,2025-06-09 0:00:00,Hyderabad,Sports,Regular,Female,Corporate,33,4,8631.87,17.23,1.8,1,0,Debit Card,34527.48,5949.08,28578.4,21539.49,7038.91
CUST01528,2025-09-26 0:00:00,Bengaluru,Home & Kitchen,Premium,Female,Online,36,2,16511.28,21.26,4,1,0,Cash,33022.56,7020.6,26001.96,13188.49,12813.47
CUST01699,2025-05-06 0:00:00,Delhi,Sports,Regular,Male,Corporate,38,11,5859.09,17.87,3.9,1,0,Debit Card,64449.99,11517.21,52932.78,36664.53,16268.25
CUST00641,2025-08-21 0:00:00,Bengaluru,Beauty,premium,Female,Corporate,34,2,28008.67,1.85,3.3,1,0,Credit Card,56017.34,1036.32,54981.02,38408.92,16572.1
CUST00490,2025-09-17 0:00:00,Bengaluru,Electronics,Budget,Female,Online,58,10,20289.79,33.04,3.1,1,0,Credit Card,202897.9,67037.47,135860.43,111795.05,24065.38
CUST01841,2025-08-06 0:00:00,Bengaluru,Sports,Regular,Male,Corporate,60,11,13589.92,21.28,2.7,1,0,,149489.12,31811.28,117677.84,75208.73,42469.11
CUST01149,2025-08-29 0:00:00,Hyderabad,Clothing,Premium,Other,Online,45Y,13,7470.24,38.29,4.6,0,0,Debit Card,97113.12,37184.61,59928.51,49487.13,10441.38
CUST00376,2025-07-31 0:00:00,Bengaluru,Sports,Regular,Female,Retail,48,11,9872.8,15.94,3.3,1,0,Debit Card,108600.8,17310.97,91289.83,47775.47,43514.36
CUST00366,2025-01-28 0:00:00,Bengaluru,Sports,Regular,Male,Retail,29,8,22004.43,35.94,4,1,0,Cash,176035.44,63267.14,112768.3,79357.52,33410.78
CUST00397,2025-07-24 0:00:00,Bengaluru,Sports,Regular,Male,Retail,,13,18726.54,30.14,1.4,1,0,Credit Card,243445.02,73374.33,170070.69,110836.14,59234.55
CUST01964,2025-04-24 0:00:00,Bengaluru,Sports,Regular,Other,Retail,50,4,2711.93,34.54,2.2,1,0,Credit Card,10847.72,3746.8,7100.92,4517.69,2583.23
CUST00081,2025-12-09 0:00:00,Mumbai,Electronics,Premium,Male,Corporate,57,14,17611.91,2.47,3,1,0,Credit Card,246566.74,6090.2,240476.54,197907.52,42569.02
CUST01686,2025-02-23 0:00:00,Bengaluru,Clothing,Premium,Male,Corporate,29,14,11422.95,4.37,3.7,1,0,Debit Card,159921.3,6988.56,152932.74,127492.47,25440.27
CUST00954,2025-10-21 0:00:00,Mumbai,Electronics,Budget,Male,Corporate,27,14,24508.03,37.13,2.7,1,0,Net Banking,343112.42,127397.64,215714.78,126485.49,89229.29
CUST00263,2025-04-14 0:00:00,Hyderabad,Beauty,premium,Female,Retail,59,4,8152.02,26.97,4.7,0,0,Debit Card,32608.08,8794.4,23813.68,14252.96,9560.72
CUST00587,2025-09-11 0:00:00,Mumbai,Sports,Regular,Male,Online,46,1,8190.57,9.61,3.6,1,0,Credit Card,8190.57,787.11,7403.46,4694.34,2709.12
CUST00953,2025-03-07 0:00:00,Pune,Electronics,Regular,Male,Retail,24,11,11700.74,31.87,3.2,0,0,UPI,128708.14,41019.28,87688.86,60354.24,27334.62
CUST00658,2025-01-28 0:00:00,Bengaluru,Electronics,Regular,Male,Online,64,7,29944.12,19.2,2.5,1,0,UPI,209608.84,40244.9,169363.94,90413,78950.94
CUST01650,2025-02-01 0:00:00,Delhi,Clothing,Regular,Female,retail,66,6,14768.45,29.05,4,1,0,UPI,88610.7,25741.41,62869.29,42700.12,20169.17
CUST00106,2025-01-17 0:00:00,Delhi,Electronics,Regular,Male,Online,43,1,8153.74,36.82,3.7,Active,0,Cash,8153.74,3002.21,5151.53,2799.35,2352.18
CUST00132,2025-09-08 0:00:00,Chennai,Sports,Regular,Other,Online,29,13,1100.18,32.27,4.4,1,0,Net Banking,14302.34,4615.37,9686.97,7843.28,1843.69
CUST01400,2025-08-29 0:00:00,Mumbai,Beauty,Regular,Female,Online,61,1,19288.32,32.11,3.5,0,1,UPI,19288.32,6193.48,13094.84,8591.5,4503.34
CUST00158,2025-04-08 0:00:00,Hyderabad,Beauty,Premium,Female,Corporate,68,9,26162.66,23.23,2.6,1,0,Credit Card,235463.94,54698.27,180765.67,114816.19,65949.48
CUST01396,2025-09-17 0:00:00,Bengaluru,Electronics,Regular,Male,Online,29,10,1350.18,37.32,2.1,0,0,Credit Card,13501.8,5038.87,8462.93,4439.66,4023.27
CUST01602,2025-03-22 0:00:00,Delhi,Electronics,Regular,Female,Corporate,24,1,17161.85,33.12,3.8,1,0,Net Banking,17161.85,5684,11477.85,5875.93,5601.92
CUST00341,2025-08-27 0:00:00,Delhi,Sports,Regular,Female,Corporate,67,3,24587.99,15.69,4.6,1,0,Credit Card,73763.97,11573.57,62190.4,39549,22641.4
CUST00201,2025-09-17 0:00:00,Delhi,Clothing,Regular,Female,Corporate,40,12,2041.36,10.04,3,1,0,Net Banking,24496.32,2459.43,22036.89,12686.15,9350.74
CUST00020,2025-12-01 0:00:00,Pune,Electronics,Regular,Other,Retail,22,7,13152.21,31.37,4.2,1,0,Cash,92065.47,28880.94,63184.53,53192.55,9991.98
CUST01765,2025-11-22 0:00:00,Pune,Clothing,Premium,Male,Retail,31,14,10130.93,3.65,4.1,1,0,Debit Card,141833.02,5176.91,136656.11,96197.73,40458.38
CUST01591,2025-07-06 0:00:00,Pune,Beauty,Budget,Male,Online,22,6,29525.63,17.95,4.4,1,0,Net Banking,177153.78,31799.1,145354.68,77763.76,67590.92
CUST01843,2025-03-29 0:00:00,Bengaluru,Electronics,Regular,Female,Retail,67,1,unknown,30.85,2.5,1,0,Debit Card,18546.21,5721.51,12824.7,7566.02,5258.68
CUST00908,2025-01-22 0:00:00,Delhi,Electronics,Premium,Male,Online,22,12,8647.35,120,3.5,1,0,Credit Card,103768.2,17194.39,86573.81,57490.94,29082.87
CUST01657,2025-05-04 0:00:00,Mumbai,Home & Kitchen,Budget,Male,Online,34,12,11475.1,7.82,1.8,1,0,Debit Card,137701.2,10768.23,126932.97,104534.75,22398.22
CUST01198,2025-12-19 0:00:00,Delhi,Sports,Regular,Female,Retail,42,8,3977.86,34.35,2.7,1,0,Debit Card,31822.88,10931.16,20891.72,15505.67,5386.05
CUST01005,2025-07-15 0:00:00,Chennai,Sports,Budget,Male,Online,28,12,8326.8,38.87,2.8,0,0,UPI,99921.6,38839.53,61082.07,35942.65,25139.42
CUST01329,2025-02-26 0:00:00,Bengaluru,Clothing,Regular,Female,Online,18,9,8655.11,15.62,4.8,0,0,Cash,77895.99,12167.35,65728.64,33287.28,32441.36
CUST00355,2025-06-08 0:00:00,Bengaluru,Sports,Regular,Female,Corporate,46,10,15321.6,25.32,5,1,0,Debit Card,153216,38794.29,114421.71,81055.77,33365.94
CUST00047,2025-04-17 0:00:00,Pune,Clothing,Regular,Female,Corporate,36,4,21295.07,5.64,4.2,1,0,Debit Card,85180.28,4804.17,80376.11,52796.83,27579.28
CUST00643,2025-09-16 0:00:00,Pune,Clothing,Premium,Female,Corporate,64,14,16113.76,28.01,3.1,0,0,Net Banking,225592.64,63188.5,162404.14,128182.7,34221.44
CUST01288,2025-03-28 0:00:00,Bengaluru,home & kitchen,Regular,Female,Retail,51,8,2687.09,20.6,2.2,0,0,UPI,21496.72,4428.32,17068.4,11689.22,5379.18
CUST01479,2025-08-29 0:00:00,Bengaluru,Clothing,Regular,Female,Corporate,30,9,8332.12,31.59,2.6,1,0,Debit Card,74989.08,23689.05,51300.03,38990.18,12309.85
CUST00537,2025-03-26 0:00:00,Pune,Sports,Budget,Male,Retail,31,13,27731.94,38.43,2.3,0,0,Debit Card,360515.22,138546,221969.22,169142.08,52827.14
CUST01394,2025-10-27 0:00:00,Bengaluru,Electronics,Budget,Female,Retail,48,9,21259.82,4.87,4.7,1,0,Cash,191338.38,9318.18,182020.2,95350.98,86669.22
CUST01293,2025-09-17 0:00:00,Delhi,Home & Kitchen,Premium,Female,Online,34,3,8948.82,26.49,1.2,1,0,Debit Card,26846.46,7111.63,19734.83,16661.5,3073.33
CUST01472,2025-10-10 0:00:00,Mumbai,Electronics,Premium,Male,Retail,49,4,26941.73,33.51,1.7,1,0,Net Banking,107766.92,36112.69,71654.23,42233.58,29420.65
CUST01495,2025-05-30 0:00:00,Delhi,ELECTRONICS,Premium,Male,Online,50,6,5793.07,29.22,4.9,1,0,Debit Card,34758.42,10156.41,24602.01,14684.74,9917.27
CUST00185,2025-11-22 0:00:00,Mumbai,Sports,Regular,Female,Online,28,7,18160.14,6.46,2.8,1,0,Cash,127120.98,8212.02,118908.96,89555.99,29352.97
CUST00567,2025-04-24 0:00:00,Bengaluru,Home & Kitchen,Regular,Female,Retail,39,4,27775.01,21,2.6,1,0,Cash,111100.04,23331.01,87769.03,68726.85,19042.18
CUST01064,2025-04-01 0:00:00,Mumbai,Beauty,Regular,Female,Corporate,43,6,22890.86,2.18,1.5,1,1,UPI,137345.16,2994.12,134351.04,114027.97,20323.07
CUST01884,2025-07-02 0:00:00,Bengaluru,Sports,Regular,Female,Retail,60,8,16939.68,20.04,1.8,0,1,Cash,135517.44,27157.69,108359.75,78193.14,30166.61
CUST00371,2025-09-13 0:00:00,Bengaluru,Clothing,Premium,Male,Online,21,2,unknown,36.71,4.7,1,0,UPI,24665.76,9054.8,15610.96,12328.54,3282.42
CUST00957,2025-06-25 0:00:00,Mumbai,Sports,Premium,Female,Online,61,14,8336.66,18.49,4.8,1,0,Net Banking,116713.24,21580.28,95132.96,76164.41,18968.55
CUST00806,2025-06-23 0:00:00,Chennai,Clothing,Premium,Female,Corporate,69,10,16958.15,12.97,4.7,0,1,Net Banking,169581.5,21994.72,147586.78,86655.51,60931.27
CUST01611,2025-04-10 0:00:00,Delhi,Sports,Regular,Female,Corporate,19,11,17853.71,38.04,1.6,1,0,UPI,196390.81,74707.06,121683.75,97624.89,24058.86
CUST01067,2025-01-31 0:00:00,Hyderabad,Beauty,Budget,Male,Corporate,59,5,29969.21,35.67,1.1,1,0,UPI,149846.05,53450.09,96395.96,72781.17,23614.79
CUST01008,2025-12-06 0:00:00,Mumbai,Clothing,Premium,Male,Online,48,7,10417.7,29.28,2,1,0,UPI,72923.9,21352.12,,36261.04,15310.74
CUST01300,2025-12-13 0:00:00,Pune,Clothing,Regular,Male,Online,67,11,28227.61,19.1,4.5,0,0,Credit Card,310503.71,59306.21,251197.5,139244.64,111952.86
CUST00267,2025-09-15 0:00:00,Hyderabad,Beauty,Premium,Female,Online,42,5,24003.53,38.75,3.6,1,0,Net Banking,120017.65,46506.84,73510.81,56626.96,16883.85
CUST00168,2025-03-04 0:00:00,Chennai,Sports,Premium,Female,Corporate,63,10,17604.03,,4.3,1,0,Net Banking,176040.3,58322.15,117718.15,94853.21,22864.94
CUST01832,2025-04-27 0:00:00,Delhi,Clothing,Premium,Female,Online,25,2,1476.75,15.76,2.1,1,0,Credit Card,2953.5,465.47,2488.03,1702.54,785.49
CUST00679,2025-08-30 0:00:00,Pune,Clothing,Premium,Female,Online,34,4,7805.76,21.23,4.5,1,0,UPI,31223.04,6628.65,24594.39,19085,5509.39
CUST00755,2025-03-24 0:00:00,Pune,Home & Kitchen,Budget,Male,Corporate,29,1,23895.39,12.71,4.4,1,0,Debit Card,23895.39,3037.1,20858.29,13097.06,7761.23
CUST00388,2025-01-21 0:00:00,Hyderabad,Beauty,Regular,Male,Online,46,10 pcs,27885.2,36.78,2.4,1,N,Credit Card,223081.6,82049.41,141032.19,73730.41,67301.78
CUST00373,2025-08-17 0:00:00,Chennai,Sports,Regular,Male,Retail,58,10,₹15000,,1.1,1,0,Net Banking,262262.5,81773.45,180489.05,105295.16,75193.89
CUST01467,2025-08-04 0:00:00,Delhi,Electronics,Budget,Male,Corporate,66,6,12513.27,18.68,1.5,1,0,Debit Card,75079.62,14024.87,61054.75,43865.68,17189.07
CUST01351,2025-04-27 0:00:00,Chennai,Electronics,Budget,Male,Corporate,63,1,17234.55,6.17,1.4,1,0,UPI,17234.55,1063.37,16171.18,12512.33,3658.85
CUST01488,2025-12-14 0:00:00,Chennai,Electronics,Premium,Male,Corporate,52,4,22506.58,17,2.8,1,0,Cash,90026.32,15304.47,,60174.74,14547.11
CUST01161,2025-05-11 0:00:00,Mumbai,Sports,Regular,female,Retail,50,12,9693.62,16.52,3.4,1,0,Debit Card,116323.44,19216.63,97106.81,78092.45,19014.36
CUST01866,2025-10-12 0:00:00,Pune,Home & Kitchen,Premium,Male,Online,69,6,26397.44,3.7,3.1,1,0,Cash,158384.64,5860.23,152524.41,127310.67,25213.74
CUST00039,2025-12-25 0:00:00,Bengaluru,Beauty,Budget,Male,Corporate,60,8,29560.02,36.6,1.7,0,0,Cash,236480.16,86551.74,149928.42,110690.66,39237.76
CUST00171,2025-04-03 0:00:00,Chennai,Sports,Regular,Male,Corporate,68,3,24606.6,35.72,3.3,0,0,Cash,73819.8,26368.43,47451.37,34547.28,12904.09
CUST00284,2025-05-14 0:00:00,Hyderabad,Sports,Regular,Female,online,67,12,18919.41,39.35,1.5,1,0,Cash,227032.92,89337.45,137695.47,114124.67,23570.8
CUST01247,2025-06-07 0:00:00,Hyderabad,Home & Kitchen,Budget,Other,Corporate,62,11,18672.37,39.92,3.4,0,0,Credit Card,205396.07,81994.11,123401.96,101622.58,21779.38
CUST01442,2025-05-22 0:00:00,Hyderabad,Clothing,Budget,Male,Retail,66,12,11053.41,39.57,1.8,1,0,Net Banking,132640.92,52486.01,80154.91,65352.61,14802.3
CUST00519,2025-09-14 0:00:00,Mumbai,Electronics,Regular,Female,Online,27,6,12190.6,27.77,4.1,1,0,Net Banking,73143.6,20311.98,52831.62,35777.75,17053.87
CUST01537,2025-06-04 0:00:00,Hyderabad,Beauty,Regular,Male,Retail,59,14,24527.04,10.58,1.4,1,0,Net Banking,343378.56,36329.45,307049.11,197464.36,109584.75
CUST01548,2025-11-18 0:00:00,Bengaluru,Clothing,Premium,Female,Online,24,12,20393.84,19.53,2.5,1,0,Cash,244726.08,47795,196931.08,113651.11,83279.97
CUST01299,2025-08-05 0:00:00,Bengaluru,Beauty,Regular,Other,Retail,68,12,1309.01,23.81,4.8,Inactive,0,Cash,15708.12,3740.1,11968.02,8809.92,3158.1
CUST00276,2025-02-09 0:00:00,Delhi,Home & Kitchen,Premium,Female,Corporate,55,11,24005.88,10.73,2.6,1,0,Debit Card,264064.68,28334.14,235730.54,184911.28,50819.26
CUST00798,2025-02-06 0:00:00,Pune,Sports,Regular,Male,Retail,25,13,3937.84,28.16,1.8,1,0,Credit Card,51191.92,14415.64,36776.28,22424.5,14351.78
CUST00051,2025-11-11 0:00:00,Bengaluru,Home & Kitchen,Budget,Female,Retail,25,3,3126.78,2.21,3,0,0,Debit Card,9380.34,207.31,9173.03,5441.14,3731.89
CUST00823,2025-03-08 0:00:00,Hyderabad,Electronics,Budget,Female,Retail,,12,17415.47,6.91,,1,0,Debit Card,208985.64,14440.91,194544.73,154188.31,40356.42
CUST00987,2025-10-28 0:00:00,Chennai,Beauty,Regular,Female,Online,48,2,28300.02,5.03,3.2,N,0,Debit Card,56600.04,2846.98,53753.06,38297.21,15455.85
CUST00507,2025-10-20 0:00:00,Chennai,Home & Kitchen,Budget,Female,Retail,19,2,2621.92,32.78,2.2,1,0,Cash,5243.84,1718.93,3524.91,1770.15,1754.76
CUST00920,2025-12-11 0:00:00,Hyderabad,Beauty,Regular,Male,Online,36,11,18183.74,23.4,4.4,0,0,Debit Card,200021.14,46804.95,153216.19,83707.67,69508.52
CUST01492,2025-01-12 0:00:00,Mumbai,Sports,Regular,Female,Corporate,57,11,18666.19,38.57,4.3,1,0,Credit Card,205328.09,79195.04,126133.05,101701.99,24431.06
CUST00757,2025-12-13 0:00:00,Bengaluru,Beauty,Regular,Male,Online,59,3,4615.54,7.87,4.8,0,1,Net Banking,13846.62,1089.73,12756.89,8417.56,4339.33
CUST00184,2025-04-11 0:00:00,Chennai,Clothing,Regular,Male,Corporate,66,4,7931.95,9.32,2,1,0,Credit Card,31727.8,2957.03,28770.77,15229.39,13541.38
CUST01450,2025-08-30 0:00:00,Delhi,Electronics,Premium,Female,Online,37,13,13054.97,5.87,4.8,1,0,Credit Card,169714.61,9962.25,159752.36,133670.53,26081.83
CUST00368,2025-01-17 0:00:00,Delhi,Sports,Regular,Male,Retail,52,8,1194.69,13.27,4.6,1,0,Net Banking,9557.52,1268.28,8289.24,4153.87,4135.37
CUST00336,2025-09-16 0:00:00,Bengaluru,Sports,Premium,Female,Corporate,56,9,5519.17,3.95,2.6,1,0,UPI,49672.53,1962.06,47710.47,36706.27,11004.2
CUST01590,2025-12-10 0:00:00,Hyderabad,Sports,Regular,Female,Online,63,11,11351.8,4.78,2.8,1,0,Debit Card,124869.8,5968.78,118901.02,97173,21728.02
CUST00818,2025-06-16 0:00:00,Chennai,Home & Kitchen,Premium,Female,Online,50,4,2614.41,35.15,2.1,0,0,Debit Card,10457.64,3675.86,6781.78,3969.89,2811.89
CUST00501,2025-10-25 0:00:00,Chennai,Electronics,Premium,Female,Retail,68,7,24819.66,15.75,1.9,0,0,Net Banking,173737.62,27363.68,146373.94,82616.39,63757.55
CUST00556,2025-06-03 0:00:00,Hyderabad,Sports,Regular,Female,Online,32,12,20519.62,28.19,1.9,1,1,Cash,246235.44,69413.77,176821.67,98761.87,78059.8
CUST01881,2025-06-13 0:00:00,Hyderbad,Electronics,Regular,Male,Retail,50,3,23606.68,7.08,2,1,0,Credit Card,70820.04,5014.06,65805.98,47443.27,18362.71
CUST01698,2025-12-03 0:00:00,Hyderabad,Clothing,Budget,Female,Online,24,4,3752.13,20.28,2.4,1,0,UPI,15008.52,3043.73,,8706.59,3258.2
CUST00646,2025-08-30 0:00:00,Mumbai,Clothing,Regular,Female,Corporate,46,6,29419.28,34.63,3.1,1,0,UPI,176515.68,61127.38,115388.3,59018.01,56370.29
CUST00204,2025-07-03 0:00:00,Delhi,Electronics,Premium,Female,Retail,30,13,18527.21,30.42,4.3,1,0,Debit Card,240853.73,73267.7,167586.03,140309.83,27276.2
CUST00996,2025-10-18 0:00:00,Bengaluru,Beauty,Regular,Other,Corporate,43,7,24022.46,16.35,2.3,1,0,Debit Card,168157.22,27493.71,140663.51,91148.84,49514.67
CUST00688,2025-08-29 0:00:00,Hyderabad,Clothing,Budget,Male,Corporate,63,7,11860.46,26.37,3.2,0,0,UPI,83023.22,21893.22,61130,45279.08,15850.92
CUST00715,2025-12-22 0:00:00,Pune,Beauty,Budget,Male,Online,56,11,26751.37,5.73,3.2,1,0,UPI,294265.07,16861.39,277403.68,149515.59,127888.09
CUST01950,2025-10-11 0:00:00,Mumbai,Beauty,Regular,Female,Online,69,11,18097.55,1.07,1.4,1,0,Debit Card,199073.05,2130.08,196942.97,149907.92,47035.05
CUST00143,2025-05-04 0:00:00,Pune,Electronics,Premium,Female,Corporate,69,9,29511.63,13.33,1.1,1,1,Credit Card,265604.67,35405.1,230199.57,129169.72,101029.85
CUST01628,2025-01-03 0:00:00,Pune,Sports,Regular,Female,Retail,28,6,17799.01,32.96,3.9,1,0,Cash,106794.06,35199.32,71594.74,41562.99,30031.75
CUST01274,2025-04-02 0:00:00,Delhi,Electronics,Regular,Female,Retail,19,7,21994.13,25.14,1.3,1,0,Cash,153958.91,38705.27,115253.64,64439.75,50813.89
CUST00897,2025-05-03 0:00:00,Delhi,Home & Kitchen,Premium,Male,Online,32,14,21464.14,39.4,2.8,Inactive,0,Net Banking,300497.96,118396.2,182101.76,91169.91,90931.85
CUST00815,2025-12-04 0:00:00,Delhi,Sports,Premium,Female,Retail,59,10,2463.57,30.63,4.7,1,0,UPI,24635.7,7545.91,17089.79,10597.29,6492.5
CUST01533,2025-01-30 0:00:00,Bengaluru,Clothing,Premium,Female,Retail,20,7,22391.59,3.54,2.4,1,0,Debit Card,156741.13,5548.64,151192.49,119626,31566.49
CUST00462,2025-04-24 0:00:00,Delhi,Electronics,Budget,Male,Corporate,38,14,10313.23,23.97,3.6,1,0,Debit Card,144385.22,34609.14,109776.08,63585.46,46190.62
CUST00949,2025-04-23 0:00:00,Mumbai,Home & Kitchen,Regular,Female,Retail,28,6,5536.56,7.87,3.3,0,0,Net Banking,33219.36,2614.36,30605,20418.48,10186.52
CUST01062,2025-04-11 0:00:00,Delhi,Clothing,Premium,Female,Online,26,1,17371.1,17.1,4.8,1,0,Net Banking,17371.1,2970.46,14400.64,8875.84,5524.8
CUST01224,2025-01-05 0:00:00,Delhi,Sports,Premium,Male,Online,40,1,15540.72,36.01,2.8,1,0,Cash,15540.72,5596.21,9944.51,5602.93,4341.58
CUST00358,2025-10-15 0:00:00,Bengaluru,Sports,Budget,Female,Online,35,11,26077.61,23.87,2.1,1,0,Cash,286853.71,68471.98,218381.73,175592.93,42788.8
CUST00748,2025-01-18 0:00:00,Chennai,Beauty,Budget,Female,Online,62,1,2163.48,33.07,3.4,0,0,Debit Card,2163.48,715.46,1448.02,1030.28,417.74
CUST00980,2025-04-19 0:00:00,Pune,Electronics,Budget,Female,Corporate,29,6,16624.09,15.77,1.1,1,0,Cash,99744.54,15729.71,84014.83,66963.49,17051.34
CUST01254,2025-03-17 0:00:00,Mumbai,Electronics,Regular,Female,Corporate,25,1,23671.43,22.75,3.5,1,0,Debit Card,23671.43,5385.25,18286.18,13745.3,4540.88
CUST01145,2025-05-04 0:00:00,Mumbai,Home & Kitchen,Budget,Female,Retail,60,13,3714.32,36.45,4.3,1,0,Debit Card,48286.16,17600.31,30685.85,16015.93,14669.92
CUST01083,2025-01-21 0:00:00,Delhi,Sports,Regular,Female,Online,59,14,28855.2,23.52,1.6,0,0,,403972.8,95014.4,308958.4,217295.13,91663.27
CUST01138,2025-06-15 0:00:00,Hyderabad,Beauty,Premium,Other,Online,38,10,26221.64,19.13,4.2,1,0,Debit Card,262216.4,50162,212054.4,137404,74650.4
CUST01786,2025-04-06 0:00:00,Delhi,Beauty,Regular,Male,Retail,68,9,8962.83,27.77,3.9,1,0,Cash,80665.47,22400.8,58264.67,43767.46,14497.21
CUST01507,2025-10-20 0:00:00,Mumbai,Beauty,Budget,Male,Corporate,48,14,8473.29,37.78,2,1,0,Credit Card,118626.06,44816.93,73809.13,46131.43,27677.7
CUST00826,2025-11-30 0:00:00,Bengaluru,Sports,Regular,Female,Retail,63,5,10535.57,26.62,2.9,1,Y,Debit Card,52677.85,14022.84,38655.01,25681.6,12973.41
CUST00157,2025-07-17 0:00:00,Pune,Beauty,Regular,Female,Online,33,2,26515.26,6.3,4.2,1,0,Credit Card,53030.52,3340.92,49689.6,37990,11699.6
CUST00579,2025-06-09 0:00:00,Bengaluru,Electronics,Regular,Female,Corporate,68,3,11193.42,9.64,2.8,1,0,UPI,33580.26,3237.14,30343.12,23005.43,7337.69
CUST00455,2025-06-02 0:00:00,Hyderabad,Electronics,Budget,Male,Retail,51,2,27655.85,17.03,4.6,0,1,Net Banking,55311.7,9419.58,45892.12,25649.97,20242.15
CUST00750,Jan-25-2025,Hyderabad,Beauty,Premium,Male,Corporate,33,13,150000,35.61,2.9,1,0,UPI,356738.72,127034.66,229704.06,176479.19,53224.87
CUST01973,2025-10-13 0:00:00,Chennai,Clothing,Regular,Male,Retail,,1,10k,31.28,1.4,1,0,Cash,13627.26,4262.61,9364.65,5987.1,3377.55
CUST00252,2025-05-24 0:00:00,Chennai,Beauty,Premium,Male,Online,33,6,24237,38.27,4,1,0,Net Banking,145422,55653,89769,48990.07,40778.93
CUST01975,2025-04-01 0:00:00,Mumbai,Beauty,Regular,Female,Retail,50,4,19827.72,19.29,4,1,0,Credit Card,79310.88,15299.07,64011.81,34671.16,29340.65
CUST01460,2025-01-05 0:00:00,Hyderabad,Home & Kitchen,Regular,Male,Corporate,36,4,18042.28,21.29,1.5,1,0,Cash,72169.12,15364.81,56804.31,29976.23,26828.08
CUST01175,2025-05-08 0:00:00,Bengaluru,Home & Kitchen,Premium,Female,Online,48,3,27182.85,3.72,4,1,0,Debit Card,81548.55,3033.61,78514.94,40207.82,38307.12
CUST01152,2025-08-17 0:00:00,Hyderabad,Electronics,Premium,Female,Corporate,150,10,7888.62,2.94,1.8,1,1,Net Banking,78886.2,2319.25,76566.95,61088.36,15478.59
CUST01370,2025-01-21 0:00:00,Delhi,Beauty,Regular,Other,Retail,45,5,18090.19,30.6,2.7,1,0,UPI,90450.95,27677.99,62772.96,53032.15,9740.81
CUST00062,2025-09-28 0:00:00,Delhi,Electronics,Regular,Female,Retail,30,8,15624.98,23.42,4.7,0,0,Credit Card,124999.84,29274.96,95724.88,78482.82,17242.06
CUST00678,2025-12-19 0:00:00,Bengaluru,Home & Kitchen,Regular,Male,Retail,31,10,19353.91,3.15,4.7,1,0,Debit Card,193539.1,6096.48,187442.62,129070.81,58371.81
CUST01441,2025-05-05 0:00:00,Mumbai,,Budget,Female,Corporate,38,2,12423.83,29.49,3.4,1,0,Credit Card,24847.66,7327.57,17520.09,9994.17,7525.92
CUST00166,2025-06-24 0:00:00,Hyderabad,Beauty,Premium,Male,Retail,47,11,3714.25,20.94,4.1,1,0,UPI,40856.75,8555.4,32301.35,24100.37,8200.98
CUST00090,2025-09-01 0:00:00,Bengaluru,Beauty,Regular,Female,Online,33,11,1696.81,3.92,1.4,1,0,Cash,18664.91,731.66,17933.25,14281.77,3651.48
CUST00555,2025-12-31 0:00:00,Bengaluru,Home & Kitchen,Premium,Male,Corporate,67,4,29654.68,14.84,3.7,1,0,Credit Card,118618.72,17603.02,101015.7,61960.25,39055.45
CUST01966,2025-10-13 0:00:00,Delhi,Electronics,Regular,Male,Online,34,14,9355.13,34.2,2,1,0,Credit Card,130971.82,44792.36,86179.46,57558.78,28620.68
CUST00627,2025-11-22 0:00:00,Mumbai,Sports,Budget,Male,Corporate,48,3,13039.68,25.8,1.8,1,0,UPI,39119.04,10092.71,29026.33,19120.52,9905.81
CUST00237,2025-12-04 0:00:00,Bengaluru,Beauty,Regular,Female,Retail,36,4,9106.65,3.66,1.3,1,0,Cash,36426.6,1333.21,35093.39,22842.62,12250.77
CUST00433,2025-11-05 0:00:00,Hyderabad,Beauty,Regular,Female,Online,67,7,5011.3,31.45,3.8,0,0,Debit Card,35079.1,11032.38,24046.72,14075.8,9970.92
CUST00070,2025-07-03 0:00:00,Bengaluru,Electronics,Premium,Male,Retail,27,10,7974.53,12.91,2,0,0,Debit Card,79745.3,10295.12,69450.18,45656.61,23793.57
CUST01261,2025-08-01 0:00:00,Delhi,Clothing,Budget,Male,Retail,66,9,14816.93,5.22,3.3,1,0,Credit Card,133352.37,6960.99,126391.38,66441.1,59950.28
CUST01221,2025-04-06 0:00:00,Chennai,Home & Kitchen,Budget,Male,Retail,42,14,6638.17,37.23,2.4,1,0,UPI,92934.38,34599.47,58334.91,32514.04,25820.87
CUST00327,2025-04-15 0:00:00,Bengaluru,Home & Kitchen,Regular,Male,Corporate,18,14,8750.12,12.01,4.8,1,0,Debit Card,122501.68,14712.45,107789.23,85601.24,22187.99
CUST01021,2025-06-25 0:00:00,Chennai,Sports,Regular,Female,Corporate,49,13,5325.71,5 %,5,0,0,Debit Card,69234.23,22964.99,46269.24,36048.89,10220.35
CUST00260,2025-02-02 0:00:00,Delhi,Sports,Regular,Male,Retail,61,14,2107.21,,3.3,1,0,Net Banking,29500.94,4761.45,24739.49,12485.71,12253.78
CUST01098,2025-10-05 0:00:00,Delhi,Beauty,Regular,Male,Online,67,4,3280.08,35.02,1.9,1,0,Net Banking,13120.32,4594.74,8525.58,6625.76,1899.82
CUST00728,2025-03-12 0:00:00,Pune,Beauty,Regular,Female,Online,19,1,18439.55,7.13,3.4,0,0,UPI,18439.55,1314.74,17124.81,13361.43,3763.38
CUST00733,2025-03-01 0:00:00,Mumbai,Electronics,Regular,Female,Online,31,13,16671.17,33.31,4.1,0,1,Credit Card,216725.21,72191.17,144534.04,122394.76,22139.28
CUST01651,2025-09-10 0:00:00,Bengaluru,Sports,Regular,Female,Retail,59,6,26867.55,12.66,3.7,0,0,Credit Card,161205.3,20408.59,140796.71,98247.74,42548.97
CUST01694,2025-11-06 0:00:00,Hyderabad,Clothing,Budget,Female,Online,18,10,19041.64,7.53,1.8,1,0,UPI,190416.4,14338.35,176078.05,90421.41,85656.64
CUST00053,2025-07-25 0:00:00,Pune,Beauty,Premium,Male,Corporate,46,10,11804.68,29.56,2.1,0,0,UPI,118046.8,34894.63,83152.17,54838.57,28313.6
CUST01953,2025-12-23 0:00:00,Delhi,Beauty,Premium,Male,Online,35,100,8882.86,37.62,4.3,1,0,Net Banking,8882.86,3341.73,5541.13,3627.22,1913.91
CUST00999,2025-11-10 0:00:00,Pune,Clothing,Regular,Male,Online,45,5,12095.74,23.88,1.6,0,0,Net Banking,60478.7,14442.31,46036.39,37977.67,8058.72
CUST01193,2025-08-14 0:00:00,Mumbai,Home & Kitchen,Premium,Female,Online,57,7,22664.26,0.34,3.3,1,0,Debit Card,158649.82,539.41,158110.41,114582.03,43528.38
CUST00135,2025-01-09 0:00:00,Chennai,Sports,Regular,Male,Corporate,66,8,7683.69,33.18,3.9,1,0,UPI,61469.52,20395.59,41073.93,32137.41,8936.52
CUST00233,2025-11-03 0:00:00,Bengaluru,Beauty,Regular,Male,Retail,29,13,3840.04,28.33,3.3,1,0,Credit Card,49920.52,14142.48,35778.04,19490.75,16287.29
CUST01864,2025-05-27 0:00:00,Chennai,Electronics,Budget,Female,Retail,34,12,28562.97,32,2.7,1,0,Cash,342755.64,109681.8,233073.84,189363.98,43709.86
CUST01980,2025-06-16 0:00:00,Bengaluru,Electronics,Regular,Male,Corporate,30,7,4553.9,16.04,4.6,1,0,Credit Card,31877.3,5113.12,26764.18,13408.81,13355.37
CUST00871,2025-08-08 0:00:00,Delhi,,Budget,Female,Retail,27,13,10454.12,14.99,2,1,1,,135903.56,20371.94,115531.62,64365.56,51166.06
CUST01824,2025-01-01 0:00:00,Bengaluru,Sports,Budget,Male,Corporate,51,9,15340.63,14.83,3.2,1,0,Net Banking,138065.67,20475.14,117590.53,65561.41,52029.12
CUST00879,2025-08-08 0:00:00,Hyderabad,Electronics,Regular,Male,Corporate,30,8,7436.81,11.1,3.3,0,0,UPI,59494.48,6603.89,52890.59,28782.23,24108.36
CUST00847,2025-08-16 0:00:00,Mumbai,Sports,Regular,Male,Online,65,5,23060.84,36.44,3,1,0,Net Banking,115304.2,42016.85,73287.35,39762.66,33524.69
CUST00684,2025-12-30 0:00:00,Pune,Sports,Budget,Other,Online,42,11,4951.62,26.69,2.6,0,1,Credit Card,54467.82,14537.46,39930.36,33660.8,6269.56
CUST00558,2025-07-07 0:00:00,Bengaluru,Clothing,Regular,Female,Retail,31,2,26573.09,23,1.4,1,0,UPI,53146.18,12223.62,40922.56,32555.23,8367.33
CUST01207,2025-07-22 0:00:00,Hyderabad,Electronics,Regular,Male,Corporate,53,6,474.35,17.46,1.3,0,1,Cash,2846.1,496.93,2349.17,1209.49,1139.68
CUST01020,2025-10-17 0:00:00,Pune,Beauty,Regular,Male,Corporate,47,8,7092.92,26.41,1.6,1,0,Net Banking,56743.36,14985.92,41757.44,34753.15,7004.29
CUST01511,2025-06-11 0:00:00,Bengaluru,Beauty,Premium,Male,Corporate,26,11,4997.45,31.04,1.6,1,1,Debit Card,54971.95,17063.29,37908.66,31250.58,6658.08
CUST00491,2025-12-07 0:00:00,Bengaluru,electronics,Premium,Male,Corporate,27,6,3437.72,11.36,1.3,1,0,UPI,20626.32,2343.15,18283.17,12699.51,5583.66
CUST00042,2025-04-29 0:00:00,Delhi,Electronics,Regular,Female,Corporate,21,5 units,24979.04,7.91,1.4,0,0,UPI,274769.44,21734.26,253035.18,182092.46,70942.72
CUST01035,2025-12-07 0:00:00,Mumbai,Electronics,Premium,Male,Corporate,65,13,24167.29,30.6,4.6,1,0,Net Banking,314174.77,96137.48,218037.29,164411.59,53625.7
CUST01144,2025-10-02 0:00:00,Chennai,Beauty,Budget,Male,Online,29,1,18477.53,4.05,4.1,1,0,UPI,18477.53,748.34,17729.19,11353.08,6376.11
CUST01598,2025-06-03 0:00:00,Mumbai,Home & Kitchen,Regular,Female,Online,51,8,25299.95,19.68,,1,0,Cash,202399.6,39832.24,162567.36,130909.92,31657.44
CUST01938,15/01/2025,Pune,Clothing,Budget,Other,Retail,23,13,9300.68,3.76,1.4,0,0,Net Banking,120908.84,4546.17,116362.67,68718.32,47644.35
CUST00170,2025-05-20 0:00:00,Chennai,Home & Kitchen,Premium,Male,Online,47,10,28471.28,10.22,2.3,0,1,Cash,284712.8,29097.65,255615.15,171021.37,84593.78
CUST00324,2025-12-20 0:00:00,Bengaluru,Clothing,Regular,Male,Online,66,10,6020.27,31.55,4.9,0,0,Net Banking,60202.7,18993.95,41208.75,21694.7,19514.05
CUST01566,2025-09-10 0:00:00,Mumbai,Beauty,Regular,Male,Online,45,3,18319.93,18.44,3.1,1,1,Net Banking,54959.79,10134.59,44825.2,25333.99,19491.21
CUST01049,2025-07-10 0:00:00,Bengaluru,Electronics,Regular,Female,Online,53,5 units,972.13,10.87,2,1,0,Net Banking,6804.91,739.69,6065.22,3500.52,2564.7
CUST00310,2025-01-15 0:00:00,Chennai,Beauty,Regular,Male,Corporate,61,9,29282.31,36.2,2.2,1,0,UPI,263540.79,95401.77,168139.02,124077.7,44061.32
CUST01632,2025-12-28 0:00:00,Hyderabad,Beauty,Budget,Female,Corporate,64,7,13183.23,18.76,3.7,1,1,Debit Card,92282.61,17312.22,74970.39,56591.45,18378.94
CUST00331,2025-04-05 0:00:00,,Home & Kitchen,Premium,Female,Online,31,5,2582.37,11.86,1.2,0,0,Credit Card,12911.85,1531.35,11380.5,8709.59,2670.91
CUST00409,2025-08-07 0:00:00,Mumbai,Electronics,Premium,Male,Online,45,6,17068.73,27.5,4.3,0,0,Cash,102412.38,28163.4,74248.98,40966.69,33282.29
CUST00791,2025-06-10 0:00:00,,Home & Kitchen,Regular,Female,Online,30,10,28404.36,1.72,2.4,1,1,UPI,284043.6,4885.55,279158.05,190691.68,88466.37
CUST01439,2025-05-29 0:00:00,mumbai,Beauty,Regular,Female,Online,22,10,16497.31,14.35,3.3,1,0,Debit Card,164973.1,23673.64,141299.46,97748.17,43551.29
CUST00192,2025-03-11 0:00:00,Chennai,Beauty,Regular,Male,Retail,27,11,8179.3,38.83,4.9,0,0,UPI,89972.3,34936.24,55036.06,34554.11,20481.95
CUST01928,2025-09-12 0:00:00,Hyderabad,Clothing,Premium,Female,Corporate,44,14,2667.17,36.23,3.4,0,0,Debit Card,37340.38,13528.42,23811.96,12750.78,11061.18
CUST01229,2025-10-22 0:00:00,Chennai,Clothing,Regular,Female,Online,35,10,10260.32,1.25,4,1,0,Credit Card,102603.2,1282.54,101320.66,63591.31,37729.35
CUST01497,2025-07-23 0:00:00,Mumbai,Home & Kitchen,Premium,Female,Corporate,29,11,13858.05,35.64,2,1,0,Net Banking,152438.55,54329.1,98109.45,53063.14,45046.31
CUST01554,2025-07-27 0:00:00,Mumbai,Home & Kitchen,Regular,Female,Retail,66,9,19386.88,14.23,4.8,1,1,Debit Card,174481.92,24828.78,149653.14,82497.69,67155.45
CUST01726,2025-09-08 0:00:00,Chennai,Home & Kitchen,Regular,Male,Retail,66,12,7726.75,0.5,3.3,1,0,Cash,92721,463.6,92257.4,66119.97,26137.43
CUST01244,2025-06-13 0:00:00,Hyderabad,Electronics,Regular,Male,Online,43,3,25369.04,0.51,4.7,0,0,Credit Card,76107.12,388.15,75718.97,47132.22,28586.75
CUST01689,2025-03-26 0:00:00,Mumbai,Clothing,Budget,Male,Corporate,120,2,23011.77,35.61,3.5,1,0,Net Banking,46023.54,16388.98,29634.56,21762.78,7871.78
CUST00812,2025-06-30 0:00:00,Chennai,Electronics,Regular,Male,Retail,68,11,22679.31,6.62,1.4,1,1,Credit Card,249472.41,16515.07,232957.34,166656.83,66300.51
CUST01131,2025-02-27 0:00:00,Hyderabad,Clothing,Regular,Male,Corporate,40,1,15205.86,35.31,3,1,0,Cash,15205.86,5369.19,9836.67,5500.38,4336.29
CUST01681,2025-04-06 0:00:00,Bengaluru,Home & Kitchen,Regular,Male,Online,61,11,13596.9,33.71,2.4,1,0,Net Banking,149565.9,50418.66,99147.24,52247.01,46900.23
CUST01327,2025-12-22 0:00:00,Hyderabad,Clothing,Regular,Male,Online,64,10,20919.83,7.68,2.9,1,0,Cash,209198.3,16066.43,193131.87,113392.28,79739.59
CUST01797,2025-06-01 0:00:00,Delhi,Electronics,Regular,Female,Corporate,36,7,5030.15,32.04,4.1,1,0,Cash,35211.05,11281.62,23929.43,14276.16,9653.27
CUST00644,2025-09-21 0:00:00,Bengaluru,Beauty,Regular,Female,Retail,58,8,18480.18,17.54,5,0,0,Net Banking,147841.44,25931.39,121910.05,68073.26,53836.79
CUST00058,2025-06-30 0:00:00,Chennai,Beauty,Regular,Other,Online,42,12,9660.71,N/A,2.8,0,0,Cash,115928.52,19649.88,96278.64,56566.87,39711.77
CUST00573,2025-10-29 0:00:00,Mumbai,Sports,Premium,Female,Corporate,46,7,17107.36,0.38,1.5,1,0,Debit Card,119751.52,455.06,119296.46,91402.17,27894.29
CUST01819,2025-10-24 0:00:00,Pune,Clothing,Premium,Female,Retail,34,2,26496.04,14.02,3.3,1,0,Credit Card,52992.08,7429.49,45562.59,30778.94,14783.65
CUST01835,2025-10-06 0:00:00,Hyderabad,Electronics,Regular,Female,Corporate,68,9,28960.72,9.7,2.6,1,0,Credit Card,260646.48,25282.71,235363.77,138012.33,97351.44
CUST01704,2025-11-05 0:00:00,Delhi,Home & Kitchen,Budget,Male,Retail,29,8,6447.08,16.21,1.3,1,0,Credit Card,51576.64,8360.57,43216.07,33141.49,10074.58
CUST01501,2025-09-09 0:00:00,Delhi,Beauty,Budget,Male,Corporate,38,12,7382.19,1.07,4.2,1,0,Debit Card,88586.28,947.87,87638.41,46759.24,40879.17
CUST00682,2025-02-09 0:00:00,Chennai,Clothing,Regular,Female,Retail,37,12,21182.92,34.01,3.1,0,0,Cash,254195.04,86451.73,167743.31,109402.78,58340.53
CUST00934,2025-11-02 0:00:00,Mumbai,Home & Kitchen,Premium,Female,Corporate,45,12,21675.74,30.5,2.1,1,0,Cash,260108.88,79333.21,180775.67,138900.03,41875.64
CUST00339,2025-01-03 0:00:00,Mumbai,Beauty,Regular,Female,Corporate,21,9,27284.52,20.26,2.5,1,0,UPI,245560.68,49750.59,195810.09,112097.15,83712.94
CUST00912,2025-09-25 0:00:00,Chennai,Home & Kitchen,Regular,Male,Retail,66,12,3984.68,39.71,3.4,1,0,Debit Card,47816.16,18987.8,28828.36,17805.41,11022.95
CUST00300,2025-12-21 0:00:00,Pune,Electronics,Premium,Male,Online,48,1,5766.5,23.6,1.3,1,0,Debit Card,5766.5,1360.89,4405.61,3050.47,1355.14
CUST00694,2025-01-02 0:00:00,Hyderabad,Sports,Budget,Female,Online,69,2,10890.93,4.36,4.1,0,0,UPI,21781.86,949.69,20832.17,15340.54,5491.63
CUST01279,2025-03-01 0:00:00,Pune,Home & Kitchen,Regular,Male,Corporate,53,10,1289.5,15.61,4.1,1,0,Net Banking,12895,2012.91,10882.09,8921.54,1960.55
CUST00566,2025-06-10 0:00:00,Bengaluru,Home & Kitchen,Premium,Female,Corporate,56,2,1815.26,none,1.8,1,0,Credit Card,3630.52,20.33,3610.19,2306.89,1303.3
CUST00533,2025-09-20 0:00:00,Mumbai,Home & Kitchen,Regular,Male,Online,26,7,12428.81,33.92,1.4,0,0,UPI,87001.67,29510.97,57490.7,45616.87,11873.83
CUST01739,2025-01-24 0:00:00,Hyderabad,Clothing,Premium,Female,Retail,39,4,12905.01,32.28,2.7,0,0,Cash,51620.04,16662.95,34957.09,20032.25,14924.84
CUST00370,2025-10-21 0:00:00,Hyderabad,Home & Kitchen,Regular,Female,Online,59,6,810.84,3.6,3.5,1,Returned,Cash,4865.04,175.14,4689.9,2551.58,2138.32
CUST00766,2025-01-17 0:00:00,Delhi,Electronics,Budget,Male,Corporate,60,9,8259.5,36.52,3.9,1,1,Cash,74335.5,27147.32,47188.18,24731.06,22457.12
CUST00986,2025-04-27 0:00:00,Hyderabad,Beauty,Regular,Male,Retail,46,5,,36.36,1.1,1,1,Net Banking,23596.4,8579.65,15016.75,7976.22,7040.53
CUST01090,2025-08-16 0:00:00,Hyderabad,Clothing,Regular,Female,Online,53,1,28622.74,33.94,2.4,0,0,Credit Card,28622.74,9714.56,18908.18,10315.79,8592.39
CUST01325,2025-12-18 0:00:00,Chennai,Electronics,Budget,Female,Retail,43,7,12297.92,12.2,4.2,1,0,Debit Card,86085.44,10502.42,75583.02,51883.28,23699.74
CUST01195,2025-03-04 0:00:00,Chennai,Beauty,Regular,Female,Retail,48,14,,16.47,1.2,0,N,Net Banking,263898.88,43464.15,220434.73,180963.85,39470.88
CUST01248,2025-05-05 0:00:00,Chennai,Electronics,Premium,Female,Online,25,5,13781.93,15.1,1.7,1,0,UPI,68909.65,10405.36,58504.29,34061.77,24442.52
CUST01415,2025-12-01 0:00:00,Pune,Clothing,Regular,Male,Online,,3,20202.4,3.31,2.3,1,0,Credit Card,60607.2,2006.1,58601.1,41448.61,17152.49
CUST00313,2025-03-23 0:00:00,Bengaluru,Clothing,Premium,Female,Retail,41,1,21172.78,2.71,2.2,1,0,Cash,21172.78,573.78,20599,14908.72,5690.28
CUST01079,2025-05-05 0:00:00,Hyderabad,Home & Kitchen,Regular,Female,Corporate,24,8,150000,14.16,1.1,1,0,Debit Card,212019.92,30022.02,181997.9,132863.01,49134.89
CUST01671,2025-04-01 0:00:00,Hyderabad,Sports,Premium,Female,Online,49,2,12042.64,31.31,1.1,1,0,Debit Card,24085.28,7541.1,16544.18,11125.96,5418.22
CUST00481,2025-01-11 0:00:00,Bengaluru,Electronics,Premium,Female,Corporate,38,3,28394.81,2.07,3.5,0,0,UPI,85184.43,1763.32,83421.11,66347.01,17074.1
CUST00560,2025-03-11 0:00:00,Mumbai,Beauty,Regular,Male,Corporate,64,14,23526.41,18.4,3.4,0,0,Net Banking,329369.74,60604.03,268765.71,200875.49,67890.22
CUST01292,2025-02-07 0:00:00,Delhi,Sports,Regular,Female,Online,67,7,5044.13,27.4,3.6,0,0,Net Banking,35308.91,9674.64,25634.27,17105.92,8528.35
CUST01685,2025-05-20 0:00:00,Chennai,Clothing,Regular,Male,Corporate,53,4,22896.08,36.46,1.9,1,0,Debit Card,91584.32,33391.64,58192.68,35273.38,22919.3
CUST01452,2025-10-03 0:00:00,Bengaluru,Clothing,Budget,Female,Retail,41,7,19487.93,26.46,2.6,0,0,Credit Card,136415.51,36095.54,100319.97,59968.14,40351.83
CUST01326,2025-03-13 0:00:00,Bengaluru,Electronics,Premium,Male,Corporate,26,200,29542.66,28.62,4.4,1,0,Debit Card,147713.3,42275.55,105437.75,62356.57,43081.18
CUST01595,2025-12-17 0:00:00,Mumbai,Electronics,Regular,Female,Retail,53,7,4133.83,36.97,4,1,Returned,UPI,28936.81,10697.94,18238.87,15142.48,3096.39
CUST01999,2025-04-26 0:00:00,Bengaluru,Home & Kitchen,Premium,Male,Corporate,25,8,12552.14,17,4,1,0,Debit Card,100417.12,17070.91,83346.21,54040.69,29305.52
CUST00074,2025-09-26 0:00:00,Pune,Home & Kitchen,Premium,Other,Online,62,14,19338.25,20.41,1.8,1,1,Cash,270735.5,55257.12,215478.38,133188.48,82289.9
CUST01166,2025-04-07 0:00:00,Pune,Home & Kitchen,Regular,Female,Retail,59,3,22200.79,34.97,2.4,1,0,Debit Card,66602.37,23290.85,43311.52,31739.69,11571.83
CUST00018,2025-04-22 0:00:00,Delhi,Beauty,Regular,Male,Corporate,19,5,13688.98,10.21,2.7,1,0,Debit Card,68444.9,6988.22,61456.68,35164.5,26292.18
CUST00939,2025-05-14 0:00:00,Delhi,Beauty,Premium,Male,Retail,69,7,₹15000,12.06,3,1,0,Debit Card,105520.73,12725.8,92794.93,61259.57,31535.36
CUST01456,2025-11-24 0:00:00,Delhi,Beauty,Regular,Male,Retail,39,13,5228.94,22.14,2,1,0,Credit Card,67976.22,15049.94,52926.28,38010.99,14915.29
CUST01852,2025-11-25 0:00:00,Pune,Electronics,Reg,Male,Corporate,41,2,26737.1,30.2,4.8,0,0,Credit Card,53474.2,16149.21,37324.99,23212.55,14112.44
CUST01656,2025-01-09 0:00:00,Hyderabad,Home & Kitchen,Regular,Male,Retail,54,1,10343.06,,3.8,0,N,Cash,10343.06,1604.21,8738.85,5459.02,3279.83
CUST01303,2025-02-28 0:00:00,Bengaluru,Electronics,Premium,Female,Corporate,50,12,2082.84,17.02,4,1,0,UPI,24994.08,4253.99,20740.09,15653.19,5086.9
CUST00653,2025-05-31 0:00:00,Pune,Sports,Regular,Male,Online,52,8,21158.2,37.05,3.1,1,0,Credit Card,169265.6,62712.9,106552.7,66738.67,39814.03
CUST01879,2025-12-02 0:00:00,Pune,Sports,Regular,Female,Corporate,20,2,24460.06,18.61,1,0,0,Cash,48920.12,9104.03,,27757.14,12058.95
CUST00656,2025-05-04 0:00:00,Hyderabad,Beauty,Budget,Female,Corporate,41,12,7005.73,4.38,2.9,1,0,Net Banking,84068.76,3682.21,80386.55,60399.67,19986.88
CUST01228,2025-09-30 0:00:00,Hyderabad,Clothing,Regular,Female,Online,45,5,26250.92,25.68,1.1,0,0,UPI,131254.6,33706.18,97548.42,60392.33,37156.09
CUST00781,2025-09-14 0:00:00,Bengaluru,Beauty,Budget,Male,Retail,63,9,22077.84,20.32,2.2,0,0,Cash,198700.56,40375.95,158324.61,82233.93,76090.68
CUST01886,2025-05-09 0:00:00,Hyderabad,Home & Kitchen,Regular,Female,Retail,45,7,16725.59,7.33,1.9,1,0,Cash,117079.13,8581.9,108497.23,63609.7,44887.53
CUST01858,2025-02-09 0:00:00,Hyderabad,Home & Kitchen,Budget,Male,Retail,54,1,11343.68,7.6,3.6,0,0,Cash,11343.68,862.12,10481.56,8212.26,2269.3
CUST00109,2025-04-20 0:00:00,Chennai,Clothing,Regular,Male,Corporate,56,4,,3.35,2.9,1,0,Net Banking,25319.08,848.19,24470.89,17802.96,6667.93
CUST00213,2025-10-29 0:00:00,Chennai,Home & Kitchen,Regular,Female,Online,61,7,21608.74,6.3,1.3,1,0,Cash,151261.18,9529.45,141731.73,86824.52,54907.21
CUST00059,2025-03-12 0:00:00,bangalore,Clothing,Regular,Female,Corporate,23,14,25767.19,5.24,1.5,0,1,Net Banking,360740.66,18902.81,341837.85,241297.48,100540.37
CUST00008,2025-02-27 0:00:00,Chennai,Clothing,Regular,Male,Retail,47,13,13365.77,9.2,2.9,1,0,Credit Card,173755.01,15985.46,157769.55,101384.9,56384.65
CUST00595,2025/02/20,Delhi,Beauty,Budget,Male,Corporate,41,4,9394.86,15.01,3.8,1,0,UPI,37579.44,5640.67,31938.77,25311.2,6627.57
CUST00828,2025-11-21 0:00:00,Mumbai,Beauty,Premium,Male,Online,63,4,unknown,28,3.2,0,0,Debit Card,61923.6,17338.61,44584.99,22985.7,21599.29
CUST00693,2025-08-27 0:00:00,Delhi,Electronics,Budget,Female,Corporate,25,9,8162.29,13.7,4.7,0,0,Net Banking,73460.61,10064.1,63396.51,36277.01,27119.5
CUST00767,2025-11-28 0:00:00,Mumbai,Home & Kitchen,Budget,Male,Retail,33,10,20551.99,3.33,3.7,1,0,Debit Card,205519.9,6843.81,198676.09,149236.38,49439.71
CUST00199,2025-08-17 0:00:00,Hyderabad,Beauty,Premium,Female,Retail,20,1,24223.19,17.4,2.6,0,0,Cash,24223.19,4214.84,20008.35,13627.84,6380.51
CUST00673,2025-12-11 0:00:00,Pune,Beauty,Regular,Female,Retail,65,4,26556.72,25.55,1.3,0,0,UPI,106226.88,27140.97,79085.91,54831.54,24254.37
CUST00564,2025-05-01 0:00:00,Mumbai,Clothing,Budget,Female,Retail,120,13,5388.98,36.86,4.1,1,0,Credit Card,70056.74,25822.91,44233.83,22681.23,21552.6
CUST00395,2025-06-25 0:00:00,Pune,Electronics,Regular,Female,Online,60,14,18010.02,4.42,3.5,1,0,Debit Card,252140.28,11144.6,240995.68,192484.26,48511.42
CUST00288,2025-03-19 0:00:00,Delhi,Sports,Budget,Male,Corporate,56,11,28985.49,26.91,3.7,1,0,Debit Card,318840.39,85799.95,233040.44,195382.03,37658.41
CUST01157,2025-08-02 0:00:00,Delhi,Sports,Regular,Male,Retail,59,4,24391.42,36.46,3.1,0,0,Net Banking,97565.68,35572.45,61993.23,51000.5,10992.73
CUST00629,2025-03-06 0:00:00,Bengaluru,Clothing,Premium,Male,Online,21,13,16557.87,33.92,4.7,1,0,Debit Card,215252.31,73013.58,142238.73,100896.95,41341.78
CUST00405,2025-01-04 0:00:00,Bengaluru,Clothing,Budget,Female,Retail,69,5,640.06,24.22,1.8,1,0,Credit Card,3200.3,775.11,2425.19,1771.66,653.53
CUST00905,15/01/2025,Delhi,Electronics,Premium,Female,Corporate,200,5,1420.73,18.35,1.6,0,1,Cash,7103.65,1303.52,5800.13,3877.6,1922.53
CUST01182,2025-08-06 0:00:00,Bengaluru,Beauty,Regular,Female,Corporate,56,14,3387.12,31.36,2.6,0,0,Credit Card,47419.68,14870.81,32548.87,19618.07,12930.8
CUST01587,2025-03-19 0:00:00,Bengaluru,Home & Kitchen,Budget,Male,Online,49,8,19918.52,28.7,4.5,1,0,Credit Card,159348.16,45732.92,113615.24,66348.77,47266.47
CUST01633,2025-03-03 0:00:00,Chennai,Home & Kitchen,Budget,Male,Corporate,40,1,19514.1,16.41,1,1,0,Debit Card,19514.1,3202.26,16311.84,10221.97,6089.87
CUST01839,2025/02/20,Mumbai,Home & Kitchen,Regular,Male,Online,31,8,22901.65,15.77,4.5,1,0,UPI,183213.2,28892.72,154320.48,111375.91,42944.57
CUST01310,2025-05-23 0:00:00,Mumbai,Electronics,Budget,Female,Retail,19,4,3465.21,36.2,1.5,1,0,UPI,13860.84,5017.62,8843.22,5714.84,3128.38
CUST00528,2025-08-17 0:00:00,Delhi,Beauty,Premium,Female,Online,51,10,9970.7,18.97,2.1,1,0,Cash,99707,18914.42,80792.58,66158.55,14634.03
CUST00056,2025-09-11 0:00:00,Bengaluru,Beauty,Regular,Female,Retail,61,5,24401.5,35.56,1.5,1,0,Credit Card,122007.5,43385.87,78621.63,59056.56,19565.07
CUST01635,2025-06-24 0:00:00,Hyderabad,Home & Kitchen,Premium,Female,Retail,25,5,13128.6,39.43,3.4,1,0,Debit Card,65643,25883.03,39759.97,28002.79,11757.18
CUST00258,2025-01-05 0:00:00,Chennai,Electronics,Regular,Female,Retail,19,10,25056.44,9.88,4.6,1,0,Credit Card,250564.4,24755.76,225808.64,187726.79,38081.85
CUST00161,2025-05-11 0:00:00,Bengaluru,Clothing,Budget,Female,Online,30,7,1761.23,18.1,4.3,0,0,UPI,12328.61,2231.48,10097.13,6443.06,3654.07
CUST00685,2025-10-17 0:00:00,Mumbai,Electronics,Regular,Female,Retail,21,8,20871.24,14.13,4.5,0,0,Debit Card,166969.92,23592.85,143377.07,104228.14,39148.93
CUST01430,2025-01-07 0:00:00,Chennai,Clothing,Regular,Male,Corporate,46,13,2843.92,37.32,3.1,1,0,UPI,36970.96,13797.56,23173.4,14254.4,8919
CUST01071,2025-12-03 0:00:00,Mumbai,Clothing,Regular,Female,Retail,67,11,16914.01,3.74,2.6,0,0,Cash,186054.11,6958.42,179095.69,91080.5,88015.19
CUST00721,2025-01-15 0:00:00,Pune,Beauty,Budget,Male,Corporate,29,5,23347.82,2.63,3.4,1,0,Credit Card,116739.1,3070.24,113668.86,74698.27,38970.59
CUST01891,2025-11-19 0:00:00,Chennai,Clothing,Budget,Female,Online,68,14,13640.08,9.17,1,1,0,UPI,190961.12,17511.13,173449.99,104311.71,69138.28
CUST01563,2025-02-06 0:00:00,Mumbai,Home & Kitchen,Regular,Female,Online,32,7,21197.88,17.51,3.5,1,0,Cash,148385.16,25982.24,122402.92,97174.16,25228.76
CUST00699,2025-12-20 0:00:00,,Beauty,Premium,Male,Retail,64,13,3894.32,26.66,3.3,0,0,UPI,50626.16,13496.93,37129.23,19808.52,17320.71
CUST00751,15/01/2025,Hyderabad,Sports,Premium,Male,Retail,68,9,26422.37,19.35,2.8,1,0,Net Banking,237801.33,46014.56,191786.77,130794.1,60992.67
CUST01334,2025-06-20 0:00:00,Bengaluru,Home & Kitchen,Regular,Male,Retail,34,14,18162.22,34.05,1.7,1,0,Cash,254271.08,86579.3,167691.78,137613.49,30078.29
CUST00113,2025-11-12 0:00:00,Delhi,Home & Kitchen,Regular,Female,Online,36,4,7954,34.48,4,1,0,Net Banking,31816,10970.16,20845.84,16653.15,4192.69
CUST01970,2025-08-02 0:00:00,Hyderabad,Home & Kitchen,Budget,Male,Corporate,39,5,250000,32.94,4.6,1,0,Debit Card,144782.35,47691.31,97091.04,53185.01,43906.03
CUST00859,2025-02-18 0:00:00,Mumbai,Clothing,Premium,Female,Online,30,6,9595.24,31.53,2.5,1,No,UPI,57571.44,18152.28,39419.16,27711.52,11707.64
CUST00506,2025-02-15 0:00:00,Bengaluru,Electronics,Regular,Male,Retail,58,10,29301.76,0.44,4.9,0,1,Cash,293017.6,1289.28,291728.32,174657.49,117070.83
CUST01942,2025-03-22 0:00:00,Bengaluru,Sports,Premium,Female,Online,31,14,29057.39,7.3,3.1,0,0,Cash,406803.46,29696.65,377106.81,281117.69,95989.12
CUST00354,2025-01-22 0:00:00,Delhi,Home & Kitchen,Regular,Female,Online,59,5,27096.68,N/A,3.9,1,0,Net Banking,135483.4,26839.26,108644.14,86826.27,21817.87
CUST00246,2025-04-28 0:00:00,Chennai,Electronics,Regular,Other,Online,66,11,13707.24,1.69,4.2,0,0,Credit Card,150779.64,2548.18,148231.46,99060.28,49171.18
CUST01061,2025-11-14 0:00:00,Delhi,Sports,Regular,Female,Corporate,69,9,15884.95,6.29,3.2,1,0,Net Banking,142964.55,8992.47,133972.08,108910.13,25061.95
CUST01375,2025-05-08 0:00:00,Bengaluru,Sports,Premium,Male,Online,53,5,12426.42,6.2,3.7,0,0,Net Banking,62132.1,3852.19,58279.91,48675.12,9604.79
CUST00292,2025-03-23 0:00:00,Bengaluru,Sports,Regular,Male,Corporate,45,4,150000,33.74,3.4,1,0,Net Banking,40630.84,13708.85,26921.99,21214.16,5707.83
CUST01529,2025-07-15 0:00:00,Bengaluru,Home & Kitchen,Budget,Female,Corporate,24,10,1943.25,18.75,1.7,1,0,Net Banking,19432.5,3643.59,15788.91,12225.35,3563.56
CUST01615,2025-11-30 0:00:00,Bengaluru,Clothing,Regular,Female,Retail,39,11,14307.35,33.13,4.5,1,0,Debit Card,157380.85,52140.28,105240.57,81504.36,23736.21
CUST01001,2025-10-27 0:00:00,Mumbai,Electronics,premium,Female,Retail,24,7,13579.72,11.07,3.1,1,0,Debit Card,95058.04,10522.93,84535.11,58105.17,26429.94
CUST01382,2025-10-09 0:00:00,Bengaluru,Electronics,Regular,Male,Retail,35,12,8167.86,24.51,1.1,1,0,Debit Card,98014.32,24023.31,73991.01,44072.43,29918.58
CUST00034,2025-05-16 0:00:00,Hyderabad,Home & Kitchen,Budget,Male,Online,29,1,4809.62,26.3,4.9,0,0,Debit Card,4809.62,1264.93,3544.69,2895.74,648.95
CUST01196,2025-05-05 0:00:00,Pune,Beauty,Regular,Female,Retail,39,1,16394.27,13.57,3.1,1,0,Cash,16394.27,2224.7,14169.57,9722.11,4447.46
CUST01904,2025-03-18 0:00:00,Bengaluru,Beauty,Regular,Male,Retail,22,4,5039.23,4.81,3.8,1,0,Cash,20156.92,969.55,19187.37,12053.92,7133.45
CUST00655,2025-09-01 0:00:00,Delhi,Electronics,Premium,Female,Corporate,26,3,1488.69,26.48,2.8,1,0,Cash,4466.07,1182.62,3283.45,2417.24,866.21
CUST01631,2025-08-19 0:00:00,Bengaluru,Electronics,Regular,Other,Corporate,63,11,29262.13,25.48,1.9,1,0,Debit Card,321883.43,82015.9,239867.53,137328.7,102538.83
CUST01630,2025-10-04 0:00:00,Chennai,Clothing,Regular,Male,Retail,22,9,13174.95,28.62,4.5,1,0,Cash,118574.55,33936.04,84638.51,61781.67,22856.84
CUST00872,2025-10-02 0:00:00,Delhi,Clothing,Regular,Female,Retail,57,1,12013.38,26.33,1.3,1,0,Credit Card,12013.38,3163.12,8850.26,5579.97,3270.29
CUST01833,2025-10-26 0:00:00,Hyderabad,Home & Kitchen,Premium,Male,Corporate,43,11,11572.55,26.06,2.6,1,0,Credit Card,127298.05,33173.87,94124.18,58748.82,35375.36
CUST01418,2025-10-11 0:00:00,Pune,Sports,Budget,Female,Corporate,22,11,21098.74,23.08,1.6,1,0,UPI,232086.14,53565.48,178520.66,114306.6,64214.06
CUST00142,2025-06-03 0:00:00,Bengaluru,Home & Kitchen,Premium,Male,Corporate,29,10 pcs,21528.41,6.34,4.2,1,0,Credit Card,43056.82,2729.8,40327.02,28946.46,11380.56
CUST00454,2025-11-27 0:00:00,Hyderabad,Sports,Budget,Female,Corporate,30,11,7538.9,34.12,3.7,1,0,Net Banking,82927.9,28295,54632.9,36662.32,17970.58
CUST01610,2025-02-24 0:00:00,Mumbai,Electronics,Premium,Female,Retail,52,7,29520.62,none,4.3,1,0,Cash,206644.34,56248.59,150395.75,94246.07,56149.68
CUST01044,2025-07-02 0:00:00,Mumbai,Sports,Regular,Male,Online,69,12,958.63,26.35,4.5,1,0,Cash,11503.56,3031.19,8472.37,5987.99,2484.38
CUST01445,2025-12-06 0:00:00,Bengaluru,Sports,Regular,Male,Online,24,9,7012.73,36.9,2.7,1,0,Debit Card,63114.57,23289.28,39825.29,21248.03,18577.26
CUST00615,2025-09-14 0:00:00,Hyderabad,Sports,Regular,Male,Retail,63,1,727.65,17.65,3.8,1,0,Credit Card,727.65,128.43,599.22,491.27,107.95
CUST01919,2025-06-24 0:00:00,Chennai,Home & Kitchen,Budget,Male,Retail,22,2,2790.95,24.22,2.9,1,0,Net Banking,5581.9,1351.94,4229.96,2796.53,1433.43
CUST01564,2025-10-27 0:00:00,Mumbai,Electronics,Regular,Other,Corporate,57,3,12578.73,N/A,1.7,1,0,,37736.19,2067.94,35668.25,27242.68,8425.57
CUST01369,2025-09-16 0:00:00,Pune,Electronics,Regular,Other,Online,51,5,24684.21,6.19,,0,0,Debit Card,123421.05,7639.76,115781.29,81380.3,34400.99
CUST01349,2025-04-23 0:00:00,Delhi,Beauty,Regular,Male,Online,45,3,1522.23,17.05,2.3,1,1,UPI,4566.69,778.62,3788.07,3062.97,725.1
CUST00824,2025-10-15 0:00:00,Chennai,Clothing,Premium,Female,Retail,25,5,9826.29,17.9,1.2,1,0,UPI,49131.45,8794.53,40336.92,27677.96,12658.96
CUST01255,2025-06-02 0:00:00,Hyderabad,Sports,Regular,Female,Online,30,11,644.27,20.48,3.9,0,1,Credit Card,7086.97,1451.41,5635.56,3664.74,1970.82
CUST01186,2025-06-28 0:00:00,Pune,Beauty,Budget,Male,Online,43,3,6266.12,28.04,1.4,0,0,Cash,18798.36,5271.06,13527.3,10988.98,2538.32
CUST00061,2025-07-28 0:00:00,Pune,Sports,Premium,Female,Corporate,37,12,27043.35,39.64,4.4,1,0,Credit Card,324520.2,128639.81,195880.39,129647.89,66232.5
CUST00196,2025-01-29 0:00:00,Mumbai,Sports,Regular,Male,Online,20,14,14386.36,34.14,4.7,0,0,Credit Card,201409.04,68761.05,132647.99,72157.87,60490.12
CUST01399,2025-08-19 0:00:00,Bengaluru,Beauty,Regular,Female,Online,40,11,20343.57,31.07,4.5,1,0,Credit Card,223779.27,69528.22,154251.05,93090.43,61160.62
CUST01542,2025-11-10 0:00:00,Chennai,Beauty,Regular,Female,Online,42,6,19039.41,28.81,2,0,1,Credit Card,114236.46,32911.52,81324.94,64781.99,16542.95
CUST01991,2025-03-03 0:00:00,Hyderabad,Home & Kitchen,Premium,Female,Corporate,56,4,1876.46,3.63,3.3,0,0,Net Banking,7505.84,272.46,7233.38,4066.14,3167.24
CUST01921,2025-03-13 0:00:00,Hyderabad,Sports,Regular,Male,Retail,53,6,5533.44,7.8,2.3,1,0,Cash,33200.64,2589.65,30610.99,15851.68,14759.31
CUST00786,2025-07-11 0:00:00,Chennai,Beauty,Regular,Female,Online,61,6,26364.67,37.27,3.5,1,0,Credit Card,158188.02,58956.68,99231.34,60314.3,38917.04
CUST01922,2025-07-21 0:00:00,Mumbai,Clothing,Budget,Female,Corporate,48,10,8178.69,36.02,3,1,0,Cash,81786.9,29459.64,52327.26,42625.9,9701.36
CUST01683,2025-04-24 0:00:00,Pune,Beauty,Regular,Male,Online,49,13,27862.77,36.6,3.7,1,1,Net Banking,362216.01,132571.06,229644.95,182077.58,47567.37
CUST01627,Jan-25-2025,Bengaluru,Electronics,Regular,Female,Corporate,18,3,29365.17,25.63,3.6,1,0,Credit Card,88095.51,22578.88,65516.63,54031.23,11485.4
CUST01556,2025-01-06 0:00:00,Mumbai,Electronics,Premium,Female,Online,20,3,6996.09,36.72,2.2,0,0,Net Banking,20988.27,7706.89,13281.38,10955.31,2326.07
CUST00548,2025-05-17 0:00:00,Chennai,Clothing,Regular,Female,Online,25,3,4321.91,38.22,3.4,1,0,Credit Card,12965.73,4955.5,8010.23,5184.49,2825.74
CUST00623,2025-04-30 0:00:00,Bengaluru,Electronics,Premium,Male,Online,53,9,27189.74,9.02,4.7,1,0,UPI,244707.66,22072.63,222635.03,176437.59,46197.44
CUST00330,2025-11-30 0:00:00,Chennai,Beauty,Regular,Female,Retail,21,10,10263.91,6.41,3.3,1,0,Credit Card,102639.1,6579.17,96059.93,76752.01,19307.92
CUST01216,2025-06-28 0:00:00,Mumbai,Beauty,Regular,Female,Retail,34,8,1214.93,27.7,4.8,0,0,UPI,9719.44,2692.28,7027.16,5343.77,1683.39
CUST01748,2025-02-24 0:00:00,Mumbai,Electronics,Budget,Female,Online,58,2,26051.02,7.84,1.7,1,0,UPI,52102.04,4084.8,48017.24,25762.56,22254.68
CUST00834,2025-11-12 0:00:00,Chennai,Clothing,Budget,Female,Online,21,6,7113.03,24.54,4.4,1,0,Net Banking,42678.18,10473.23,32204.95,24710.81,7494.14
CUST01264,2025-04-03 0:00:00,Pune,Electronics,Budget,Female,Retail,41,10,8919.46,10.49,2.3,1,0,Cash,89194.6,9356.51,79838.09,44252.01,35586.08
CUST01459,2025-10-30 0:00:00,Pune,Clothing,Regular,Female,Retail,35,12,3554.67,16.22,3.4,1,Not Returned,Net Banking,42656.04,6918.81,35737.23,22706.9,13030.33
CUST01893,2025-07-30 0:00:00,Pune,Electronics,Regular,Male,Online,47,6,15307.39,10.94,1.2,1,0,UPI,91844.34,10047.77,81796.57,67184.66,14611.91
CUST01939,2025-10-12 0:00:00,Hyderabad,Home & Kitchen,Premium,Female,Retail,64,3,5583.65,19.14,3.9,1,0,Credit Card,16750.95,3206.13,13544.82,11411.2,2133.62
CUST01012,2025-10-12 0:00:00,Mumbai,Clothing,Regular,Male,Online,56,6,23732.74,36.48,3.9,1,1,Cash,142396.44,51946.22,90450.22,62108.89,28341.33
CUST01238,2025-10-18 0:00:00,Pune,Beauty,Regular,Female,Online,34,11,16611.16,7.51,4,1,0,Cash,182722.76,13722.48,169000.28,94009.25,74991.03
CUST01057,2025-07-07 0:00:00,Mumbai,Electronics,Premium,Male,Online,50,12,3381.11,18.64,2.1,1,0,,40573.32,7562.87,33010.45,26957.76,6052.69
CUST00296,2025-01-13 0:00:00,Mumbai,Electronics,Premium,Male,Corporate,56,2,4634.32,22.4,4.9,0,0,Net Banking,9268.64,2076.18,7192.46,6073.67,1118.79
CUST01623,2025-07-04 0:00:00,Pune,Electronics,Budget,Female,Corporate,45,1,19961.9,8.5,2.9,1,0,Credit Card,19961.9,1696.76,18265.14,9470.79,8794.35
CUST00712,2025-01-04 0:00:00,Pune,Clothing,Regular,Male,Online,53,2,28587.77,5.46,3.4,1,0,Debit Card,57175.54,3121.78,54053.76,42399.3,11654.46
CUST01551,2025-03-10 0:00:00,Hyderabad,Clothing,Budget,Male,Retail,29,8,24982.98,2.54,1.5,1,Y,Cash,199863.84,5076.54,194787.3,126803.42,67983.88
CUST00910,2025-08-19 0:00:00,Bengaluru,Clothing,Budget,Female,Retail,44,2,16766.02,19.46,4.6,1,0,Cash,33532.04,6525.33,27006.71,22821.68,4185.03
CUST00827,2025-08-06 0:00:00,Hyderabad,Home & Kitchen,Budget,Male,Retail,20,3,7220.39,18.88,3.3,1,0,Cash,21661.17,4089.63,17571.54,10394.79,7176.75
CUST00971,2025-02-26 0:00:00,,Sports,Regular,Male,Corporate,67,7,13857.92,38.55,4.8,1,1,Net Banking,97005.44,37395.6,59609.84,39142.21,20467.63
CUST01050,2025-02-21 0:00:00,Pune,Sports,Premium,Female,Online,51,7,24387.55,24.82,3.5,0,0,Net Banking,170712.85,42370.93,128341.92,92820.14,35521.78
CUST01040,2025-07-12 0:00:00,Bengaluru,Electronics,Regular,Female,Corporate,23,11,24111.25,15.86,2.1,1,0,Cash,265223.75,42064.49,223159.26,168785.68,54373.58
CUST01243,2025-11-19 0:00:00,Pune,Electronics,Premium,Female,Corporate,32,1,7928.44,19.46,3.7,1,0,Net Banking,7928.44,1542.87,6385.57,4189.47,2196.1
CUST01776,2025-03-11 0:00:00,Chennai,Clothing,Budget,Female,Corporate,43,6,9407.13,31.93,1.2,1,0,Credit Card,56442.78,18022.18,38420.6,27760.23,10660.37
CUST00669,2025-01-04 0:00:00,Mumbai,Clothing,Premium,Female,Corporate,49,7,16215.73,23.83,,1,0,Debit Card,113510.11,27049.46,86460.65,50088.25,36372.4
CUST01048,2025-10-15 0:00:00,Bengaluru,Clothing,Regular,Other,Corporate,41,12,,21.56,3.2,1,0,Cash,219143.88,47247.42,171896.46,92838.4,79058.06
CUST01829,2025-11-30 0:00:00,Delhi,Sports,Regular,Female,Retail,65,13,22779.14,75,4.4,1,0,UPI,296128.82,63874.99,232253.83,172759.27,59494.56
CUST01231,2025-12-13 0:00:00,Hyderabad,Home & Kitchen,Regular,Female,Retail,46,1,26571.79,11.46,3.4,1,1,UPI,26571.79,3045.13,23526.66,16832.7,6693.96
CUST00796,2025-11-17 0:00:00,Chennai,Clothing,Regular,Female,Corporate,40,13,2603.03,1.27,4.7,0,1,Cash,33839.39,429.76,33409.63,20340.26,13069.37
CUST00650,2025-10-05 0:00:00,Chennai,Clothing,Regular,Male,Online,22,7,2462.64,6.05,1.8,0,0,Cash,17238.48,1042.93,16195.55,11940.93,4254.62
CUST01720,2025-04-13 0:00:00,Hyderabad,Sports,Regular,Female,Corporate,43,1,12612.27,14.73,4.9,1,0,Cash,12612.27,1857.79,10754.48,7889.74,2864.74
CUST01367,2025-01-27 0:00:00,Bengaluru,Electronics,Regular,Male,Retail,40,14,27326.93,23.35,4.8,1,0,Net Banking,382577.02,89331.73,293245.29,151374.67,141870.62
CUST01487,2025-05-20 0:00:00,Mumbai,Beauty,Premium,Male,Retail,63,1,12268.22,27.71,3.4,1,0,Cash,12268.22,3399.52,8868.7,7361.99,1506.71
CUST01386,2025-06-24 0:00:00,Mumbai,Beauty,Regular,Female,Corporate,19,4,17308.86,34.75,3.4,1,0,Credit Card,69235.44,24059.32,45176.12,26571.32,18604.8
CUST01967,2025-09-26 0:00:00,Pune,Beauty,Regular,Male,Corporate,54,13,26925.95,25.25,4.8,0,1,Credit Card,350037.35,88384.43,261652.92,177119.73,84533.19
CUST01428,2025-05-26 0:00:00,Mumbai,Beauty,Regular,Male,Online,19,11,4485.58,13.57,4.6,1,1,Net Banking,49341.38,6695.63,42645.75,32065.33,10580.42
CUST01053,2025-03-21 0:00:00,Pune,Electronics,Reg,Female,Corporate,45Y,N/A,7788.12,13.35,4.8,0,0,Net Banking,7788.12,1039.71,6748.41,4137.86,2610.55
CUST00578,2025-10-15 0:00:00,Hyderabad,Home & Kitchen,Regular,Male,Online,33,1,22201,0.63,1.7,0,0,UPI,22201,139.87,22061.13,11098.97,10962.16
CUST01480,2025-09-16 0:00:00,Bengaluru,,Budget,Female,Corporate,60,7,9334.55,30.66,1.9,1,0,Credit Card,65341.85,20033.81,45308.04,23993.27,21314.77
CUST01133,2025-03-16 0:00:00,Mumbai,Sports,Regular,Female,Corporate,64,9,19955.24,19.02,4.9,1,0,UPI,179597.16,34159.38,145437.78,121340.38,24097.4
CUST01593,2025-08-14 0:00:00,Mumbai,Clothing,Premium,Male,Corporate,51,8,26908.18,16.8,1.8,1,0,Credit Card,215265.44,36164.59,179100.85,131276.03,47824.82
CUST00412,2025-07-21 0:00:00,Delhi,Clothing,Regular,Female,Corporate,18,11,19866.49,23.3,3.2,1,1,UPI,218531.39,50917.81,167613.58,90990.48,76623.1
CUST01538,2025-12-12 0:00:00,Mumbai,Beauty,Budget,Male,Corporate,64,6,498.92,25.55,2.2,1,0,Credit Card,2993.52,764.84,2228.68,1608.15,620.53
CUST00063,2025-09-13 0:00:00,Hyderabad,Electronics,Regular,Female,Retail,39,9,2893.16,29.47,3.7,0,0,Cash,26038.44,7673.53,18364.91,14673.44,3691.47
CUST01553,2025-12-20 0:00:00,Bengaluru,Clothing,Premium,Male,Corporate,19,6,16983.33,29.71,3,1,0,Debit Card,101899.98,30274.48,71625.5,42820.14,28805.36
CUST00572,2025-06-24 0:00:00,Chennai,Sports,Regular,Other,Online,58,11,8386.81,2.21,1,0,0,Credit Card,92254.91,2038.83,90216.08,64958.03,25258.05
CUST00125,2025-05-16 0:00:00,Hyderabad,Electronics,Budget,Female,Corporate,47,11,22815.22,26.9,3.9,1,0,Credit Card,250967.42,67510.24,183457.18,150195.76,33261.42
CUST01504,2025-08-01 0:00:00,Bengaluru,Electronics,Regular,Female,Retail,50,3,7773.52,22.41,2.2,0,0,UPI,23320.56,5226.14,18094.42,9120.43,8973.99
CUST01645,2025-03-12 0:00:00,Delhi,Sports,Premium,Male,Online,55,7,16467.1,8.27,1.4,1,0,UPI,115269.7,9532.8,105736.9,69632.48,36104.42
CUST00383,2025-03-07 0:00:00,Pune,Beauty,Regular,Female,Online,49,9,5883.61,6.82,1.4,0,0,UPI,52952.49,3611.36,49341.13,32260.34,17080.79
CUST01906,2025-06-06 0:00:00,Pune,Beauty,Regular,Male,Online,27,1,250000,29.97,1.1,1,0,Cash,2513.91,753.42,1760.49,890.46,870.03
CUST00995,2025-07-03 0:00:00,Delhi,Electronics,Regular,Male,Online,30,12,10809.49,23.23,3.7,0,0,UPI,129713.88,30132.53,99581.35,74504.61,25076.74
CUST00440,2025-11-08 0:00:00,Bengaluru,Clothing,Budget,Female,Retail,25 years,5,3066.51,16.69,2.6,0,0,UPI,15332.55,2559,12773.55,7086,5687.55
CUST00811,2025-10-13 0:00:00,Hyderabad,Sports,Regular,Female,Corporate,63,3,20709.06,32.09,2.9,1,1,UPI,62127.18,19936.61,42190.57,35515.58,6674.99
CUST01767,2025-12-05 0:00:00,Mumbai,Clothing,Regular,Male,Online,25 years,14,8895.26,11.5,2,0,1,Credit Card,124533.64,14321.37,110212.27,85213.32,24998.95
CUST01963,2025-04-09 0:00:00,Delhi,Beauty,Premium,Male,Corporate,20,2,4771.55,2.22,,1,0,Credit Card,9543.1,211.86,9331.24,5343.73,3987.51
CUST00299,2025-02-08 0:00:00,Chennai,Beauty,Budget,Female,Online,58,5,7052.42,33.46,1.9,1,0,UPI,35262.1,11798.7,23463.4,17574.06,5889.34
CUST00961,2025-03-22 0:00:00,Delhi,Beauty,Premium,Male,Online,44,11,25884.43,12.46,2.9,0,0,Net Banking,284728.73,35477.2,249251.53,130350.46,118901.07
CUST00792,2025-08-12 0:00:00,Hyderabad,Electronics,Regular,Female,Retail,59,5,18660.66,1.53,2.7,0,0,Net Banking,93303.3,1427.54,91875.76,49041.69,42834.07
CUST01600,2025-12-31 0:00:00,Mumbai,Electronics,Regular,Female,Online,52,13,29938.7,31.85,3.5,0,0,UPI,389203.1,123961.19,265241.91,224983.02,40258.89
CUST01641,2025-01-07 0:00:00,Bengaluru,Beauty,Budget,Male,Corporate,45,14,15399.29,35.2,4.1,1,0,Debit Card,215590.06,75887.7,139702.36,104744.7,34957.66
CUST00530,2025-06-29 0:00:00,Mumbai,Clothing,Premium,Female,Retail,50,9,17312.4,6.47,3.7,1,0,Debit Card,155811.6,10081.01,145730.59,103025.06,42705.53
CUST00745,2025-04-18 0:00:00,Hyderabad,Sports,Regular,Male,Online,36,9,20520.36,15.41,3.1,1,1,Debit Card,184683.24,28459.69,156223.55,82378.01,73845.54
CUST00291,2025-04-28 0:00:00,Chennai,Electronics,Premium,Male,Online,49,8,22393.03,17.09,3.1,0,0,Cash,179144.24,30615.75,148528.49,117345.99,31182.5
CUST00608,2025-05-07 0:00:00,Bengaluru,Home & Kitchen,Regular,Male,Retail,31,14,5547.95,25.44,2.8,1,0,Net Banking,77671.3,19759.58,57911.72,37529.31,20382.41
CUST01524,2025-10-30 0:00:00,Mumbai,Home & Kitchen,Regular,male,Online,43,5,13697.8,27.58,3,1,0,Cash,68489,18889.27,49599.73,40279.88,9319.85
CUST00771,2025-02-02 0:00:00,Delhi,Beauty,Regular,Female,Corporate,34,7,20329.5,13.43,2.1,0,0,UPI,142306.5,19111.76,123194.74,65892.86,57301.88
CUST00994,2025-12-04 0:00:00,Bengaluru,Clothing,Premium,Female,Retail,36,13,28919.16,19.3,2.1,0,0,Debit Card,375949.08,72558.17,303390.91,154471.53,148919.38
CUST01703,2025-06-28 0:00:00,Delhi,Sports,Regular,Female,Corporate,52,10,15567.31,33.79,4.9,1,0,Debit Card,155673.1,52601.94,103071.16,65963.98,37107.18
CUST01028,2025-10-27 0:00:00,Delhi,Home & Kitchen,Premium,Male,Retail,65,3,14168.64,6.6,2.3,1,0,Cash,42505.92,2805.39,39700.53,33254.8,6445.73
CUST01559,2025-10-24 0:00:00,Chennai,Home & Kitchen,Regular,Female,Corporate,37,14,23712.37,34.51,3.5,0,0,UPI,331973.18,114563.94,217409.24,144824.9,72584.34
CUST01798,2025-01-23 0:00:00,Mumbai,Beauty,Regular,Male,Online,120,14,11747.6,3.5,3.6,0,0,Credit Card,164466.4,5756.32,158710.08,101891.62,56818.46
CUST00408,2025-07-17 0:00:00,Delhi,Electronics,Regular,Female,Online,58,8,7883.17,0.7,2.6,1,0,Cash,63065.36,441.46,62623.9,39437.27,23186.63
CUST00001,2025-11-19 0:00:00,Hyderabad,Home & Kitchen,Regular,Female,Corporate,68,3,16747.69,35.06,4.5,1,0,Credit Card,50243.07,17615.22,32627.85,24432.21,8195.64
CUST00942,2025-10-22 0:00:00,DELHI,Home & Kitchen,Premium,Male,Online,,1,7928.44,16.06,2.8,1,0,Debit Card,7928.44,1273.31,6655.13,3420.91,3234.22
CUST01220,2025-06-25 0:00:00,Pune,Beauty,Regular,Female,Corporate,24,1,1149.9,7.05,2.4,1,0,,1149.9,81.07,1068.83,646.91,421.92
CUST01876,2025-10-06 0:00:00,Pune,Electronics,Regular,Female,Corporate,62,11,20673.76,1.21,2.1,1,0,Debit Card,227411.36,2751.68,224659.68,129308.72,95350.96
CUST01543,2025-01-31 0:00:00,Hyderabad,Electronics,Regular,Female,Corporate,41,4,27132.81,18.88,3.1,1,0,Cash,108531.24,20490.7,88040.54,68145.02,19895.52
CUST00130,2025-12-07 0:00:00,Mumbai,Electronics,Premium,Female,Retail,44,7,3104.61,19.91,1.6,1,0,Credit Card,21732.27,4326.89,17405.38,12701.57,4703.81
CUST00718,2025-12-18 0:00:00,Pune,Clothing,Premium,Other,Online,31,10,17090.93,5.26,4,1,0,Net Banking,170909.3,8989.83,161919.47,99830.12,62089.35
CUST00922,2025-10-09 0:00:00,Bengaluru,Electronics,Regular,Female,Online,36,5,10806.33,15.21,1.3,1,0,Net Banking,54031.65,8218.21,45813.44,31198.45,14614.99
CUST01122,2025-04-10 0:00:00,Bengaluru,Clothing,Premium,Other,Corporate,66,4,10k,38.97,3.1,1,0,Credit Card,5374.44,2094.42,3280.02,2755.63,524.39
CUST01436,2025-05-31 0:00:00,Pune,Home & Kitchen,Premium,Female,Retail,42,3,6652.5,30.84,2.7,1,0,Credit Card,19957.5,6154.89,13802.61,8269.03,5533.58
CUST00531,2025-05-22 0:00:00,Mumbai,Beauty,Regular,Male,Corporate,37,2,7238.55,13,3.1,0,0,Cash,14477.1,1882.02,12595.08,6320.77,6274.31
CUST00048,2025-11-22 0:00:00,Hyderabad,Clothing,Budget,Female,Corporate,47,13,26743.83,18.51,4.3,1,0,Debit Card,347669.79,64353.68,283316.11,187290.88,96025.23
CUST01575,2025-06-14 0:00:00,Chennai,Electronics,Budget,Male,Corporate,41,11,27410.41,10.33,4.1,0,1,Debit Card,301514.51,31146.45,270368.06,168839.69,101528.37
CUST00236,2025-12-06 0:00:00,Bengaluru,Sports,Regular,Female,Online,60,9,100000,1.96,3.3,1,0,Cash,5524.74,108.28,5416.46,4384.53,1031.93
CUST00406,2025-12-24 0:00:00,Bengaluru,Home & Kitchen,Regular,Female,Corporate,56,13,15836.43,14.83,3.2,0,0,UPI,205873.59,30531.05,175342.54,139870.13,35472.41
CUST00535,2025-06-05 0:00:00,Delhi,Clothing,Regular,Male,Corporate,54,9,1792.27,13.64,4.9,1,0,Cash,16130.43,2200.19,13930.24,8233.83,5696.41
CUST01924,2025-12-14 0:00:00,Pune,Electronics,Budget,Male,Online,51,11,17466.03,18.83,2.2,1,0,Credit Card,192126.33,36177.39,155948.94,129537.62,26411.32
CUST00374,2025-03-31 0:00:00,Bengaluru,Sports,Regular,Male,Online,38,2,19019.77,1.15,1.6,1,0,Credit Card,38039.54,437.45,37602.09,22532.48,15069.61
CUST00598,2025-07-19 0:00:00,Chennai,Home & Kitchen,Premium,Female,Retail,38,8,17316.25,21.99,1.6,1,0,UPI,138530,30462.75,108067.25,90577.14,17490.11
CUST00307,2025-05-11 0:00:00,Delhi,Beauty,Premium,Female,Online,24,12,29310.02,14.77,2.4,1,0,UPI,351720.24,51949.08,299771.16,177643.84,122127.32
CUST01662,2025-10-11 0:00:00,Delhi,Electronics,Regular,Female,Online,68,1,568.09,3.34,3.1,1,0,Credit Card,568.09,18.97,549.12,428.75,120.37
CUST00852,2025-10-04 0:00:00,Bengaluru,Electronics,Regular,Male,Retail,63,6,27142.6,11.75,2.3,1,0,Net Banking,162855.6,19135.53,143720.07,112335.85,31384.22
CUST01305,2025-11-03 0:00:00,Delhi,Clothing,Regular,Female,Retail,50,3,4345.21,14.59,4.9,1,1,Net Banking,13035.63,1901.9,11133.73,6762.05,4371.68
CUST01597,2025-10-30 0:00:00,Mumbai,Beauty,Regular,Female,Online,36,3,25012.18,3.63,2.1,1,1,,75036.54,2723.83,72312.71,58030,14282.71
CUST01041,2025-07-21 0:00:00,Hyderabad,Sports,Regular,Male,Corporate,29,5,1298.87,26.73,1.6,1,0,Credit Card,6494.35,1735.94,4758.41,2634.77,2123.64
CUST01411,2025-04-08 0:00:00,Hyderabad,Home & Kitchen,Regular,Male,Retail,35,8,12344.49,14.21,4.4,0,0,Debit Card,98755.92,14033.22,84722.7,66351.52,18371.18
CUST00120,2025-11-18 0:00:00,Pune,Clothing,Budget,Male,Corporate,51,14,8626.11,33.88,3.2,1,0,Debit Card,120765.54,40915.36,79850.18,52427.11,27423.07
CUST01272,2025-03-10 0:00:00,Pune,Beauty,Regular,Female,Online,67,13,28371.03,28.44,3.1,0,0,Debit Card,368823.39,104893.37,263930.02,196335.62,67594.4
CUST01320,2025-12-15 0:00:00,Hyderabad,Clothing,Regular,Female,Online,33,5,2648.7,33.53,1.9,1,0,Debit Card,13243.5,4440.55,8802.95,6945.09,1857.86
CUST00117,2025-11-21 0:00:00,Chennai,,Regular,Male,Online,49,3,18155.69,21.88,4.5,0,1,Cash,54467.07,11917.39,42549.68,35560,6989.68
CUST01917,2025-01-01 0:00:00,Mumbai,Beauty,Premium,Female,Retail,23,13,3995.62,39.89,4,1,0,Debit Card,51943.06,20720.09,31222.97,26336.45,4886.52
CUST01240,2025-12-22 0:00:00,Chennai,Sports,Regular,Male,Online,37,6,10k,17.8,2.8,1,0,Credit Card,140572.62,25021.93,115550.69,75468.83,40081.86
CUST01693,2025-10-29 0:00:00,Mumbai,Beauty,Regular,Male,Online,45,1,11377.1,8.64,1.7,1,0,Net Banking,11377.1,982.98,10394.12,7912.49,2481.63
CUST00301,2025-01-08 0:00:00,Bengaluru,Sports,Regular,Female,Online,37,8,11466.3,27.43,2.5,1,1,Net Banking,91730.4,25161.65,66568.75,54771.25,11797.5
CUST01023,2025-04-13 0:00:00,Bengaluru,Beauty,Regular,Female,Online,69,13,20056.03,5.9,1.4,1,0,UPI,260728.39,15382.98,245345.41,205937.3,39408.11
CUST01089,2025-01-20 0:00:00,Hyderabad,Home & Kitchen,Premium,Male,Retail,59,4,6758.78,1.6,1.8,1,0,Debit Card,27035.12,432.56,26602.56,21226.21,5376.35
CUST00289,2025-01-26 0:00:00,Pune,Clothing,Regular,Female,Online,51,8,13415.3,21.02,3.5,1,0,Credit Card,107322.4,22559.17,84763.23,55869.76,28893.47
CUST01481,2025-05-24 0:00:00,Chennai,Beauty,Budget,Male,Retail,39,8,21102.04,26.39,1.8,1,0,Credit Card,168816.32,44550.63,124265.69,93557.2,30708.49
CUST00817,2025-08-20 0:00:00,Bengaluru,Home & Kitchen,Regular,Female,Retail,37,3,"$20,000",16.96,4,0,0,Credit Card,68001.39,11533.04,56468.35,36460.52,20007.83
CUST00630,2025-03-24 0:00:00,Chennai,Beauty,Budget,Male,Online,47,7,24744.94,36.95,1.7,1,0,Net Banking,173214.58,64002.79,109211.79,84058.17,25153.62
CUST01174,2025-07-29 0:00:00,Delhi,Clothing,Premium,Male,Corporate,41,14,29438.09,35.71,1.6,1,0,Cash,412133.26,147172.79,264960.47,161639.12,103321.35
CUST00754,2025-11-21 0:00:00,Chennai,Home & Kitchen,Regular,Female,Corporate,41,9,10423.17,13.45,2.4,1,0,Cash,93808.53,12617.25,81191.28,53176.32,28014.96
CUST01355,2025-01-12 0:00:00,Pune,Electronics,Budget,Female,Corporate,44,1,23694.88,31.9,2,1,0,Debit Card,23694.88,7558.67,16136.21,11664.78,4471.43
CUST00390,2025-04-06 0:00:00,Hyderabad,Home & Kitchen,Regular,Male,Retail,50,3,20435.64,28.55,3,0,0,Debit Card,61306.92,17503.13,43803.79,22772.47,21031.32
CUST00866,2025-02-02 0:00:00,Chennai,Home & Kitchen,Budget,Male,Retail,34,14,5736.04,2.33,3.8,1,0,Net Banking,80304.56,1871.1,78433.46,55559.51,22873.95
CUST00820,2025-01-29 0:00:00,Chennai,Sports,Regular,Female,Online,47,1,27296.27,35.43,2.3,0,0,Debit Card,27296.27,9671.07,17625.2,8982.34,8642.86
CUST00193,2025-05-05 0:00:00,Pune,Beauty,Budget,Female,Online,62,10,575.03,23.06,2.3,1,0,Debit Card,5750.3,1326.02,4424.28,3598.02,826.26
CUST00637,2025-05-13 0:00:00,Pune,Clothing,Regular,Male,Retail,25,2,20863.99,0.52,2.3,0,0,Net Banking,41727.98,216.99,41510.99,31143.26,10367.73
CUST00529,2025-04-12 0:00:00,Bengaluru,Electronics,Regular,Female,Corporate,37,4,7044.94,2.82,1.9,1,0,UPI,28179.76,794.67,27385.09,16867.06,10518.03
CUST01968,2025-06-21 0:00:00,Bengaluru,Sports,Regular,Male,Online,33,4,19163.48,34.67,3.1,1,0,Cash,76653.92,26575.91,50078.01,38883.44,11194.57
CUST00274,2025-12-17 0:00:00,Mumbai,Beauty,Regular,Male,Retail,39,2,28063.9,19.52,3.5,1,0,UPI,56127.8,10956.15,45171.65,35169.21,10002.44
CUST01639,2025-11-12 0:00:00,Mumbai,Sports,Regular,Male,Online,18,5,1678.77,6.18,1.9,1,0,Cash,8393.85,518.74,7875.11,5242.09,2633.02
CUST01124,2025-07-01 0:00:00,Chennai,Clothing,Budget,Male,Corporate,59,2,26187.7,12.13,2.6,1,0,Net Banking,52375.4,6353.14,46022.26,30866.65,15155.61
CUST01119,2025-06-27 0:00:00,Hyderabad,Home & Kitchen,Regular,Female,Online,56,10,10323.81,26.47,4.8,1,0,UPI,103238.1,27327.13,75910.97,61560.33,14350.64
CUST00076,2025-01-02 0:00:00,Hyderabad,Home & Kitchen,Premium,Other,Corporate,38,7,28396.72,22.37,3.2,1,0,Net Banking,198777.04,44466.42,154310.62,77626.67,76683.95
CUST01751,2025-10-26 0:00:00,Bengaluru,Electronics,Premium,Male,Online,58,6,10401.06,24.75,4.7,1,1,Net Banking,62406.36,15445.57,46960.79,23731.79,23229
CUST01907,2025-10-12 0:00:00,Chennai,Beauty,Regular,Female,Retail,51,7,18098.25,38.08,4.3,0,0,Cash,126687.75,48242.7,78445.05,46244.1,32200.95
CUST00896,2025-05-25 0:00:00,Chennai,Beauty,Premium,Male,Online,44,2,20115.06,9.69,2.9,1,0,Debit Card,40230.12,3898.3,36331.82,23069,13262.82
CUST01859,2025-10-17 0:00:00,Bengaluru,Sports,Budget,Male,Corporate,35,12,9636.21,16.59,4,1,0,Debit Card,115634.52,19183.77,96450.75,61410.24,35040.51
CUST01532,2025-08-01 0:00:00,Mumbai,Electronics,Premium,Female,Retail,67,14,14719.41,26.51,3.9,1,0,Net Banking,206071.74,54629.62,151442.12,77625.64,73816.48
CUST00894,2025-11-30 0:00:00,Pune,Clothing,Budget,Female,Retail,26,8,1588.73,38.83,1.4,1,1,Debit Card,12709.84,4935.23,7774.61,6353.59,1421.02
CUST00088,2025-01-04 0:00:00,Hyderabad,Beauty,Premium,Female,Corporate,28,8,21163.16,10.25,1.7,1,0,Cash,169305.28,17353.79,151951.49,123224.69,28726.8
CUST00429,2025-10-10 0:00:00,Chennai,Clothing,Regular,Female,Retail,21,6,6432.69,36.87,1.2,0,0,Credit Card,38596.14,14230.4,24365.74,15605.56,8760.18
CUST00416,2025-09-01 0:00:00,Chennai,Sports,Budget,Female,Retail,18,11,4542.52,34.27,1.2,1,0,UPI,49967.72,17123.94,32843.78,16808.59,16035.19
CUST01742,2025-12-26 0:00:00,Hyderabad,Home & Kitchen,Premium,Female,Online,21,14,28565.13,32.2,3.4,1,0,Net Banking,399911.82,128771.61,271140.21,228191.5,42948.71
CUST01658,2025-03-29 0:00:00,Pune,Home & Kitchen,Regular,Male,Corporate,200,3,22272.83,24.35,1.5,0,0,Debit Card,66818.49,16270.3,50548.19,40449.06,10099.13
CUST01613,2025-02-25 0:00:00,Delhi,Sports,Regular,Male,Corporate,36,2,9230.59,90,4.3,1,0,Cash,18461.18,1894.12,16567.06,8317.16,8249.9
CUST00633,2025-02-16 0:00:00,Bengaluru,Electronics,Budget,Female,Online,23,13,13979.28,38.67,1.9,1,0,Net Banking,181730.64,70275.24,111455.4,75906.92,35548.48
CUST01036,2025-09-30 0:00:00,Hyderabad,Electronics,Budget,Female,Retail,36,2,3097.13,39.37,1.9,1,0,Cash,6194.26,2438.68,3755.58,2216.64,1538.94
CUST00475,2025-06-03 0:00:00,Bengaluru,Electronics,Regular,Male,Corporate,28,10,unknown,11.3,2.9,0,0,Net Banking,111573.6,12607.82,98965.78,63707.18,35258.6
CUST00019,2025-12-06 0:00:00,Mumbai,Electronics,Premium,Female,Online,36,5,2847.79,6.58,3.5,1,1,Debit Card,14238.95,936.92,13302.03,10300.17,3001.86
CUST01311,2025-09-04 0:00:00,Delhi,Electronics,Regular,Female,Retail,26,2,2899.76,32.72,2.7,0,0,Credit Card,5799.52,1897.6,3901.92,2033.17,1868.75
CUST01162,2025-06-28 0:00:00,Mumbai,Sports,Regular,Male,Corporate,68,3,7575.95,39.42,1.3,1,0,Debit Card,22727.85,8959.32,13768.53,8519.17,5249.36
CUST00875,2025-02-19 0:00:00,Hyderabad,Beauty,Regular,Female,Retail,63,3,2692.23,27.7,4.8,1,0,Cash,8076.69,2237.24,5839.45,4398.27,1441.18
CUST01336,2025-04-11 0:00:00,Mumbai,Clothing,Regular,Female,Retail,40,4,16751.5,0.08,2.3,1,0,Net Banking,67006,53.6,,54777.5,12174.9
CUST01338,2025-01-25 0:00:00,Bengaluru,Sports,Regular,Male,Retail,56,3,100000,25.92,2.9,0,0,Net Banking,54311.25,14077.48,40233.77,30491.69,9742.08
CUST01500,2025-05-31 0:00:00,Delhi,Electronics,Regular,Female,Corporate,35,4,13457.91,23.06,4.6,1,0,Debit Card,53831.64,12413.58,41418.06,29991.03,11427.03
CUST01009,2025-10-22 0:00:00,Bengaluru,Clothing,Regular,Female,Retail,18,8,22323.99,33.25,2.9,1,0,UPI,178591.92,59381.81,119210.11,75945.33,43264.78
CUST01075,2025-09-08 0:00:00,Mumbai,Beauty,Premium,Female,Online,50,12,18202.29,21.51,3.3,1,0,UPI,218427.48,46983.75,171443.73,111930.5,59513.23
CUST00326,2025-05-09 0:00:00,Hyderabad,Sports,Budget,Female,Retail,,14,22179.67,14.95,1.2,0,0,UPI,310515.38,46422.05,264093.33,168840.67,95252.66
CUST00831,2025-04-19 0:00:00,Bengaluru,Clothing,Regular,Female,Online,54,9,782.28,28.33,4.8,1,0,Credit Card,7040.52,1994.58,5045.94,4047.26,998.68
CUST00217,2025-10-09 0:00:00,Pune,Home & Kitchen,Budget,Male,Corporate,61,4,478.61,22.44,3.8,1,0,Cash,1914.44,429.6,1484.84,980.85,503.99
CUST00702,2025-01-23 0:00:00,Hyderabad,Electronics,Regular,Male,Retail,51,2,8954.3,22.88,1.3,1,0,Debit Card,17908.6,4097.49,13811.11,7362.78,6448.33
CUST00486,2025-02-12 0:00:00,Hyderabad,Home & Kitchen,Premium,Male,Corporate,61,4,10164.21,4.82,5,1,0,Net Banking,40656.84,1959.66,38697.18,19427.19,19269.99
CUST00338,2025-01-15 0:00:00,Bengaluru,Sports,Premium,Male,Retail,26,6,15049.1,0.87,3.5,1,1,Credit Card,90294.6,785.56,89509.04,52198.06,37310.98
CUST01679,2025-06-26 0:00:00,Pune,Home & Kitchen,Regular,Male,Online,47,3,28299.66,14.22,1.9,N,0,Cash,84898.98,12072.63,72826.35,51749.64,21076.71
CUST00269,2025-10-06 0:00:00,Delhi,Electronics,Regular,Male,Online,51,13,7783.63,8.44,1.5,1,0,UPI,101187.19,8540.2,92646.99,50421.61,42225.38
CUST01706,2025-08-14 0:00:00,Pune,Sports,Regular,Female,Online,18,9,5912.68,0.2,4.7,1,0,Cash,53214.12,106.43,53107.69,31638.69,21469
CUST00784,2025-06-01 0:00:00,Chennai,Beauty,Premium,Female,Online,29,3,2754.41,33.92,4.3,0,0,Debit Card,8263.23,2802.89,5460.34,3359.52,2100.82
CUST01181,2025-03-14 0:00:00,Chennai,Home & Kitchen,Regular,Male,Corporate,64,N/A,19442.5,21.06,2.9,1,0,UPI,233310,49135.09,184174.91,127096.75,57078.16
CUST00205,2025-10-18 0:00:00,Chennai,Electronics,Regular,Male,Retail,45,200,14386.72,39.38,1.4,1,1,Net Banking,100707.04,39658.43,61048.61,45150.83,15897.78
CUST01929,2025-02-08 0:00:00,Bengaluru,Electronics,Premium,Female,Retail,30,1,11663.09,32.74,1.3,0,0,Debit Card,11663.09,3818.5,7844.59,6476.57,1368.02
CUST01169,2025-09-06 0:00:00,Delhi,Home & Kitchen,Regular,Female,Corporate,64,9,15622.88,15.21,4.3,0,0,Cash,140605.92,21386.16,119219.76,90642.24,28577.52
CUST01792,2025-07-17 0:00:00,Hyderabad,Home & Kitchen,Regular,Male,Corporate,55,13,17747.27,19.48,1.7,1,0,Cash,230714.51,44943.19,185771.32,128802.87,56968.45
CUST01826,2025-11-16 0:00:00,Delhi,Electronics,Budget,Female,Retail,45,7,23809.83,25.08,1.7,1,1,Credit Card,166668.81,41800.54,124868.27,93273.46,31594.81
CUST01782,2025-05-12 0:00:00,Mumbai,ELECTRONICS,Budget,Male,Corporate,66,10,29221.55,17.9,1.3,1,1,Credit Card,292215.5,52306.57,239908.93,177948.41,61960.52
CUST00349,2025-12-02 0:00:00,Mumbai,Sports,Regular,Male,Retail,58,7,8179.72,12.8,3.6,1,0,Cash,57258.04,7329.03,49929.01,35661.08,14267.93
CUST01715,2025-02-26 0:00:00,Hyderabad,Sports,Premium,Male,Online,18,1,5930.04,19.51,1.7,1,0,Cash,5930.04,1156.95,4773.09,3989.89,783.2
CUST00305,2025-04-24 0:00:00,Bengaluru,Sports,Regular,Female,Retail,35,5,8352.68,120,1.6,1,0,UPI,41763.4,9484.47,32278.93,19129.09,13149.84
CUST00029,2025-02-09 0:00:00,Chennai,Electronics,Regular,Female,Retail,48,9,4511.72,36.13,2.8,1,1,Debit Card,40605.48,14670.76,25934.72,17189.89,8744.83
CUST01861,2025-07-25 0:00:00,Bengaluru,Sports,Premium,Male,Online,63,6,11993.74,37.91,4.7,1,0,UPI,71962.44,27280.96,44681.48,31436.66,13244.82
CUST01478,2025-12-06 0:00:00,Hyderabad,Electronics,Regular,Other,Corporate,23,14,8339.91,20.25,4,1,1,Net Banking,116758.74,23643.64,93115.1,78566.65,14548.45
CUST00448,2025-07-19 0:00:00,Mumbai,Electronics,Premium,Male,Online,29,14,16290.11,18.05,2.4,1,1,UPI,228061.54,41165.11,186896.43,142451.73,44444.7
CUST01719,2025-10-23 0:00:00,Delhi,Home & Kitchen,Regular,Female,Corporate,60,9,27406.51,16.13,2.7,1,0,Cash,246658.59,39786.03,206872.56,159956.08,46916.48
CUST01449,2025-01-24 0:00:00,Delhi,Electronics,Premium,Male,Corporate,60,14,24015.61,11.58,,1,0,UPI,336218.54,38934.11,297284.43,231233.23,66051.2
CUST01037,2025-03-22 0:00:00,Delhi,Electronics,Premium,Female,Online,34,3,21616.52,27.54,3.3,1,0,Net Banking,64849.56,17859.57,46989.99,34441.85,12548.14
CUST00885,2025-08-03 0:00:00,Mumbai,Beauty,Premium,Male,Corporate,51,10,2009.64,21.13,1.9,1,0,Net Banking,20096.4,4246.37,15850.03,12705.01,3145.02
CUST01758,2025-12-11 0:00:00,Hyderabad,Clothing,Premium,Female,Online,45,10,2873.34,38.95,3.2,1,0,Net Banking,28733.4,11191.66,17541.74,9641.87,7899.87
CUST00526,2025-03-02 0:00:00,Delhi,Sports,Regular,Female,Corporate,25 years,1,7163.29,9.87,2,1,0,Debit Card,7163.29,707.02,6456.27,4127,2329.27
CUST01918,2025-09-10 0:00:00,Chennai,Electronics,Budget,female,Retail,20,13,27323,20.2,4.4,0,0,Credit Card,355199,71750.2,283448.8,175698.1,107750.7
CUST00725,2025-01-15 0:00:00,Mumbai,Beauty,Regular,Male,Retail,20,2,29232.3,31.09,1.5,1,0,Credit Card,58464.6,18176.64,40287.96,34063.93,6224.03
CUST01730,2025-08-07 0:00:00,Mumbai,Electronics,Premium,Male,Retail,58,11,13095.27,20.98,1.4,1,0,Credit Card,144047.97,30221.26,113826.71,75339.87,38486.84
CUST01180,2025-11-03 0:00:00,Delhi,ELECTRONICS,Regular,Female,Online,37,5,7562.37,1.92,1.1,1,0,UPI,37811.85,725.99,37085.86,28521.58,8564.28
CUST00822,15/01/2025,Delhi,Clothing,Premium,Male,Online,69,10,3747.21,6.15,1.1,1,0,Debit Card,37472.1,2304.53,35167.57,29478.24,5689.33
CUST01427,2025-07-05 0:00:00,Chennai,Clothing,Premium,Female,Corporate,61,10,27834.69,38.27,3.1,1,0,Cash,278346.9,106523.36,171823.54,89916.98,81906.56
CUST01031,2025-09-09 0:00:00,Bengaluru,Sports,Regular,Male,Online,36,3,4781.18,13.67,2.1,0,0,Debit Card,14343.54,1960.76,12382.78,7233.2,5149.58
CUST00742,2025-08-25 0:00:00,Pune,Beauty,Regular,Male,Retail,62,13,10979.91,4.25,4.9,1,0,Debit Card,142738.83,6066.4,136672.43,97914.06,38758.37
CUST00024,2025-03-10 0:00:00,Pune,Sports,Premium,Female,Retail,58,1,2610.77,6.65,3.7,1,0,Debit Card,2610.77,173.62,2437.15,1805.05,632.1
CUST01845,2025-04-15 0:00:00,Chennai,Electronics,Regular,Male,Retail,25,11,19220.24,15.73,3.4,1,1,Cash,211422.64,33256.78,178165.86,89275.71,88890.15
CUST00640,2025-05-31 0:00:00,Pune,Home & Kitchen,Budget,Female,Corporate,33,11,8738.17,32.77,1.9,1,0,UPI,96119.87,31498.48,64621.39,37183.45,27437.94
CUST01642,2025-01-01 0:00:00,Hyderabad,Sports,Budget,Female,Corporate,35,1,29826.73,24.62,1.9,1,0,Credit Card,29826.73,7343.34,22483.39,17763.54,4719.85
CUST01105,2025-10-13 0:00:00,Chennai,Clothing,Premium,Female,Corporate,55,3,15184.07,31.33,2.5,1,0,Net Banking,45552.21,14271.51,31280.7,18135.19,13145.51
CUST00485,2025-07-11 0:00:00,Chennai,Home & Kitchen,Regular,Male,Corporate,43,8,21972.48,37.14,4.9,0,0,Debit Card,175779.84,65284.63,110495.21,57631.05,52864.16
CUST00265,2025-12-26 0:00:00,Delhi,Beauty,Regular,Male,Online,36,11,4081.23,2.29,3.1,1,0,Credit Card,44893.53,1028.06,43865.47,30252.69,13612.78
CUST00642,2025-12-07 0:00:00,Pune,Beauty,Regular,Male,Retail,53,3,20177.53,30.82,3,1,0,Debit Card,60532.59,18656.14,41876.45,23138.78,18737.67
CUST00144,2025-05-16 0:00:00,Mumbai,Electronics,Budget,Male,Online,28,7,20987.84,23.33,2.6,0,0,Debit Card,146914.88,34275.24,112639.64,89930.78,22708.86
CUST00461,2025-07-21 0:00:00,Hyderbad,Sports,Regular,Male,Online,25,13,22225.52,3.1,4.7,1,0,Net Banking,288931.76,8956.88,279974.88,157228.98,122745.9
CUST00508,2025-12-26 0:00:00,Pune,Electronics,Premium,Male,Retail,52,2,22296.86,1.6,4.9,1,0,Cash,44593.72,713.5,43880.22,32611.01,11269.21
CUST01586,2025-12-31 0:00:00,Delhi,Beauty,Regular,Female,Retail,57,6,15480.73,0.47,1.3,1,0,Net Banking,92884.38,436.56,92447.82,58215.75,34232.07
CUST00458,2025-04-26 0:00:00,Hyderabad,Electronics,Regular,Female,Corporate,27,100,18354.17,17.15,2.6,1,0,Cash,91770.85,15738.7,76032.15,55826.42,20205.73
CUST01188,2025-01-09 0:00:00,Hyderbad,Home & Kitchen,Regular,Female,Online,36,4,,35.94,2.7,1,0,Credit Card,42401.4,15239.06,27162.34,21630.18,5532.16
CUST01219,2025-07-26 0:00:00,mumbai,Clothing,Regular,Male,Corporate,45,6,1006.58,10.2,4.6,0,0,Cash,6039.48,616.03,5423.45,2866.8,2556.65
CUST01902,2025-11-04 0:00:00,Chennai,Electronics,Regular,Female,Retail,52,6,20840.44,21.6,1.2,1,1,Debit Card,125042.64,27009.21,98033.43,78078.37,19955.06
CUST01956,2025-03-30 0:00:00,Pune,Electronics,Premium,Male,Online,46,11,9058.86,31.21,2.5,1,1,Credit Card,99647.46,31099.97,68547.49,38187.8,30359.69
CUST00510,2025-07-21 0:00:00,Delhi,Sports,Budget,Female,Corporate,64,10,21107.13,28.12,2.4,1,1,Net Banking,211071.3,59353.25,151718.05,100557.14,51160.91
CUST01024,2025-02-09 0:00:00,Bengaluru,Sports,Regular,Male,Corporate,34,5,5416.05,35.33,3.9,1,0,Net Banking,27080.25,9567.45,17512.8,14732.29,2780.51
CUST01317,2025-09-30 0:00:00,Delhi,Electronics,Regular,Male,Retail,37,10,19760.6,30.41,1.1,1,1,Credit Card,197606,60091.98,137514.02,107271.85,30242.17
CUST00467,2025-10-04 0:00:00,Chennai,Sports,Premium,Male,Corporate,55,2,6556.62,35.37,3,1,0,Debit Card,13113.24,4638.15,8475.09,6778.65,1696.44
CUST01352,2025-09-16 0:00:00,Pune,,Budget,Male,online,22,5,13778.26,31.56,1.1,1,0,Cash,68891.3,21742.09,47149.21,25502.26,21646.95
CUST01761,2025-06-19 0:00:00,Bengaluru,Beauty,Regular,Male,Corporate,37,12,12988.47,10.44,1.3,1,1,Cash,155861.64,16271.96,139589.68,117574.51,22015.17
CUST00392,2025-08-24 0:00:00,Pune,Home & Kitchen,Premium,Male,Corporate,31,12,21455.33,26.63,1.8,1,0,Debit Card,257463.96,68562.65,188901.31,156524.98,32376.33
CUST01875,2025-08-01 0:00:00,Hyderabad,Electronics,Premium,Male,Online,27,10,29087.43,13.43,2.3,1,1,Debit Card,290874.3,39064.42,251809.88,153322.73,98487.15
CUST01063,2025-09-09 0:00:00,Hyderabad,Beauty,Regular,Female,Online,61,8,13334.63,15.54,2.8,1,0,Credit Card,106677.04,16577.61,90099.43,62091.47,28007.96
CUST00025,2025-11-02 0:00:00,Chennai,Beauty,Premium,male,Online,27,3,6859.14,3.44,3.5,1,0,Credit Card,20577.42,707.86,19869.56,15793.39,4076.17
CUST00618,2025-04-21 0:00:00,Delhi,Beauty,Premium,Female,Corporate,31,1,15279.9,34.63,1.7,0,0,UPI,15279.9,5291.43,9988.47,6056.4,3932.07
CUST00711,2025-01-02 0:00:00,Mumbai,Electronics,Regular,Male,Retail,65,1,3187.76,27.06,3.2,1,0,Net Banking,3187.76,862.61,2325.15,1358.17,966.98
CUST00514,2025-08-02 0:00:00,Pune,Beauty,Premium,Female,Retail,59,7,unknown,20.36,4.3,1,0,UPI,105388.85,21457.17,83931.68,47804.89,36126.79
CUST00992,2025-02-28 0:00:00,Bengaluru,Clothing,Regular,Female,Online,55,10,3774.73,30.76,3.2,1,0,Cash,37747.3,11611.07,26136.23,17642.63,8493.6
CUST01606,2025-12-08 0:00:00,Mumbai,Home & Kitchen,Regular,Male,Retail,65,7,5584.09,4.99,2.8,1,0,Cash,39088.63,1950.52,37138.11,30331.73,6806.38
CUST00933,2025-01-09 0:00:00,Mumbai,Home & Kitchen,Regular,Male,Online,40,6,19057.8,14.54,2.9,0,1,UPI,114346.8,16626.02,97720.78,73939.11,23781.67
CUST01585,2025-09-07 0:00:00,,Clothing,Premium,Male,Online,68,13,26955.96,0.95,1.2,1,1,Cash,350427.48,3329.06,347098.42,215965.07,131133.35
CUST00585,2025-07-25 0:00:00,Bengaluru,Beauty,Premium,Female,Retail,53,3,22540.06,2.29,3.2,1,1,Credit Card,67620.18,1548.5,66071.68,44114.08,21957.6
CUST00086,2025-04-14 0:00:00,Pune,Electronics,Regular,Male,Retail,30,5,11912.08,37.05,4,0,0,Debit Card,59560.4,22067.13,37493.27,30596.57,6896.7
CUST00777,2025-05-27 0:00:00,Mumbai,Clothing,Premium,Female,Retail,60,10,11145.29,36.6,1.4,1,1,Net Banking,111452.9,40791.76,70661.14,57139.43,13521.71
CUST00148,2025-09-05 0:00:00,Bengaluru,Beauty,Premium,Male,Online,51,12,9969.26,36.39,3.1,1,0,Credit Card,119631.12,43533.76,76097.36,41063.19,35034.17
CUST00179,2025-04-10 0:00:00,Mumbai,Beauty,Premium,Female,Corporate,42,100,6217.62,20.22,2.6,1,0,Net Banking,62176.2,12572.03,49604.17,38840.76,10763.41
CUST01625,2025-04-07 0:00:00,Pune,Clothing,Regular,Female,Corporate,29,3,12107.55,33.05,1.7,1,0,Net Banking,36322.65,12004.64,24318.01,19487.51,4830.5
CUST00505,2025-06-30 0:00:00,Hyderabad,Home & Kitchen,Budget,Female,Corporate,23,12,26194.8,14.56,2,1,0,Debit Card,314337.6,45767.55,268570.05,150731.63,117838.42
CUST00762,2025-10-05 0:00:00,Delhi,Sports,Regular,Male,Online,68,13,17283.83,23.54,1.7,1,0,Cash,224689.79,52891.98,171797.81,129291.99,42505.82
CUST00084,2025-05-20 0:00:00,Delhi,Home & Kitchen,Budget,Male,Corporate,54,12,20374.1,25.84,1.3,0,0,Debit Card,244489.2,63176.01,181313.19,113751.41,67561.78
CUST01269,2025-03-09 0:00:00,Hyderabad,Sports,Regular,Female,Online,53,6,14161.96,7.77,3.1,1,0,UPI,84971.76,6602.31,78369.45,44080.47,34288.98
CUST01567,2025-07-30 0:00:00,Pune,Clothing,Regular,Male,Online,56,8,11908.67,37.76,,1,0,Net Banking,95269.36,35973.71,59295.65,41288.93,18006.72
CUST00660,2025-12-28 0:00:00,Delhi,Clothing,Premium,Male,Corporate,67,14,17631.57,14.68,2.6,0,0,UPI,246841.98,36236.4,210605.58,111230.67,99374.91
CUST00489,2025-04-29 0:00:00,Delhi,Clothing,Regular,Female,Online,58,1,1488.42,27.25,,0,0,Debit Card,1488.42,405.59,1082.83,617.03,465.8
CUST00553,2025-07-12 0:00:00,Chennai,Sports,Budget,Male,Retail,36,11,3347.11,6.8,3.6,1,1,Debit Card,36818.21,2503.64,34314.57,22232.15,12082.42
CUST00191,2025-06-11 0:00:00,Mumbai,Beauty,Premium,Female,Corporate,52,5,13770.19,15.8,3.3,1,0,Debit Card,68850.95,10878.45,57972.5,42734.29,15238.21
CUST01608,2025-02-14 0:00:00,Hyderabad,Electronics,Regular,Female,Corporate,48,8,4187.11,26.7,3.6,1,0,Credit Card,33496.88,8943.67,24553.21,12321.18,12232.03
CUST01203,2025-03-27 0:00:00,Bengaluru,Beauty,Budget,Male,Online,18,12,6976.06,33.23,3.5,1,0,Debit Card,83712.72,27817.74,55894.98,34037.18,21857.8
CUST00759,2025-06-20 0:00:00,Pune,Electronics,Regular,Male,Corporate,32,3,11143.63,35.18,4.5,1,0,Cash,33430.89,11760.99,21669.9,10924.17,10745.73
CUST00419,2025-08-22 0:00:00,Bengaluru,Clothing,Regular,Female,Online,50,1,18395.64,32.29,3.7,1,0,Credit Card,18395.64,5939.95,12455.69,10477.78,1977.91
CUST01475,2025-05-03 0:00:00,Delhi,Beauty,Regular,Female,Online,21,4,2623.17,0.94,1.4,0,0,Credit Card,10492.68,98.63,10394.05,6125.23,4268.82
CUST01054,2025-12-27 0:00:00,Mumbai,Sports,Regular,Female,Online,25,1,29663.43,23.56,2.8,0,0,Cash,29663.43,6988.7,22674.73,11457.47,11217.26
CUST01729,2025-11-27 0:00:00,Delhi,Electronics,Premium,Female,offline,62,6,18731.81,15.51,,1,0,Credit Card,112390.86,17431.82,94959.04,64456.85,30502.19
CUST00729,2025-08-16 0:00:00,Bengaluru,Electronics,Budget,Male,Retail,51,3,11620.2,32.12,4.6,1,0,UPI,34860.6,11197.22,23663.38,15294.44,8368.94
CUST00219,2025-03-09 0:00:00,Mumbai,Electronics,Regular,Female,Online,62,13,11174.02,25.12,3.5,1,0,Credit Card,145262.26,36489.88,108772.38,73682.03,35090.35
CUST01972,2025-01-07 0:00:00,Bengaluru,Clothing,Regular,Female,Corporate,18,1,28629.57,7.7,2.7,1,0,UPI,28629.57,2204.48,26425.09,19532.75,6892.34
CUST00521,2025-10-16 0:00:00,Delhi,Clothing,Regular,Female,Corporate,67,13,13183.8,10%,1.8,1,0,Net Banking,171389.4,68058.73,103330.67,70575,32755.67
CUST00315,2025-08-11 0:00:00,Pune,Sports,Premium,Female,Online,49,2,18251.68,35.86,4.2,1,0,Credit Card,36503.36,13090.1,23413.26,13358.88,10054.38
CUST00838,2025-10-26 0:00:00,Chennai,Electronics,Budget,Female,Retail,120,9,13318.51,22.99,3.4,0,0,UPI,119866.59,27557.33,92309.26,58284.17,34025.09
CUST01236,2025-06-23 0:00:00,Pune,Sports,Budget,Female,Online,55,7,29745.73,13.93,3.7,1,0,UPI,208220.11,29005.06,179215.05,110321.6,68893.45
CUST00016,2025-02-02 0:00:00,Pune,Electronics,Regular,Male,Retail,52,2,22640.88,36.11,3.3,1,0,UPI,45281.76,16351.24,28930.52,19690.4,9240.12
CUST01474,2025-02-28 0:00:00,Hyderabad,Home & Kitchen,Regular,Female,Corporate,48,1,6084.47,33.99,2.5,1,0,Credit Card,6084.47,2068.11,4016.36,2674.28,1342.08
CUST00719,2025-06-09 0:00:00,Delhi,Home & Kitchen,Budget,Male,Online,60,6,9857.03,9.59,2.9,1,0,Net Banking,59142.18,5671.74,53470.44,41073.46,12396.98
CUST01435,2025-11-20 0:00:00,Chennai,Sports,Regular,Male,Corporate,44,7,28732.32,4.63,2.7,0,0,Credit Card,201126.24,9312.14,191814.1,117487.35,74326.75
CUST00983,2025-10-27 0:00:00,Hyderabad,Home & Kitchen,Budget,Female,Online,19,4,,24.36,4.5,1,1,Cash,74990.24,18267.62,56722.62,33491.38,23231.24
CUST01986,2025-05-12 0:00:00,Pune,Electronics,Budget,Male,Retail,19,4,17256.17,5.62,2.7,1,1,Debit Card,69024.68,3879.19,65145.49,43076.28,22069.21
CUST00944,2025-07-21 0:00:00,Bengaluru,Home & Kitchen,Regular,Male,Corporate,53,2,21742.99,32.14,4.4,1,0,Net Banking,43485.98,13976.39,29509.59,21208.9,8300.69
CUST01752,2025-03-19 0:00:00,Chennai,Clothing,Budget,Male,Online,37,5,6843.73,29.79,2.8,0,0,Cash,34218.65,10193.74,24024.91,14390.15,9634.76
CUST01944,2025-11-05 0:00:00,Delhi,Clothing,Regular,Female,Retail,63,4,21100.67,37.6,2.5,1,0,Cash,84402.68,31735.41,52667.27,38191.65,14475.62
CUST01878,2025-04-05 0:00:00,Delhi,Home & Kitchen,Premium,Female,Corporate,42,10,17640.41,3.14,2.6,1,0,Net Banking,176404.1,5539.09,170865.01,134050.47,36814.54
CUST00266,2025-02-28 0:00:00,Chennai,Clothing,Regular,Male,Corporate,67,12,25382.57,20.94,2.2,1,0,UPI,304590.84,63781.32,240809.52,140505.31,100304.21
CUST00249,2025-08-27 0:00:00,Chennai,Home & Kitchen,Premium,Female,Online,26,14,7417.88,26.24,4.1,1,0,Net Banking,103850.32,27250.32,76600,42917.9,33682.1
CUST00015,2025-03-15 0:00:00,Mumbai,Clothing,Budget,Male,Corporate,67,6,4033.06,30.85,4.2,0,1,Credit Card,24198.36,7465.19,16733.17,11076.67,5656.5
CUST00902,2025-07-13 0:00:00,Bengaluru,Clothing,Regular,Male,Retail,,11,1317.2,27.92,1.6,1,0,UPI,14489.2,4045.38,10443.82,7795.72,2648.1
CUST00882,2025-11-12 0:00:00,Hyderabad,Sports,Regular,Male,Retail,40,7,24236.75,24.65,4.5,1,0,Net Banking,169657.25,41820.51,127836.74,64865.16,62971.58
CUST00470,2025-03-02 0:00:00,Chennai,Sports,Regular,Male,Corp,42,4,20855.46,23.38,3.5,0,0,UPI,83421.84,19504.03,63917.81,32546.63,31371.18
CUST01421,2025-12-30 0:00:00,Pune,Home & Kitchen,Premium,Female,Corporate,57,12,19780.29,24.76,1.8,0,0,UPI,237363.48,58771.2,178592.28,102765.4,75826.88
CUST01823,2025-04-05 0:00:00,Chennai,Home & Kitchen,Regular,Female,Corporate,24,5,,24.67,1.1,0,1,Credit Card,130122.45,32101.21,98021.24,54156.33,43864.91
CUST01314,2025-06-02 0:00:00,Mumbai,Clothing,Budget,Other,Retail,63,9,26678.13,19.63,3.4,1,0,Net Banking,240103.17,47132.25,192970.92,155545.19,37425.73
CUST01448,2025-03-11 0:00:00,Bengaluru,Beauty,Premium,Female,Online,48,9,24923,29.81,3.7,1,0,Debit Card,224307,66865.92,157441.08,98344.12,59096.96
CUST00321,2025-12-01 0:00:00,Delhi,Clothing,Regular,Male,Retail,58,9,23426.39,29.88,2.4,1,0,Credit Card,210837.51,62998.25,147839.26,119621.26,28218
CUST01154,Jan-25-2025,Pune,Clothing,Regular,Male,Retail,25,7,19201.46,17.58,1.9,1,0,Debit Card,134410.22,23629.32,110780.9,68475.43,42305.47
CUST00821,2025-02-25 0:00:00,Delhi,Electronics,Budget,Male,Retail,27,7,3151.83,16.86,1.8,1,0,Debit Card,22062.81,3719.79,18343.02,12143.63,6199.39
CUST00361,2025-03-19 0:00:00,Delhi,Home & Kitchen,Regular,Male,Corporate,67,12,17049.03,30.75,2.2,1,0,Debit Card,204588.36,62910.92,141677.44,112063.76,29613.68
CUST00244,2025-01-24 0:00:00,,Home & Kitchen,Premium,Female,Retail,67,13,28553.03,8.09,4.9,1,0,Cash,371189.39,30029.22,341160.17,180410.14,160750.03
CUST01728,2025-09-04 0:00:00,Chennai,Home & Kitchen,Regular,Male,Online,62,5,18664.81,29.38,1.5,1,1,Net Banking,93324.05,27418.61,65905.44,53320.15,12585.29
CUST01172,2025-11-14 0:00:00,Mumbai,Sports,Regular,Female,Retail,69,14,,6.82,1.7,0,0,UPI,76214.04,5197.8,71016.24,37532.56,33483.68
CUST01210,2025-01-06 0:00:00,Mumbai,Electronics,Regular,Female,Online,21,11,11621.74,17.32,3.2,1,0,Credit Card,127839.14,22141.74,105697.4,62778.88,42918.52
CUST01722,2025-07-12 0:00:00,Hyderabad,Home & Kitchen,Budget,Male,Retail,53,13,11637.27,7.47,4.1,0,0,Credit Card,151284.51,11300.95,139983.56,82535.38,57448.18
CUST00538,2025-07-10 0:00:00,Bengaluru,Sports,Regular,FEMALE,Online,20,13,25598.8,21.01,3,0,0,Credit Card,332784.4,69918,262866.4,209130.54,53735.86
CUST01810,2025-04-06 0:00:00,Pune,Beauty,Premium,Male,Corporate,18,10,25333.1,32.35,2,1,0,UPI,253331,81952.58,171378.42,88623.26,82755.16
CUST00797,2025-06-12 0:00:00,Pune,Home & Kitchen,Premium,Male,Online,68,5,4067.79,33.53,1.1,1,0,UPI,20338.95,6819.65,13519.3,7755.95,5763.35
CUST01917,2025-01-01 0:00:00,Mumbai,Beauty,Premium,Female,Retail,23,13,3995.62,39.89,4,1,0,Debit Card,51943.06,20720.09,31222.97,26336.45,4886.52
CUST01962,2025-06-08 0:00:00,Mumbai,Beauty,Regular,Male,Corporate,56,11,3561.52,32.09,3.8,0,0,Credit Card,39176.72,12571.81,26604.91,17117.55,9487.36
CUST00707,2025-02-09 0:00:00,Bengaluru,Beauty,Regular,Female,Corporate,22,12,16378.94,16.99,4.3,1,0,Cash,196547.28,33393.38,163153.9,135356.69,27797.21
CUST00854,2025-12-20 0:00:00,Hyderabad,Beauty,Budget,Female,Corporate,60,7,2615.66,32,3.1,1,0,Credit Card,18309.62,5859.08,12450.54,6564.35,5886.19
CUST01673,2025-05-29 0:00:00,Bengaluru,Beauty,Regular,Female,Online,44,4,18479.34,39.1,4.1,1,0,Net Banking,73917.36,28901.69,45015.67,25799.57,19216.1
CUST01414,2025-02-18 0:00:00,Mumbai,Clothing,Premium,Male,Online,40,2,24970.66,3.85,3.4,1,0,Credit Card,49941.32,1922.74,48018.58,27581.02,20437.56
CUST00033,2025-06-26 0:00:00,Hyderabad,Home & Kitchen,Regular,Other,Retail,39,3,2747.46,7.18,3.4,1,0,UPI,8242.38,591.8,,4089.56,3561.02
CUST01017,2025-08-19 0:00:00,Bengaluru,Clothing,Budget,Other,Online,43,7,9421.78,29.96,,0,0,Cash,65952.46,19759.36,46193.1,30853.04,15340.06
CUST00128,2025-12-31 0:00:00,Hyderabad,Beauty,Regular,Female,Corporate,26,11,1620.94,,2.2,1,0,Credit Card,17830.34,3471.57,14358.77,10434.68,3924.09
CUST01565,2025-10-25 0:00:00,Pune,Home & Kitchen,Regular,Male,Corporate,54,5,17779.9,37.05,3.6,1,0,Net Banking,88899.5,32937.26,55962.24,29059.64,26902.6
CUST01502,2025-08-22 0:00:00,Mumbai,Electronics,Premium,Female,Corporate,44,100,349.67,4.21,3.3,1,1,Debit Card,349.67,14.72,334.95,227.38,107.57
CUST01517,2025-05-11 0:00:00,Mumbai,Electronics,Budget,Male,Online,53,9,16511.35,18.76,2.8,0,1,Debit Card,148602.15,27877.76,120724.39,93368.89,27355.5
CUST01000,2025-10-24 0:00:00,Hyderabad,Sports,Premium,Female,Retail,43,13,776.66,31.46,4.1,0,0,UPI,10096.58,3176.38,6920.2,4887.06,2033.14
CUST00568,2025-05-18 0:00:00,Pune,Home & Kitchen,Regular,Male,Corporate,54,1,5793.08,33.26,1.2,1,Y,UPI,5793.08,1926.78,3866.3,2955.12,911.18
CUST00850,2025/02/20,Pune,Electronics,Premium,Male,Online,19,3,13956.02,37.75,4.6,0,0,Net Banking,41868.06,15805.19,26062.87,21531.91,4530.96
CUST01705,2025-08-15 0:00:00,Bengaluru,Electronics,Regular,Female,Online,24,8,19491.87,20.36,5,1,0,Debit Card,155934.96,31748.36,124186.6,66634.57,57552.03
CUST00328,2025-05-07 0:00:00,Chennai,Electronics,Budget,Female,Online,51,4,23873.59,16.57,2.1,1,0,Net Banking,95494.36,15823.42,79670.94,64598.63,15072.31
CUST01896,2025-04-24 0:00:00,Hyderabad,Home & Kitchen,Budget,Female,Corporate,34,9,22947.86,21.64,3.1,1,0,Cash,206530.74,44693.25,161837.49,116299.5,45537.99
CUST01667,2025-02-19 0:00:00,Mumbai,Electronics,Premium,Female,Corporate,53,11,20347.23,10.79,,0,0,Net Banking,223819.53,24150.13,199669.4,139646.36,60023.04
CUST01444,2025-11-02 0:00:00,Chennai,Beauty,Regular,Male,Retail,27,9,6576.44,2.47,1.4,0,0,,59187.96,1461.94,57726.02,30726.12,26999.9
CUST00418,2025-01-09 0:00:00,Chennai,Home & Kitchen,Regular,Female,Corporate,51,1,6501.73,38.61,3.3,1,0,UPI,6501.73,2510.32,3991.41,2800.45,1190.96
CUST00093,2025-09-23 0:00:00,Pune,Electronics,Regular,Female,Retail,27,5,6939.25,,3.7,0,0,Net Banking,34696.25,10682.98,24013.27,16450.85,7562.42
CUST00559,2025-03-22 0:00:00,Chennai,Beauty,Budget,Female,Corporate,26,3,13163.14,33.54,4.8,1,1,Debit Card,39489.42,13244.75,26244.67,13374.57,12870.1
CUST00065,2025-12-26 0:00:00,Mumbai,Beauty,Regular,Female,Online,54,11,3527.56,22.14,4.2,1,0,Cash,38803.16,8591.02,30212.14,20198.56,10013.58
CUST01139,2025-05-02 0:00:00,Chennai,Clothing,premium,Female,Retail,51,6,9774.34,23.43,2.1,0,0,Credit Card,58646.04,13740.77,44905.27,26919.19,17986.08
CUST00378,2025-04-24 0:00:00,Pune,Beauty,Premium,Female,Online,20,1,10203.14,5.33,2.7,1,0,Net Banking,10203.14,543.83,9659.31,7881.59,1777.72
CUST00677,2025-06-15 0:00:00,Mumbai,Electronics,Budget,Female,Retail,59,5,5671.15,23.82,4.6,0,1,UPI,28355.75,6754.34,21601.41,13038.57,8562.84
CUST00857,2025-10-26 0:00:00,Delhi,Sports,Budget,Male,Retail,23,5,26161.88,6.96,1.9,1,0,Cash,130809.4,9104.33,121705.07,95999.64,25705.43
CUST01388,2025-02-21 0:00:00,Pune,Electronics,Regular,Female,Online,52,12,19222.36,24.06,1.7,0,1,UPI,230668.32,55498.8,175169.52,112722.57,62446.95
CUST00332,2025-06-15 0:00:00,Delhi,Electronics,Budget,Female,Online,37,6,7977.28,35.23,4.4,1,0,UPI,47863.68,16862.37,31001.31,18200.67,12800.64
CUST00973,2025-07-15 0:00:00,Pune,Clothing,Regular,Male,Corporate,33,2,999.84,7.52,3.4,1,0,Debit Card,1999.68,150.38,1849.3,1267.34,581.96
CUST00133,2025-02-28 0:00:00,Bengaluru,Sports,Regular,Male,Corporate,41,8,29601.36,20.76,3.4,0,1,Debit Card,236810.88,49161.94,187648.94,155621.88,32027.06
CUST01519,2025-07-21 0:00:00,Hyderabad,Beauty,Budget,F,Corporate,69,3,25887.32,35.24,1.8,1,0,Credit Card,77661.96,27368.07,50293.89,38690.56,11603.33
CUST00032,2025-02-17 0:00:00,Bengaluru,Home & Kitchen,Regular,Male,Retail,18,10,19063.21,20.16,3.9,0,0,Net Banking,190632.1,38431.43,152200.67,124684.36,27516.31
CUST01988,2025-06-02 0:00:00,Pune,Clothing,Budget,Male,Online,64,8,22248.1,16.53,3.9,1,0,Cash,177984.8,29420.89,148563.91,75721.97,72841.94
CUST00066,2025-05-10 0:00:00,Chennai,Beauty,Premium,Female,Online,28,3,7150.1,26.64,3,0,0,Credit Card,21450.3,5714.36,15735.94,12910.33,2825.61
CUST00900,2025-02-25 0:00:00,Mumbai,Electronics,Premium,Male,Online,47,5,7712.82,4.69,4.4,1,0,Net Banking,38564.1,1808.66,36755.44,18976.32,17779.12
CUST01637,2025-02-24 0:00:00,Bengaluru,Clothing,Budget,Female,Retail,21,12,18399.17,17.2,1.9,0,0,Net Banking,220790.04,37975.89,182814.15,144975.03,37839.12
CUST01512,2025-08-30 0:00:00,Mumbai,Home & Kitchen,Regular,Male,Retail,37,10,3797.92,13.71,4.3,1,0,Net Banking,37979.2,5206.95,32772.25,24875.99,7896.26
CUST00038,2025-06-30 0:00:00,Hyderabad,Home & Kitchen,Premium,Male,Corporate,27,8,9849.94,0.62,4.4,1,0,UPI,78799.52,488.56,78310.96,46363.81,31947.15
CUST01233,2025-01-21 0:00:00,Hyderabad,Home & Kitchen,Regular,Male,Corporate,55,14,1315.9,22.19,1.3,0,0,Net Banking,18422.6,4087.97,14334.63,11269.56,3065.07
CUST00457,2025-11-06 0:00:00,Mumbai,Sports,Regular,Female,Corporate,58,5,19953.16,18.3,2.8,0,0,Credit Card,99765.8,18257.14,81508.66,66522.25,14986.41
CUST01847,2025-12-11 0:00:00,Mumbai,Clothing,Premium,Female,Retail,50,11,25112.89,7.05,3.3,1,0,Credit Card,276241.79,19475.05,256766.74,197254.45,59512.29
CUST00447,2025-07-25 0:00:00,Pune,Sports,Regular,Female,Online,39,5,17454.77,18.83,3.5,0,0,Credit Card,87273.85,16433.67,70840.18,55722.51,15117.67
CUST01697,2025-02-07 0:00:00,Chennai,Sports,Premium,Female,Corporate,65,3,17857.48,39.23,3.8,0,0,UPI,53572.44,21016.47,32555.97,21759.78,10796.19
CUST00030,2025-11-19 0:00:00,Delhi,Clothing,Regular,Male,Corporate,38,6,27214.88,35.81,3.4,1,0,Cash,163289.28,58473.89,104815.39,64779.07,40036.32
CUST01406,2025-12-16 0:00:00,Hyderabad,Home & Kitchen,Budget,Male,Corporate,57,7,27051.05,30.47,4.2,1,0,Cash,189357.35,57697.18,131660.17,75674.01,55986.16
CUST01996,2025-05-23 0:00:00,Mumbai,Clothing,Regular,Male,Retail,66,7,10k,20.94,2.1,0,0,Cash,174134.03,36463.67,137670.36,84744.9,52925.46
CUST00465,2025-08-14 0:00:00,Mumbai,Sports,Regular,Male,Corporate,39,13,4085.3,32.24,1.6,0,1,Net Banking,53108.9,17122.31,35986.59,20422.19,15564.4
CUST00522,2025-04-05 0:00:00,Chennai,Electronics,Regular,Female,Corporate,63,6,3830.21,11.78,2.4,1,0,Credit Card,22981.26,2707.19,20274.07,11634.15,8639.92
CUST01453,2025-05-21 0:00:00,Pune,Beauty,Premium,Male,Online,63,4,24624.48,31.52,1.5,0,0,,98497.92,31046.54,67451.38,56696.53,10754.85
CUST01945,2025-12-22 0:00:00,Chennai,Beauty,Regular,Female,Retail,24,14,16076.32,35.3,4.2,0,0,Cash,225068.48,79449.17,145619.31,103890.13,41729.18
CUST00017,2025-08-13 0:00:00,Mumbai,Beauty,Budget,Male,Retail,39,6,13144.65,33.61,3.2,0,0,UPI,78867.9,26507.5,52360.4,29887.88,22472.52
CUST00129,2025-11-16 0:00:00,Mumbai,Beauty,Budget,Male,Retail,69,1,3632.29,36.71,1,1,0,Net Banking,3632.29,1333.41,2298.88,1267.81,1031.07
CUST00225,2025-06-17 0:00:00,Chennai,Sports,Regular,Male,Corporate,36,4,6282.68,0.04,4.7,1,0,Debit Card,25130.72,10.05,25120.67,19320.45,5800.22
CUST01521,2025-03-20 0:00:00,Bengaluru,Home & Kitchen,Regular,Male,Corporate,56,10,18677.86,1.46,3.9,0,1,UPI,186778.6,2726.97,184051.63,107143.12,76908.51
CUST01225,2025-01-16 0:00:00,Delhi,Clothing,Premium,Female,Online,30,5,12924.44,28.25,2.3,1,0,Cash,64622.2,18255.77,46366.43,24118.65,22247.78
CUST00471,2025-04-22 0:00:00,Hyderabad,Home & Kitchen,Premium,Female,Retail,44,11,14147.04,26.9,1.2,1,0,Debit Card,155617.44,41861.09,113756.35,57561.02,56195.33
CUST01860,2025-05-19 0:00:00,Bengaluru,Sports,Budget,Female,Corporate,48,14,22147.6,16.29,1.5,1,0,UPI,310066.4,50509.82,259556.58,154587.04,104969.54
CUST01655,2025-01-31 0:00:00,Hyderabad,Sports,Regular,Female,Corporate,29,3,730.87,21.31,1.7,1,0,Credit Card,2192.61,467.25,1725.36,897.93,827.43
CUST01185,2025-05-15 0:00:00,Pune,Beauty,Budget,Male,Corporate,37,11,6997.7,3.89,2.9,0,0,Debit Card,76974.7,2994.32,73980.38,42133.36,31847.02
CUST00509,2025-08-20 0:00:00,Bengaluru,Clothing,Budget,Female,Retail,56,1,10904.17,27.45,,1,0,Net Banking,10904.17,2993.19,7910.98,5924.43,1986.55
CUST00240,2025-12-27 0:00:00,Mumbai,Electronics,Budget,Female,Retail,65,12,25668.91,35.06,3.8,1,0,Cash,308026.92,107994.24,200032.68,115913.11,84119.57
CUST00394,2025-10-09 0:00:00,Bengaluru,Home & Kitchen,Budget,Male,Corporate,19,4,21403.69,25.18,2.4,0,0,Net Banking,85614.76,21557.8,64056.96,53961.53,10095.43
CUST01477,2025-12-17 0:00:00,Mumbai,Sports,Regular,Female,Retail,45,12,25018.62,24.89,3,0,0,Credit Card,300223.44,74725.61,225497.83,117978.12,107519.71
CUST01746,2025-07-28 0:00:00,Hyderabad,Home & Kitchen,Budget,Male,Corporate,21,2,28037.69,18.45,3.5,1,0,Credit Card,56075.38,10345.91,45729.47,28810.85,16918.62
CUST00079,2025-11-01 0:00:00,Pune,Sports,Regular,Female,Online,59,8,4598.3,23.49,1.2,1,0,Cash,36786.4,8641.13,28145.27,18348.9,9796.37
CUST01506,2025-01-02 0:00:00,Mumbai,,Regular,Male,Corporate,59,8,21058.11,7.51,3.8,1,1,Debit Card,168464.88,12651.71,155813.17,96854.72,58958.45
CUST00357,2025-12-07 0:00:00,Chennai,Electronics,Budget,Male,Retail,55,10,21329.59,20 percent,3.9,1,0,Credit Card,213295.9,65972.42,147323.48,96483.42,50840.06
CUST01735,2025-11-09 0:00:00,Chennai,Home & Kitchen,Premium,Female,Online,40,5,250000,16.55,1.4,1,1,Debit Card,107653.75,17816.7,89837.05,56512.71,33324.34
CUST00270,2025-02-23 0:00:00,Chennai,Sports,Regular,Other,Corporate,42,1,21399.79,33.83,3.1,1,1,Cash,21399.79,7239.55,14160.24,8232.47,5927.77
CUST00549,2025-06-25 0:00:00,Chennai,Home & Kitchen,Regular,Male,Retail,37,9,23756.07,0.3,3.2,1,0,Credit Card,213804.63,641.41,213163.22,179453.88,33709.34
CUST00541,2025-08-01 0:00:00,Pune,Electronics,Regular,Male,Corporate,36,twenty,15724.36,27.08,2.6,1,0,Net Banking,204416.68,55356.04,149060.64,90732.27,58328.37
CUST01669,2025-09-01 0:00:00,Mumbai,Sports,premium,Male,Retail,63,8,14404.36,8.31,1.6,1,0,UPI,115234.88,9576.02,105658.86,85921.12,19737.74
CUST01976,2025-02-18 0:00:00,Pune,Clothing,Regular,Other,Online,69,7,25799.45,21.57,3.7,1,0,UPI,180596.15,38954.59,141641.56,105276.21,36365.35
CUST01649,2025-10-14 0:00:00,Delhi,Sports,Regular,Male,Retail,56,1,27706.28,20.41,4.3,1,0,Debit Card,27706.28,5654.85,22051.43,14951.37,7100.06
CUST01887,2025-03-06 0:00:00,Bengaluru,Electronics,Regular,Female,Corporate,33,3,3485.14,17.73,3.6,1,0,Debit Card,10455.42,1853.75,8601.67,4969.48,3632.19
CUST00574,2025-01-22 0:00:00,Delhi,Clothing,Regular,Male,Online,61,8,1642.12,16.94,1.2,1,0,Debit Card,13136.96,2225.4,10911.56,8483.04,2428.52
CUST01914,2025-11-06 0:00:00,Mumbai,Home & Kitchen,Regular,Male,Corporate,58,6,18811.87,38.83,1.5,1,0,Debit Card,112871.22,43827.89,69043.33,51905.58,17137.75
CUST01781,2025-01-07 0:00:00,Delhi,Beauty,Premium,Male,Online,39,5,876.73,35.44,4,1,0,Net Banking,4383.65,1553.57,2830.08,1839.43,990.65
CUST01617,2025-05-13 0:00:00,Delhi,Sports,Regular,Female,Online,37,5,19761.32,31.57,2,1,0,Cash,98806.6,31193.24,67613.36,33843.96,33769.4
CUST01201,2025-11-27 0:00:00,Chennai,Clothing,Regular,Male,Retail,23,6,22660.23,22.42,1,1,1,UPI,135961.38,30482.54,105478.84,53112.26,52366.58
CUST00672,2025-10-12 0:00:00,Pune,Clothing,Regular,Female,Retail,28,11,23955.63,31.11,4.3,1,0,Credit Card,263511.93,81978.56,181533.37,125472.86,56060.51
CUST00174,2025-07-07 0:00:00,Mumbai,Home & Kitchen,Budget,Female,Online,20,5,5878.29,3.6,3.1,1,0,Net Banking,29391.45,1058.09,28333.36,23307.87,5025.49
CUST01422,2025-05-09 0:00:00,Pune,Sports,Regular,Female,Online,33,7,2505.2,30.44,2.6,1,1,Net Banking,17536.4,5338.08,12198.32,7181.69,5016.63
CUST01404,2025-07-11 0:00:00,Pune,Clothing,Budget,Male,Corporate,46,3,20255.43,34.26,2.2,1,0,UPI,60766.29,20818.53,39947.76,24185.4,15762.36
CUST00846,2025-04-13 0:00:00,Hyderabad,Sports,Regular,Other,Retail,21,7,14032.88,15.19,1,1,0,Debit Card,98230.16,14921.16,83309,69311.83,13997.17
CUST00997,2025-06-02 0:00:00,Chennai,Electronics,Budget,Female,Online,41,5,5749.71,26.14,3.8,1,0,Credit Card,28748.55,7514.87,21233.68,10913.35,10320.33
CUST01380,2025-05-22 0:00:00,Chennai,Home & Kitchen,Budget,Male,Retail,33,11,24459.99,5.55,1.5,1,0,Net Banking,269059.89,14932.82,254127.07,134477,119650.07
CUST01820,2025-10-29 0:00:00,Delhi,Sports,Budget,Female,Retail,64,7,26655.61,10.39,2.4,1,0,Net Banking,186589.27,19386.63,167202.64,137846.49,29356.15
CUST00149,2025-06-19 0:00:00,Delhi,Sports,Regular,Male,Online,33,5,11764.69,12.86,4.1,0,0,Debit Card,58823.45,7564.7,51258.75,34510.41,16748.34
CUST00892,2025-02-22 0:00:00,Mumbai,Home & Kitchen,Regular,Female,Corporate,42,2,6852.02,2.95,1.5,1,0,Net Banking,13704.04,404.27,13299.77,8328.34,4971.43
CUST01520,2025-05-11 0:00:00,Delhi,Electronics,Regular,Male,ON-LINE,24,3,16694.26,15.39,1.2,1,0,Cash,50082.78,7707.74,42375.04,23823.63,18551.41
CUST00178,2025-09-17 0:00:00,Bengaluru,Clothing,Regular,Male,Retail,61,2,737.26,3.48,3.8,1,0,Debit Card,1474.52,51.31,1423.21,1071.85,351.36
CUST00391,2025-04-21 0:00:00,Bengaluru,Home & Kitchen,Regular,Female,Retail,20,10,18899.29,20.83,1.2,0,0,Net Banking,188992.9,39367.22,149625.68,78210.07,71415.61
CUST00950,2025-09-01 0:00:00,Bengaluru,Clothing,Regular,Male,Corporate,67,14,29614.69,13.44,4.1,1,0,Credit Card,414605.66,55723,358882.66,302746.8,56135.86
CUST01245,2025-04-17 0:00:00,Mumbai,Beauty,Premium,Female,Online,150,14,10252.23,9.41,4.5,1,1,Credit Card,143531.22,13506.29,130024.93,77393.39,52631.54
CUST00255,2025-08-24 0:00:00,Hyderabad,Clothing,Regular,Male,Corporate,64,6,17549.32,17.56,4.2,1,0,Credit Card,105295.92,18489.96,86805.96,60729.42,26076.54
CUST01787,2025-06-04 0:00:00,Pune,Clothing,Premium,Male,Retail,31,5,29953.11,15.61,1.8,1,0,Credit Card,149765.55,23378.4,126387.15,99433.35,26953.8
CUST01818,2025-01-18 0:00:00,Delhi,Home & Kitchen,Regular,Male,Corporate,65,3,24543.62,5.54,1.2,1,0,Net Banking,73630.86,4079.15,69551.71,42638.88,26912.83
CUST01242,2025-09-28 0:00:00,Hyderabad,Sports,Premium,Male,Retail,43,200,18050.7,23.12,2.6,0,0,UPI,36101.4,8346.64,27754.76,21657.35,6097.41
CUST01494,2025-08-25 0:00:00,Chennai,Beauty,Regular,Female,Retail,61,3,29693.64,6.91,2.5,0,0,UPI,89080.92,6155.49,82925.43,64303.36,18622.07
CUST00516,2025-06-03 0:00:00,Hyderabad,Beauty,Premium,Female,Retail,19,1,28425.85,4.72,3.5,0,0,Cash,28425.85,1341.7,27084.15,18277.86,8806.29
CUST00867,2025-04-18 0:00:00,Chennai,Clothing,Regular,Male,Retail,58,13,2939.56,8.21,4.5,1,0,Cash,38214.28,3137.39,35076.89,18183.28,16893.61
CUST00680,2025-06-26 0:00:00,Pune,Beauty,Regular,Male,Corporate,51,11,13962.73,18.33,1.9,1,0,Cash,153590.03,28153.05,125436.98,104509.85,20927.13
CUST00609,2025-08-02 0:00:00,Pune,Sports,Premium,Male,Corporate,67,2,17970.84,13.3,2.6,1,1,Credit Card,35941.68,4780.24,31161.44,16367.61,14793.83
CUST01468,2025-12-21 0:00:00,Chennai,Home & Kitchen,Premium,Male,Corporate,41,10,3376.65,16.99,1.1,1,0,Credit Card,33766.5,5736.93,28029.57,17117.51,10912.06
CUST01503,2025-05-17 0:00:00,Hyderabad,Sports,Premium,Male,Corporate,50,12,626.64,35.48,4.3,1,0,Debit Card,7519.68,2667.98,4851.7,3174.49,1677.21
CUST01601,2025-05-02 0:00:00,Hyderabad,Electronics,Budget,Female,Online,28,3,18862.47,5.49,1.8,0,0,Credit Card,56587.41,3106.65,53480.76,28218.1,25262.66
CUST01412,2025-01-10 0:00:00,Chennai,Sports,Regular,Male,Corporate,40,8,4139.89,15.48,3.8,1,0,Net Banking,33119.12,5126.84,27992.28,16427.71,11564.57
CUST00540,2025-03-08 0:00:00,Mumbai,Sports,Premium,Female,Retail,,12,10813.12,20.4,2,1,0,UPI,129757.44,26470.52,103286.92,86202.31,17084.61
CUST00969,2025-05-25 0:00:00,Chennai,Clothing,Premium,Male,Corporate,62,14,29134.28,31.43,4.1,1,0,Net Banking,407879.92,128196.66,279683.26,193013.85,86669.41
CUST00460,2025-06-29 0:00:00,Delhi,Clothing,Regular,Male,Retail,60,14,26232.21,36.34,4.8,0,0,Cash,367250.94,133458.99,233791.95,120433.81,113358.14
CUST01692,2025-01-03 0:00:00,Bengaluru,Home & Kitchen,Premium,Male,Corporate,56,7,1618.52,32.72,2.9,1,0,Debit Card,11329.64,3707.06,7622.58,4884.64,2737.94
CUST01850,2025-10-18 0:00:00,Bengaluru,Clothing,Premium,Male,Corporate,43,11,9302.16,39.39,3.8,1,0,Debit Card,102323.76,40305.33,62018.43,52580.98,9437.45
CUST00057,2025-06-08 0:00:00,Chennai,Sports,Premium,Male,Online,34,8,10650.82,8.39,4.7,0,0,Debit Card,85206.56,7148.83,78057.73,49357.4,28700.33
CUST01312,2025-12-08 0:00:00,Mumbai,Sports,Premium,Female,Corporate,66,2,14522.17,39.41,3.9,1,0,Credit Card,29044.34,11446.37,17597.97,11060,6537.97
CUST01713,2025-03-17 0:00:00,Hyderabad,Home & Kitchen,Premium,Female,Retail,51,14,8543.09,25.06,1.5,1,0,UPI,119603.26,29972.58,89630.68,70149.59,19481.09
CUST00611,2025-02-08 0:00:00,Hyderabad,Electronics,Budget,Female,Online,34,6,19194.71,33.24,4.6,0,0,UPI,115168.26,38281.93,76886.33,51062.83,25823.5
CUST00638,2025-12-08 0:00:00,Chennai,Home & Kitchen,Premium,Female,Online,34,11,14334.39,5.85,1.2,1,1,Credit Card,157678.29,9224.18,148454.11,102875.45,45578.66
CUST00271,2025-11-27 0:00:00,Mumbai,Home & Kitchen,Regular,Male,Online,55,5,28228.76,13.73,3.9,0,0,Debit Card,141143.8,19379.04,121764.76,85484.99,36279.77
CUST00778,2025-02-23 0:00:00,Delhi,Beauty,Budget,Male,Corporate,27,8,4633.16,6.2,3.6,1,1,Credit Card,37065.28,2298.05,34767.23,20837.39,13929.84
CUST00302,2025-04-17 0:00:00,Chennai,Home & Kitchen,Premium,Male,Online,34,13,7810.08,37.32,2.6,1,0,Debit Card,101531.04,37891.38,63639.66,42492.29,21147.37
CUST00087,2025-12-21 0:00:00,Mumbai,,Premium,Male,Retail,54,14,18165.16,30.96,1.5,1,0,Cash,254312.24,78735.07,175577.17,125977.5,49599.67
CUST00665,2025-08-29 0:00:00,Delhi,Sports,Premium,Female,Retail,50,7,11666.02,21.7,5,1,0,UPI,81662.14,17720.68,63941.46,52013.49,11927.97
CUST00500,2025-01-27 0:00:00,Bengaluru,Clothing,Premium,Female,Corporate,23,6,10637.77,12.36,3.4,0,0,Credit Card,63826.62,7888.97,55937.65,32690.08,23247.57
CUST01653,2025-05-01 0:00:00,Chennai,Electronics,Premium,Male,Corporate,27,1,25391.68,26.73,3.8,1,0,Debit Card,25391.68,6787.2,18604.48,11571.88,7032.6
CUST00990,2025-07-13 0:00:00,Chennai,Clothing,Budget,Female,Online,19,11,5973.16,23.54,2.2,1,0,Credit Card,65704.76,15466.9,50237.86,30871.57,19366.29
CUST01562,2025-02-28 0:00:00,Mumbai,Home & Kitchen,Regular,Male,Retail,60,10,9165.18,21.65,1,1,0,Debit Card,91651.8,19842.61,71809.19,52507.09,19302.1
CUST00839,2025-08-13 0:00:00,Hyderabad,Beauty,Regular,Female,Corporate,45,6,19740.67,2.15,2.2,1,0,Credit Card,118444.02,2546.55,115897.47,79196.03,36701.44
CUST00794,2025-12-17 0:00:00,Pune,Beauty,Regular,Female,Corporate,36,12,2823.7,9.53,4.9,1,0,Net Banking,33884.4,3229.18,30655.22,22984.19,7671.03
CUST00732,2025-06-18 0:00:00,Hyderabad,Beauty,Regular,Female,Corporate,37,13,28899.44,2.22,1.8,1,0,Credit Card,375692.72,8340.38,367352.34,186267.14,181085.2
CUST01419,2025-06-16 0:00:00,Pune,Home & Kitchen,Regular,Female,Corporate,53,2,1488.19,20.95,1.2,1,0,Net Banking,2976.38,623.55,2352.83,1462.03,890.8
CUST01913,2025-08-27 0:00:00,Delhi,Electronics,Regular,Female,Corporate,31,5,25352.32,24.45,4.4,1,0,Cash,126761.6,30993.21,95768.39,80670.74,15097.65
CUST01413,2025-08-19 0:00:00,Chennai,Sports,Regular,Female,Corporate,22,11,15537.02,22.8,4.3,1,0,Debit Card,170907.22,38966.85,131940.37,66092.66,65847.71
CUST00352,2025-12-01 0:00:00,Delhi,Home & Kitchen,Premium,Female,Corporate,41,14,3924.07,35.49,2.5,1,0,UPI,54936.98,19497.13,35439.85,20636.21,14803.64
CUST00741,2025-07-19 0:00:00,Hyderabad,Beauty,Budget,Male,Corporate,49,5,4702.49,1.26,2.8,0,0,Debit Card,23512.45,296.26,23216.19,16651.27,6564.92
CUST01241,2025-10-18 0:00:00,Bengaluru,Sports,Premium,Male,Retail,64,13,4602.66,26.96,1.5,0,0,UPI,59834.58,16131.4,43703.18,23837.6,19865.58
CUST00525,2025-07-27 0:00:00,Bengaluru,Beauty,Regular,Male,Retail,36,8,7047.86,35.7,3.9,1,0,Debit Card,56382.88,20128.69,36254.19,28019.48,8234.71
CUST00790,2025-06-18 0:00:00,Hyderabad,Clothing,Regular,Female,Retail,33,14,24615.76,22.53,1.8,0,0,Net Banking,344620.64,77643.03,266977.61,226618.02,40359.59
CUST00818,2025-06-16 0:00:00,Chennai,Home & Kitchen,Premium,Female,Online,50,4,2614.41,35.15,2.1,0,0,Debit Card,10457.64,3675.86,6781.78,3969.89,2811.89
CUST00272,2025-10-19 0:00:00,Mumbai,Beauty,Regular,Male,Retail,45Y,3,18951.87,12.71,2.4,1,0,Cash,56855.61,7226.35,49629.26,40647.77,8981.49
CUST01362,2025-03-17 0:00:00,Bengaluru,Home & Kitchen,Regular,Male,Corporate,25 years,8,14063.2,31.96,3.7,1,1,Credit Card,112505.6,35956.79,76548.81,59906.35,16642.46
CUST00069,2025-12-24 0:00:00,Chennai,Beauty,Premium,Male,Corporate,25,2,21530.9,37.34,1.1,1,0,Net Banking,43061.8,16079.28,26982.52,21307.42,5675.1
CUST00708,2025-03-05 0:00:00,Hyderabad,Beauty,Budget,Male,Corporate,34,13,3040.32,36.4,2.6,1,0,UPI,39524.16,14386.79,25137.37,16411.77,8725.6
CUST01043,2025-01-16 0:00:00,Delhi,Clothing,Regular,Male,Online,18,4,24532.53,16.22,3,1,0,,98130.12,15916.71,82213.41,60425.9,21787.51
CUST00887,2025-10-28 0:00:00,Pune,Electronics,Regular,Female,Online,57,10,15909.18,20.43,2.7,1,0,Net Banking,159091.8,32502.45,126589.35,95959.32,30630.03
CUST01530,2025-05-15 0:00:00,Bengaluru,Clothing,Budget,Female,Corporate,43,14,3906.24,3.05,2.1,1,0,Cash,54687.36,1667.96,53019.4,30118.62,22900.78
CUST00211,2025-07-06 0:00:00,Hyderabad,Home & Kitchen,Regular,Female,Corporate,40,13,27193.11,38.93,4.9,0,0,Cash,353510.43,137621.61,215888.82,162412.97,53475.85
CUST00279,2025-12-01 0:00:00,Delhi,Home & Kitchen,Regular,Female,Corporate,18,9,10159.29,20 percent,1.1,1,0,UPI,91433.61,9024.5,82409.11,51445.2,30963.91
CUST00281,2025-01-20 0:00:00,Delhi,Beauty,Regular,Male,Retail,22,1,21503.68,5.95,1.6,1,0,Net Banking,21503.68,1279.47,20224.21,11629.68,8594.53
CUST01960,2025-12-20 0:00:00,Bengaluru,Beauty,Regular,Male,Retail,56,2,21709.02,26.39,3.8,1,0,Credit Card,43418.04,11458.02,31960.02,25459.53,6500.49
CUST00570,2025-12-26 0:00:00,Mumbai,Beauty,Budget,Female,Corporate,31,3,13161.8,15.1,2,1,0,Net Banking,39485.4,5962.3,33523.1,25552.31,7970.79
CUST01091,2025-06-22 0:00:00,Delhi,Home & Kitchen,Premium,Male,Retail,33,13,,34.71,1.4,0,0,Cash,215164.56,74683.62,140480.94,74965.81,65515.13
CUST00652,2025-07-22 0:00:00,Mumbai,Electronics,Regular,Female,Online,42,10,23896.09,23.96,1.5,1,0,Net Banking,238960.9,57255.03,181705.87,139106.86,42599.01
CUST01309,Jan-25-2025,Bengaluru,Home & Kitchen,Premium,Female,Retail,26,9,7415.61,10.05,2.4,1,0,UPI,66740.49,6707.42,60033.07,44818.03,15215.04
CUST01762,2025-05-22 0:00:00,Mumbai,Sports,Regular,Male,Online,36,12,12875.21,3.82,3,1,0,Credit Card,154502.52,5902,148600.52,108101.84,40498.68
CUST01199,2025-08-29 0:00:00,Hyderabad,Sports,Regular,Female,Corporate,40,10,29257.4,,1.7,0,1,UPI,292574,33646.01,258927.99,190852.59,68075.4
CUST00764,2025-12-27 0:00:00,Mumbai,Beauty,Premium,Female,Online,25,6,7407.86,38.1,2.7,0,0,Debit Card,44447.16,16934.37,27512.79,14719.57,12793.22
CUST00890,2025-06-01 0:00:00,Chennai,home & kitchen,Regular,Male,Corporate,34,11,28828.75,20.61,2.8,1,1,Cash,317116.25,65357.66,251758.59,200424.38,51334.21
CUST01391,2025-05-25 0:00:00,Hyderabad,Beauty,Regular,Female,Retail,55,5,24901.26,38.03,4.4,0,0,Debit Card,124506.3,47349.75,77156.55,60190.43,16966.12
CUST01828,2025-03-08 0:00:00,Hyderabad,Clothing,Regular,Female,Online,38,13,17376.3,39.57,2.2,1,0,Credit Card,225891.9,89385.42,136506.48,96675.46,39831.02
CUST00253,2025-05-08 0:00:00,Bengaluru,Electronics,Budget,Male,Corporate,36,10,1191.61,33.88,1,1,0,Net Banking,11916.1,4037.17,7878.93,5352.16,2526.77
CUST00318,2025-03-13 0:00:00,Mumbai,Sports,Regular,Female,Corporate,29,4,429.98,0.87,3.9,0,0,Credit Card,1719.92,14.96,1704.96,1018.87,686.09
CUST00785,2025-07-31 0:00:00,Hyderabad,Electronics,Premium,Female,Online,40,10,23405.95,35.81,2.6,0,0,Credit Card,234059.5,83816.71,150242.79,84138.36,66104.43
CUST00428,2025-05-21 0:00:00,Chennai,Sports,Budget,Male,Corporate,47,4,24053.88,24.19,1.3,0,0,Debit Card,96215.52,23274.53,72940.99,58721.19,14219.8
CUST00700,2025-01-30 0:00:00,Mumbai,Clothing,Premium,Female,Corporate,40,14,24351.8,27.79,2.8,1,No,UPI,340925.2,94743.11,246182.09,188258.32,57923.77
CUST00187,2025-11-09 0:00:00,Delhi,Electronics,Premium,Male,Corporate,53,5,9666.53,36.4,3.6,1,0,Credit Card,48332.65,17593.08,30739.57,18190.91,12548.66
CUST01025,2025-07-18 0:00:00,Delhi,Beauty,Premium,Female,Corporate,66,4,9499.02,30.77,2.8,1,0,Credit Card,37996.08,11691.39,26304.69,19779.22,6525.47
CUST00021,2025-09-11 0:00:00,Hyderabad,Home & Kitchen,Premium,Male,Retail,27,10,,4.25,1.7,0,0,Net Banking,48020.9,2040.89,45980.01,23318.53,22661.48
CUST00993,2025-07-20 0:00:00,Hyderabad,Sports,Regular,Male,Online,N/A,1,4642.65,7.48,2.4,1,0,Cash,4642.65,347.27,4295.38,3242.1,1053.28
CUST00601,2025-12-04 0:00:00,Bengaluru,Clothing,Regular,Female,Online,22,11,12362.53,8.19,4.2,1,1,Net Banking,135987.83,11137.4,124850.43,70676.79,54173.64
CUST01266,2025-10-13 0:00:00,Hyderabad,Electronics,Premium,Female,Online,27,13,1950.17,20.5,1.9,1,0,Debit Card,25352.21,5197.2,20155.01,11578.91,8576.1
CUST00793,2025-07-03 0:00:00,Pune,Beauty,Regular,Female,Online,53,12,,13.75,3.6,0,0,Debit Card,16098.72,2213.57,,7382.8,6502.35
CUST01779,2025-03-08 0:00:00,Pune,Clothing,Premium,Female,Retail,43,1,9740.82,28.14,1.4,0,0,Cash,9740.82,2741.07,6999.75,4394.04,2605.71
CUST01363,2025-06-22 0:00:00,Mumbai,Clothing,Budget,Male,Retail,N/A,12,29169.92,8.69,4,1,0,Net Banking,350039.04,30418.39,319620.65,219719.15,99901.5
CUST01376,2025-02-13 0:00:00,Hyderabad,Home & Kitchen,Budget,Female,Corporate,30 yrs,7,9050.61,13.05,1.3,1,0,Credit Card,63354.27,8267.73,55086.54,38268.57,16817.97
CUST01546,2025-04-07 0:00:00,Delhi,,Regular,Female,Retail,61,13,15465.96,17.02,2.3,1,0,Net Banking,201057.48,34219.98,166837.5,117353.9,49483.6
CUST01473,2025-01-01 0:00:00,Mumbai,Home & Kitchen,Regular,Female,Retail,65,6,28764.88,37.14,1.5,1,1,Credit Card,172589.28,64099.66,108489.62,62226.73,46262.89
CUST01316,2025-06-30 0:00:00,Bengaluru,Home & Kitchen,Regular,Other,Retail,62,9,5237.77,2.68,3.5,0,0,Cash,47139.93,1263.35,45876.58,28815.02,17061.56
CUST00874,2025-01-31 0:00:00,Mumbai,Sports,Budget,Male,Retail,54,11,10754.88,13.66,3.5,0,0,Debit Card,118303.68,16160.28,,72086.14,30057.26
CUST01163,2025-01-03 0:00:00,Bengaluru,Home & Kitchen,Regular,Male,Corporate,34,7,27906.84,6.23,1.1,Active,0,Net Banking,195347.88,12170.17,183177.71,129944.44,53233.27
CUST00126,2025-03-30 0:00:00,Chennai,Sports,Premium,Male,Online,38,11,6598.52,35.6,4.4,1,0,,72583.72,25839.8,46743.92,38436.22,8307.7
CUST00347,2025-08-08 0:00:00,Delhi,Electronics,Premium,Female,Retail,51,3,789.45,17.44,3.8,1,0,Cash,2368.35,413.04,1955.31,1232.64,722.67
CUST00605,2025-11-12 0:00:00,Delhi,Home & Kitchen,Premium,Male,Retail,38,2,27398.86,24.5,1.1,1,0,UPI,54797.72,13425.44,41372.28,32224.36,9147.92
CUST01695,2025-11-18 0:00:00,Mumbai,Sports,Budget,Male,Corporate,52,12,21277.06,37.32,2.5,0,0,Credit Card,255324.72,95287.19,160037.53,87110.91,72926.62
CUST01522,2025-03-04 0:00:00,Mumbai,Home & Kitchen,Premium,Male,Corporate,64,8,150000,3.28,3.6,1,0,UPI,182013.52,5970.04,176043.48,95232.28,80811.2
CUST01337,2025-02-26 0:00:00,Bengaluru,Sports,Premium,Male,Retail,,13,6509.61,18.49,,No,1,UPI,84624.93,15647.15,68977.78,48154.7,20823.08
CUST01120,2025-10-22 0:00:00,Delhi,Beauty,Budget,Male,Retail,150,9,19580.66,17.37,4.1,1,0,UPI,176225.94,30610.45,145615.49,76225.06,69390.43
CUST01837,2025-11-21 0:00:00,Mumbai,Beauty,Regular,Female,Retail,54,5,26305.46,15.11,3.6,1,0,Net Banking,131527.3,19873.78,111653.52,59388.15,52265.37
CUST00064,2025-09-02 0:00:00,Chennai,Beauty,Regular,Male,Online,56,6,3678.47,26.04,3.5,1,0,Cash,22070.82,5747.24,16323.58,10585.39,5738.19
CUST01179,2025-06-14 0:00:00,Pune,Beauty,Regular,Male,Online,48,8,11243.8,30.03,4,0,0,Debit Card,89950.4,27012.11,62938.29,42135.42,20802.87
CUST01354,2025-08-04 0:00:00,Mumbai,Clothing,Premium,Female,Retail,22,11,4978.7,29.27,1.5,1,0,Cash,54765.7,16029.92,38735.78,27314.07,11421.71
CUST00242,2025-09-05 0:00:00,Delhi,Beauty,Budget,Female,Online,32,10,25288.49,28.43,3.7,1,0,Cash,252884.9,71895.18,180989.72,102345.5,78644.22
CUST01618,2025-09-20 0:00:00,Mumbai,Sports,Premium,Male,Corporate,45,2,14859.1,12.87,3.5,1,0,Debit Card,29718.2,3824.73,25893.47,15240.09,10653.38
CUST00123,2025-10-28 0:00:00,Chennai,Beauty,Regular,Other,Corporate,50,2,3094.87,18.54,1.2,0,0,Net Banking,6189.74,1147.58,5042.16,3902.82,1139.34
CUST00131,2025-04-30 0:00:00,Pune,Electronics,Budget,Male,Retail,44,8,23317.63,13.17,4,1,1,UPI,186541.04,24567.45,161973.59,125706.86,36266.73
CUST01578,2025-06-07 0:00:00,Chennai,Clothing,Regular,Male,Retail,55,3,12693.89,8.47,3.1,0,0,UPI,38081.67,3225.52,34856.15,24686.36,10169.79
CUST01549,2025-05-04 0:00:00,Bengaluru,Sports,Regular,Female,Online,41,7,14656.83,31.45,1.1,1,0,Debit Card,102597.81,32267.01,70330.8,42095.91,28234.89
CUST01509,2025-11-27 0:00:00,Bengaluru,Beauty,Regular,Female,Corporate,22,8,27092.21,30.28,1.3,0,0,Debit Card,216737.68,65628.17,151109.51,118222.27,32887.24
CUST01281,2025-01-10 0:00:00,Delhi,Home & Kitchen,Regular,Male,Retail,54,3,2192.36,21.45,3.7,1,0,UPI,6577.08,1410.78,5166.3,2903.91,2262.39
CUST01701,2025-10-24 0:00:00,Delhi,Electronics,Regular,Male,Online,69,8,15962.05,2.24,1.8,1,0,Debit Card,127696.4,2860.4,124836,95010.92,29825.08
CUST01949,2025-06-19 0:00:00,Pune,Electronics,Regular,Female,Retail,27,2,16029.79,33.55,2.4,0,1,Cash,32059.58,10755.99,21303.59,15946,5357.59
CUST00421,2025-08-23 0:00:00,Mumbai,Clothing,Regular,Male,Online,68,4,19949.75,120,1.7,1,1,Credit Card,79799,25631.44,54167.56,41541.43,12626.13
CUST01672,2025-02-04 0:00:00,Delhi,Home and Kitchen,Regular,Male,Online,48,5,23967.74,26.59,3.4,1,0,Cash,119838.7,31865.11,87973.59,53777.83,34195.76
CUST01385,2025-05-19 0:00:00,Mumbai,Electronics,Regular,Male,Retail,53,9,24551.07,27.61,4.8,1,0,Cash,220959.63,61006.95,159952.68,117071.89,42880.79
CUST00781,2025-09-14 0:00:00,Bengaluru,Beauty,Budget,Male,Retail,63,9,22077.84,20.32,2.2,0,0,Cash,198700.56,40375.95,158324.61,82233.93,76090.68
CUST01934,2025-07-24 0:00:00,Bengaluru,Electronics,Premium,Female,Corporate,48,10,15802.36,29.63,1.6,1,0,Cash,158023.6,46822.39,111201.21,83389.29,27811.92
CUST00977,2025-04-15 0:00:00,Chennai,Home & Kitchen,Premium,Other,Corporate,48,14,7961.12,6.94,2.8,0,0,Credit Card,111455.68,7735.02,103720.66,62746.63,40974.03
CUST00247,2025-03-22 0:00:00,Bengaluru,Electronics,Budget,Male,Retail,42,14,9403.86,10.51,2.1,1,0,Credit Card,131654.04,13836.84,117817.2,86870.97,30946.23
CUST01545,2025-09-12 0:00:00,Hyderabad,Home & Kitchen,Premium,Male,Corporate,57,13,1576.87,20.02,4.2,1,0,Net Banking,20499.31,4103.96,16395.35,13803.81,2591.54
CUST01301,2025-03-16 0:00:00,Pune,Electronics,Regular,Male,Corporate,49,8,22604.48,7.77,3.6,1,0,Net Banking,180835.84,14050.94,166784.9,100905.42,65879.48
CUST01170,2025-12-05 0:00:00,Bengaluru,Sports,Regular,Female,Corporate,43,4,20979.63,6.31,1.7,1,0,Cash,83918.52,5295.26,78623.26,51688.24,26935.02
CUST01690,2025-11-03 0:00:00,Mumbai,Clothing,Regular,Male,Corporate,34,11,20355.58,38.94,3.8,0,0,UPI,223911.38,87191.09,136720.29,81518.71,55201.58
CUST01151,2025-03-08 0:00:00,Hyderabad,Sports,Budget,Female,Online,25 years,4,3367.96,39.17,3.7,0,0,Debit Card,13471.84,5276.92,8194.92,5545.43,2649.49
CUST01788,2025-04-24 0:00:00,Bengaluru,Sports,Regular,Male,Retail,34,14,3637.23,3.65,2.2,1,0,Credit Card,50921.22,1858.62,49062.6,32642.85,16419.75
CUST00760,2025-04-02 0:00:00,Mumbai,Beauty,Premium,Female,Online,45,14,21220.62,7.23,3.4,1,0,Net Banking,297088.68,21479.51,275609.17,190321.37,85287.8
CUST01030,2025-07-02 0:00:00,Bengaluru,Beauty,Regular,Female,Online,34,3,22666.59,9.56,1.4,1,0,Debit Card,67999.77,6500.78,61498.99,34986.97,26512.02
CUST01539,2025-12-05 0:00:00,,Sports,Regular,Female,Online,29,3,8752.64,29.23,4.4,1,0,Credit Card,26257.92,7675.19,18582.73,11996.94,6585.79
CUST01081,2025-07-14 0:00:00,Bengaluru,Clothing,Regular,Male,Online,29,8,20592.52,10.97,2.8,0,1,UPI,164740.16,18072,146668.16,113450.34,33217.82
CUST00982,2025-09-09 0:00:00,Pune,Clothing,Regular,Male,Corporate,56,9,21701.61,0.39,4.2,1,1,Credit Card,195314.49,761.73,194552.76,101751.61,92801.15
CUST01205,2025-08-05 0:00:00,Mumbai,Electronics,Regular,Male,Corporate,23,9,5773.13,7.25,1.3,1,0,Net Banking,51958.17,3766.97,48191.2,33229.8,14961.4
CUST00444,2025-06-29 0:00:00,Chennai,Sports,Regular,Female,Corporate,44,13,22898.98,33.24,1.4,1,0,Credit Card,297686.74,98951.07,198735.67,120590.37,78145.3
CUST01911,2025-03-09 0:00:00,Bengaluru,Beauty,Regular,Female,Online,30 yrs,9,13371.74,35.41,2.5,0,0,Cash,120345.66,42614.4,77731.26,42643.14,35088.12
CUST00031,2025-03-26 0:00:00,Hyderabad,Sports,Regular,Male,Retail,56,12,5759.52,5.13,1.8,1,0,Credit Card,69114.24,3545.56,65568.68,49345.28,16223.4
CUST00013,2025-05-07 0:00:00,Delhi,Sports,Budget,Male,Retail,59,13,26113.26,21.75,3.7,1,0,Credit Card,339472.38,73835.24,265637.14,168705.49,96931.65
CUST00212,2025-07-14 0:00:00,Bengaluru,Sports,Premium,Female,Corporate,62,7,23358.54,10.53,3.2,1,0,Credit Card,163509.78,17217.58,146292.2,99429.9,46862.3
CUST01795,2025-02-20 0:00:00,Hyderabad,Electronics,Regular,Female,Online,33,11,,31.23,2.2,1,0,Cash,188797.62,58961.5,129836.12,80510.07,49326.05
CUST01424,2025-03-28 0:00:00,Mumbai,Beauty,Regular,Male,Corporate,63,8,15337.73,4.11,3.3,1,0,Net Banking,122701.84,5043.05,117658.79,94811.42,22847.37
CUST01045,2025-02-28 0:00:00,Pune,Home & Kitchen,Regular,Male,Corporate,31,11,22821.61,31.83,1.9,1,0,Debit Card,251037.71,79905.3,171132.41,143756.4,27376.01
CUST01749,2025-07-10 0:00:00,Hyderabad,Sports,Budget,Female,Retail,31,7,24002.24,3.09,2.3,1,0,Credit Card,168015.68,5191.68,162824,104319.47,58504.53
CUST01235,2025-05-16 0:00:00,Chennai,Sports,Budget,Male,Retail,64,4,12508.66,23.94,4.7,0,0,Net Banking,50034.64,11978.29,38056.35,25705.15,12351.2
CUST01077,2025-04-22 0:00:00,Bengaluru,Sports,Regular,Male,Retail,59,2,24612.66,8.31,4.3,1,0,,49225.32,4090.62,45134.7,36614.31,8520.39
CUST00482,2025-09-06 0:00:00,Hyderabad,Home & Kitchen,Budget,Female,Online,18,1,3936.65,8.52,4,0,0,Debit Card,3936.65,335.4,3601.25,2551.89,1049.36
CUST01827,2025-01-30 0:00:00,Mumbai,Home & Kitchen,Regular,Male,Online,63,12,9518.96,15.71,4.2,1,0,Debit Card,114227.52,17945.14,96282.38,74009.65,22272.73
CUST01137,2025-11-10 0:00:00,Mumbai,Electronics,Regular,Female,Online,37,8,12045.24,4.92,2,1,0,Debit Card,96361.92,4741.01,91620.91,65040.83,26580.08
CUST01545,2025-09-12 0:00:00,Hyderabad,Home & Kitchen,Premium,Male,Corporate,57,13,1576.87,20.02,4.2,1,0,Net Banking,20499.31,4103.96,16395.35,13803.81,2591.54
CUST01080,2025-10-07 0:00:00,Hyderabad,Clothing,Regular,Female,Retail,61,7,13797.31,0.18,4.7,0,0,Credit Card,96581.17,173.85,96407.32,70413.47,25993.85
CUST01581,2025-11-19 0:00:00,Hyderabad,Clothing,Premium,Male,Online,33,8,19941.39,28.21,1.7,1,0,UPI,159531.12,45003.73,114527.39,86574.32,27953.07
CUST00320,2025-08-30 0:00:00,Mumbai,Electronics,Regular,Male,Online,28,12,8918.93,34.92,3.7,1,0,Cash,107027.16,37373.88,69653.28,50295.41,19357.87
CUST00769,2025-03-21 0:00:00,Bengaluru,Sports,Premium,Other,Online,25,2,8642.23,5.99,3.2,1,0,Debit Card,17284.46,1035.34,16249.12,8960.15,7288.97
CUST01393,2025-05-26 0:00:00,Hyderabad,Electronics,Premium,Female,Online,27,9,6885.43,38.01,4.9,1,1,Net Banking,61968.87,23554.37,38414.5,29030.01,9384.49
CUST01984,2025-09-17 0:00:00,Bengaluru,Clothing,Premium,Female,Online,18,9,12460.82,10.73,3.8,1,0,Cash,112147.38,12033.41,100113.97,52965.91,47148.06
CUST01359,2025-05-13 0:00:00,Pune,Home & Kitchen,Premium,Female,Retail,26,9,8870.45,0.92,1.5,0,0,Net Banking,79834.05,734.47,79099.58,57150.2,21949.38
CUST00747,2025-03-29 0:00:00,Delhi,Electronics,Premium,Male,Corporate,48,4,29083.28,8.61,4.1,0,0,Net Banking,116333.12,10016.28,106316.84,59035.28,47281.56
CUST00262,2025-04-17 0:00:00,Hyderabad,home & kitchen,Regular,Male,Online,68,2,17287.22,36.64,3.5,1,0,Net Banking,34574.44,12668.07,21906.37,12033.2,9873.17
CUST01246,2025-01-10 0:00:00,Pune,Beauty,Premium,Male,Online,57,9,2079.59,25.54,1.5,1,0,Debit Card,18716.31,4780.15,13936.16,8304.64,5631.52
CUST00780,2025-03-25 0:00:00,Mumbai,Sports,Regular,Female,Retail,27,6,15095.75,34.76,4.9,0,0,Debit Card,90574.5,31483.7,59090.8,39194.91,19895.89
CUST01068,2025-06-10 0:00:00,Bengaluru,Sports,Budget,Male,Online,21,1,7426.2,30.1,3.9,1,0,Cash,7426.2,2235.29,5190.91,3900.35,1290.56
CUST00026,2025-11-08 0:00:00,Delhi,Beauty,Premium,Female,Corporate,41,6,2922.07,2.6,4.6,1,0,Debit Card,17532.42,455.84,17076.58,12384.04,4692.54
CUST01814,2025-05-15 0:00:00,Pune,Home & Kitchen,Regular,Male,Online,51,9,9540.84,12.43,4.6,1,0,Cash,85867.56,10673.34,75194.22,42830.76,32363.46
CUST01389,2025-02-02 0:00:00,Delhi,Beauty,Regular,Female,Retail,69,5,150000,10,1.1,1,1,Credit Card,102090,10209,91881,71087.27,20793.73
CUST00840,2025-12-07 0:00:00,Hyderabad,Sports,Premium,Male,Online,47,11,28580.93,14.92,4.8,1,0,Debit Card,314390.23,46907.02,267483.21,221874.89,45608.32
CUST01128,2025-11-22 0:00:00,Chennai,Sports,Regular,Male,Corporate,63,14,3433.35,5.27,4.9,0,0,UPI,48066.9,2533.13,45533.77,35063.84,10469.93
CUST01204,2025-09-22 0:00:00,Delhi,Home & Kitchen,Premium,Male,Online,46,4,28210.42,32.3,4,1,0,UPI,112841.68,36447.86,,54875.18,21518.64
CUST01011,2025-07-19 0:00:00,bangalore,Electronics,Budget,Female,Online,26,3,19511.3,28.12,5,0,0,Debit Card,58533.9,16459.73,42074.17,26963.31,15110.86
CUST01214,2025-08-12 0:00:00,Delhi,Beauty,Regular,Female,Retail,45,10,11474.64,9.46,2.8,1,0,Debit Card,114746.4,10855.01,103891.39,64801.33,39090.06
CUST00498,2025-09-26 0:00:00,Hyderabad,Beauty,Regular,Female,Online,28,10,4395.36,30.22,3.8,1,0,Credit Card,43953.6,13282.78,30670.82,15901.67,14769.15
CUST00385,2025-01-29 0:00:00,Pune,Sports,Regular,Male,Online,,13,19894,38.87,2.1,1,0,Credit Card,258622,100526.37,158095.63,91823.14,66272.49
CUST00183,2025-12-10 0:00:00,Delhi,Beauty,Premium,Female,Retail,62,3,8973.39,21.32,1.7,0,0,UPI,26920.17,5739.38,21180.79,13275.9,7904.89
CUST00152,2025-01-04 0:00:00,Bengaluru,Home & Kitchen,Regular,Female,Retail,39,10,5690.74,8.38,4,1,0,Credit Card,56907.4,4768.84,52138.56,36333.39,15805.17
CUST00584,2025-02-04 0:00:00,Pune,Clothing,Regular,Female,Online,62,6,20495.24,22.85,4.2,1,0,UPI,122971.44,28098.97,94872.47,53349.3,41523.17
CUST01579,2025-07-05 0:00:00,Bengaluru,Beauty,Regular,Male,Online,65,14,16292.65,35.21,2.8,1,0,Credit Card,228097.1,80312.99,147784.11,81660.36,66123.75
CUST01206,2025-05-29 0:00:00,Hyderabad,Home & Kitchen,Budget,Female,Corporate,50,14,6432.45,11.72,1.9,0,0,Debit Card,90054.3,10554.36,79499.94,57345,22154.94
CUST00346,2025-08-22 0:00:00,Hyderabad,Beauty,Regular,Female,Retail,25,11,20961.1,38.83,3.8,0,0,Cash,230572.1,89531.15,141040.95,74454.26,66586.69
CUST01022,2025-06-10 0:00:00,Hyderabad,Sports,Budget,Male,Online,66,10,29481.03,37.18,4.4,1,0,Credit Card,294810.3,109610.47,185199.83,129192.3,56007.53
CUST00044,2025-10-18 0:00:00,Mumbai,Beauty,Regular,Male,Retail,46,12,3965.42,23.17,1.3,1,0,Debit Card,47585.04,11025.45,36559.59,22567.43,13992.16
CUST00661,2025-10-12 0:00:00,Bengaluru,Electronics,Regular,Female,Online,56,14,6679.51,32.17,2.7,1,0,Debit Card,93513.14,30083.18,63429.96,41703.06,21726.9
CUST01136,2025-07-06 0:00:00,Bengaluru,Beauty,Regular,Female,Corporate,46,10,28479.89,15.21,4.6,1,1,UPI,284798.9,43317.91,241480.99,189934.1,51546.89
CUST01086,2025-10-11 0:00:00,Bengaluru,Home & Kitchen,Budget,Male,Retail,52,13,16330.33,23.98,4.4,1,0,Credit Card,212294.29,50908.17,161386.12,135408.07,25978.05
CUST00250,2025-06-02 0:00:00,Pune,Beauty,Regular,Male,Retail,20,9,19622.52,21.13,1.9,1,0,Credit Card,176602.68,37316.15,139286.53,117939.95,21346.58
CUST00155,2025-08-27 0:00:00,Pune,Sports,Budget,Male,Online,60,13,,26.18,,1,0,Net Banking,309330.19,80982.64,228347.55,149054.11,79293.44
CUST01737,2025-03-29 0:00:00,Delhi,Home & Kitchen,Regular,Male,Online,39,3,24604.3,23.17,4.1,1,0,Credit Card,73812.9,17102.45,56710.45,43985.27,12725.18
CUST01793,2025-06-26 0:00:00,Delhi,Home & Kitchen,Regular,Female,Retail,50,9,22805.74,6.88,4.5,1,0,UPI,205251.66,14121.31,191130.35,159784.24,31346.11
CUST01211,2025-11-09 0:00:00,Mumbai,Home & Kitchen,Regular,Male,Corporate,23,5,6500.71,2.42,1.7,1,0,Cash,32503.55,786.59,31716.96,16528.05,15188.91
CUST00257,2025-08-07 0:00:00,Mumbai,Clothing,Regular,Female,Corporate,39,4,15780.31,19.12,3.5,0,0,Credit Card,63121.24,12068.78,51052.46,33540.57,17511.89
CUST01283,2025-06-04 0:00:00,Delhi,Electronics,Regular,Female,Corporate,55,13,2968.78,7.13,3.5,1,0,Credit Card,38594.14,2751.76,35842.38,21709.38,14133
CUST01753,2025-09-24 0:00:00,Bengaluru,Clothing,Regular,Female,Corporate,55,7,19088.31,34.24,2.7,1,0,Cash,133618.17,45750.86,87867.31,55552.71,32314.6
CUST00731,2025-04-22 0:00:00,Bengaluru,Electronics,Budget,Male,Online,50,5,1022.78,28.01,3.3,1,0,UPI,5113.9,1432.4,3681.5,2892.31,789.19
CUST01197,2025-03-30 0:00:00,Chennai,Electronics,Regular,Female,Online,39,11,7282.08,9,4.3,1,0,Net Banking,80102.88,7209.26,72893.62,44093.82,28799.8
CUST01032,2025-01-17 0:00:00,Chennai,Sports,Premium,Male,Online,36,4,14715.11,11.41,1.6,1,0,Cash,58860.44,6715.98,52144.46,32686.71,19457.75
CUST00923,2025-06-26 0:00:00,Mumbai,Electronics,Regular,Female,Retail,57,10,28943.32,36.45,2.8,1,0,Cash,289433.2,105498.4,,104587.53,79347.27
CUST00226,2025-08-09 0:00:00,Bengaluru,Sports,Regular,Female,Retail,28,7,1279.72,39.39,3.9,1,0,UPI,8958.04,3528.57,5429.47,4325.8,1103.67
CUST01461,2025-06-04 0:00:00,Delhi,Electronics,Regular,Female,Retail,61,4,20933.82,38.03,4,1,1,Debit Card,83735.28,31844.53,51890.75,38910.59,12980.16
CUST00097,2025-05-21 0:00:00,Hyderabad,Home & Kitchen,Regular,Female,Corporate,41,6,7573.35,10%,4.7,1,1,,45440.1,16476.58,28963.52,15969.11,12994.41
CUST02000,2025-02-05 0:00:00,Mumbai,Home & Kitchen,Regular,Female,Retail,37,13,22808.28,4.08,4.8,1,0,Credit Card,296507.64,12097.51,284410.13,235930.91,48479.22
CUST01308,2025-10-17 0:00:00,Hyderabad,Beauty,Premium,Male,Retail,48,3,12664.92,7.18,1.3,1,0,Cash,37994.76,2728.02,35266.74,29039.87,6226.87
CUST01661,2025-04-26 0:00:00,Bengaluru,Home & Kitchen,Premium,Male,Retail,69,14,29003.93,19.09,3.3,1,0,UPI,406055.02,77515.9,328539.12,186553.39,141985.73
CUST00377,2025-11-22 0:00:00,Bengaluru,Clothing,Regular,Female,Online,62,8,5839.65,14.59,4.5,1,0,Net Banking,46717.2,6816.04,39901.16,31632.64,8268.52
CUST01282,2025-09-08 0:00:00,Mumbai,,Regular,Male,Online,24,6,4716.8,29.16,2.5,1,0,Net Banking,28300.8,8252.51,20048.29,11731.37,8316.92
CUST01812,2025-01-06 0:00:00,Mumbai,Beauty,Regular,Female,Online,58,12,5564.4,11.65,2.7,0,0,Cash,66772.8,7779.03,58993.77,42854.51,16139.26
CUST01471,2025-04-12 0:00:00,Chennai,Home & Kitchen,Regular,Other,Online,38,11,11956.97,30.49,4.7,0,0,Net Banking,131526.67,40102.48,91424.19,47243.43,44180.76
CUST01126,2025-06-15 0:00:00,,Electronics,Premium,Male,Corporate,62,13,11816.68,20.75,1.5,1,0,Credit Card,153616.84,31875.49,121741.35,63224.41,58516.94
CUST00520,2025-10-06 0:00:00,Mumbai,Beauty,Premium,Male,Online,32,14,22939.06,3.82,1.9,0,0,UPI,321146.84,12267.81,308879.03,160787.86,148091.17
CUST00893,2025-08-01 0:00:00,Delhi,Clothing,Regular,Male,Corporate,44,11,28117.76,34.9,2.5,1,0,Credit Card,309295.36,107944.08,201351.28,134224.6,67126.68
CUST01232,2025-10-08 0:00:00,Chennai,Home & Kitchen,Regular,Male,Retail,50,5,3119.55,33.29,1.4,1,0,Net Banking,15597.75,5192.49,10405.26,6389.18,4016.08
CUST01018,2025-02-14 0:00:00,Chennai,Sports,Budget,Female,Retail,42,5,23235.78,10.85,1.1,1,0,Debit Card,116178.9,12605.41,103573.49,87251.67,16321.82
CUST01014,2025-12-29 0:00:00,Hyderabad,Beauty,Regular,Female,Retail,,8,15513.92,22,1.8,1,0,Debit Card,124111.36,27304.5,96806.86,81313.01,15493.85
CUST01353,2025-08-06 0:00:00,Delhi,Clothing,Premium,Female,Corporate,48,12,,34.16,3.4,1,0,Cash,317323.56,108397.73,208925.83,109200.46,99725.37
CUST00843,2025-01-05 0:00:00,Chennai,Clothing,Regular,Female,Online,38,10,1353.09,1.4,1.7,0,0,Debit Card,13530.9,189.43,13341.47,8742.19,4599.28
CUST00356,2025-07-07 0:00:00,Bengaluru,Sports,Regular,Male,Online,57,1,15580.06,28.18,2.3,1,0,Cash,15580.06,4390.46,11189.6,6442.05,4747.55
CUST01769,2025-11-28 0:00:00,Hyderabad,Clothing,Regular,Female,Corporate,57,9,26842.17,30.23,2.7,1,0,Debit Card,241579.53,73029.49,168550.04,113867.02,54683.02
CUST00878,2025-01-17 0:00:00,Hyderabad,Sports,Regular,Female,Retail,33,11,2969.05,8.4,3.8,0,0,Net Banking,32659.55,2743.4,29916.15,24254.27,5661.88
CUST00918,2025-11-23 0:00:00,Delhi,Home & Kitchen,Regular,Female,Corporate,27,11,21853.92,23.93,4.9,1,0,UPI,240393.12,57526.07,182867.05,97941.08,84925.97
CUST01806,2025-10-03 0:00:00,Delhi,Electronics,Premium,Male,Retail,48,2,22724.28,21.96,1.1,1,0,Credit Card,45448.56,9980.5,35468.06,26025.5,9442.56
CUST00110,2025-03-28 0:00:00,Delhi,Home & Kitchen,Premium,Male,Retail,30,12,13366.92,,4.5,1,0,Credit Card,160403.04,28246.98,132156.06,110798.67,21357.39
CUST01622,2025-09-13 0:00:00,Chennai,Home & Kitchen,Regular,Male,Corporate,25,8,907.71,24.27,2.6,0,0,Credit Card,7261.68,1762.41,5499.27,3792.49,1706.78
CUST01791,2025-12-01 0:00:00,Chennai,Beauty,Regular,Male,Online,30 yrs,10,2665.97,36.32,2.7,1,0,Credit Card,26659.7,9682.8,16976.9,9225.01,7751.89
CUST00425,2025-03-13 0:00:00,Hyderabad,Home & Kitchen,Regular,Female,Corporate,50,9,2849.74,38.99,3,1,0,Net Banking,25647.66,10000.02,15647.64,11008.93,4638.71
CUST00713,2025-08-04 0:00:00,Mumbai,Beauty,Budget,Other,Corporate,67,7,22440.42,3.5,1.9,1,0,Credit Card,157082.94,5497.9,151585.04,91343.73,60241.31
CUST01989,2025-09-08 0:00:00,Mumbai,Electronics,Regular,Male,Corporate,150,6,2945.85,11.78,3.5,0,0,Credit Card,17675.1,2082.13,15592.97,10349.59,5243.38
CUST00459,2025-04-22 0:00:00,Mumbai,Home & Kitchen,Premium,Female,Corporate,26,12,13936.89,9,4,1,0,Debit Card,167242.68,15051.84,152190.84,83842.08,68348.76
CUST00736,2025-03-16 0:00:00,Pune,Clothing,Budget,Female,Retail,59,6,19013.44,9.02,3.9,1,0,Net Banking,114080.64,10290.07,103790.57,84469.82,19320.75
CUST00411,2025-06-07 0:00:00,Chennai,Sports,Regular,Female,Corporate,60,7,13856.36,29.2,3,1,0,Credit Card,96994.52,28322.4,68672.12,37591.83,31080.29
CUST00379,2025-07-04 0:00:00,Delhi,Sports,Regular,Female,Retail,39,12,2935.12,27.81,2.5,1,0,Cash,35221.44,9795.08,25426.36,20067.78,5358.58
CUST00216,2025-09-03 0:00:00,Bengaluru,Electronics,Budget,Male,Online,58,13,22570.36,25.3,2.5,0,0,Net Banking,293414.68,74233.91,219180.77,151570.73,67610.04
CUST01935,2025-11-12 0:00:00,Bengaluru,Sports,Budget,Male,Corporate,66,10,29445.9,0.37,1.5,0,0,Debit Card,294459,1089.5,293369.5,224984.89,68384.61
CUST00334,2025-02-22 0:00:00,Mumbai,Sports,Budget,Male,Retail,51,2,19574.82,10.81,1.7,1,Not Returned,Cash,39149.64,4232.08,34917.56,18262.48,16655.08
CUST01755,2025-06-08 0:00:00,Mumbai,Electronics,Budget,Female,Retail,53,11,23091.93,34.09,1.8,1,0,Cash,254011.23,86592.43,167418.8,96978.66,70440.14
CUST01178,2025-07-04 0:00:00,Chennai,Sports,Regular,Female,Corporate,52,7,19839.67,20.37,3.3,1,0,Credit Card,138877.69,28289.39,110588.3,89091.08,21497.22
CUST01724,2025-09-27 0:00:00,Bengaluru,Sports,Budget,Female,Corporate,45,2,6736.74,16.57,1,1,0,UPI,13473.48,2232.56,11240.92,6565.69,4675.23
CUST01992,2025-12-24 0:00:00,Hyderabad,Beauty,Budget,Male,Corporate,47,11,18259.44,11.17,1,0,0,Net Banking,200853.84,22435.37,178418.47,130645.43,47773.04
CUST00727,2025-01-12 0:00:00,Pune,Beauty,Regular,Female,Online,55,2,19992.24,23.67,1.2,0,0,Debit Card,39984.48,9464.33,30520.15,24219.43,6300.72
CUST01078,2025-01-18 0:00:00,Pune,Electronics,Regular,Female,Retail,22,4,1510.93,28.21,4.9,1,0,Cash,6043.72,1704.93,4338.79,2771.54,1567.25
CUST00916,2025-02-27 0:00:00,Pune,Clothing,Regular,Male,Corporate,60,14,21449.85,14.02,,0,0,Net Banking,300297.9,42101.77,258196.13,129710.47,128485.66
CUST01117,2025-05-18 0:00:00,Hyderabad,Sports,Regular,Male,Retail,69,10,1220.73,33.7,3.4,0,0,Debit Card,12207.3,4113.86,8093.44,4911.05,3182.39
CUST00851,2025-08-20 0:00:00,Delhi,Clothing,Regular,Female,Retail,68,100,8867.27,16.86,4.1,1,0,Credit Card,53203.62,8970.13,44233.49,32482.57,11750.92
CUST01815,2025-07-26 0:00:00,Chennai,Beauty,Premium,Male,Retail,56,3,5708.36,14.55,4.4,1,0,UPI,17125.08,2491.7,14633.38,10155.28,4478.1
CUST01825,2025-03-11 0:00:00,Delhi,Electronics,Budget,Female,Retail,41,12,8880.73,37.36,3,0,0,UPI,106568.76,39814.09,66754.67,36503.33,30251.34
CUST00687,2025-12-25 0:00:00,Pune,Sports,Regular,Female,Online,30,2,19533.24,33.17,3.9,1,0,Credit Card,39066.48,12958.35,26108.13,18977.64,7130.49
CUST01429,2025-02-28 0:00:00,Bengaluru,Sports,Regular,Male,Retail,39,9,24321.78,23.15,4,1,0,Cash,218896.02,50674.43,168221.59,112985.33,55236.26
CUST00599,2025-11-04 0:00:00,Hyderabad,Home & Kitchen,Budget,Female,Corporate,30,9,6830.73,10.98,3.6,0,0,Debit Card,61476.57,6750.13,54726.44,30080.28,24646.16
CUST01284,2025-12-23 0:00:00,Mumbai,Beauty,Regular,Male,Retail,23,2,5683.21,39.62,4.4,1,1,Debit Card,11366.42,4503.38,6863.04,3498.61,3364.43
CUST01003,2025-05-28 0:00:00,Delhi,Clothing,Regular,Female,Online,53,13,23077.52,13.77,1.5,0,0,Net Banking,300007.76,41311.07,258696.69,187819.83,70876.86
CUST00856,2025-07-25 0:00:00,Bengaluru,Beauty,Regular,Other,Retail,49,11,23087.82,31.92,3.6,1,0,UPI,253966.02,81065.95,172900.07,126096.51,46803.56
CUST00243,2025-01-15 0:00:00,Chennai,Clothing,Premium,Male,Retail,25,8,20206.54,15.4,3.3,1,0,Net Banking,161652.32,24894.46,136757.86,91027.02,45730.84
CUST01583,2025-11-27 0:00:00,Bengaluru,Sports,Regular,Male,Retail,45,7,24211.69,27.55,4,1,0,Debit Card,169481.83,46692.24,122789.59,92930.74,29858.85
CUST00138,2025-08-11 0:00:00,Bengaluru,Sports,Regular,Male,Corporate,,4,28421.92,19.32,1.3,1,0,Credit Card,113687.68,21964.46,91723.22,56355.14,35368.08
CUST00596,2025-06-07 0:00:00,Mumbai,Sports,Regular,Female,Retail,64,4,10395.18,25.67,3.1,1,0,Credit Card,41580.72,10673.77,30906.95,18375.94,12531.01
CUST01319,2025-11-18 0:00:00,,Clothing,Regular,Female,Online,30,12,18487.21,33.25,4.7,1,0,Credit Card,221846.52,73763.97,148082.55,93895.75,54186.8
CUST00386,2025-01-09 0:00:00,Bengaluru,,Budget,Female,Online,56,7,17765.33,29.89,4.9,1,0,Debit Card,124357.31,37170.4,87186.91,65270.98,21915.93
CUST00277,2025-12-10 0:00:00,Pune,,Prem,Male,Online,56,12,16278.78,5.47,2.4,1,0,Net Banking,195345.36,10685.39,184659.97,114870.84,69789.13
CUST01998,2025-08-15 0:00:00,Mumbai,Sports,Regular,Male,Online,120,12,14713.78,39.96,4.9,1,0,Net Banking,176565.36,70555.52,106009.84,70652.27,35357.57
CUST00547,2025-05-03 0:00:00,Pune,Home & Kitchen,Regular,Female,Online,45Y,10,23482.06,35.31,2,0,0,Debit Card,234820.6,82915.15,151905.45,77110.96,74794.49
CUST01898,2025-08-30 0:00:00,Bengaluru,Sports,Regular,Male,Online,22,14,15166.84,24.49,3.6,1,0,Credit Card,212335.76,52001.03,160334.73,106071.97,54262.76
CUST00403,2025-03-18 0:00:00,Delhi,Beauty,Regular,Female,Retail,55,14,8575.05,5.55,3.9,1,0,Cash,120050.7,6662.81,113387.89,74488.35,38899.54
CUST01552,2025-08-02 0:00:00,Pune,Home & Kitchen,Budget,Male,Retail,51,13,2708.77,27.99,1.6,0,0,Net Banking,35214.01,9856.4,25357.61,20844.08,4513.53
CUST01239,2025-10-09 0:00:00,Chennai,Sports,Budget,Male,Corporate,48,4,8312.63,29.3,4.8,1,0,Debit Card,33250.52,9742.4,23508.12,13074.72,10433.4
CUST01576,2025-10-13 0:00:00,Chennai,Sports,Regular,Female,Retail,43,11,100000,9.36,4.3,1,0,Credit Card,152626.54,14285.84,138340.7,87115.83,51224.87
CUST01202,2025-03-24 0:00:00,Hyderabad,Home & Kitchen,Premium,Male,Retail,53,14,7194.41,0.14,2.4,1,0,Cash,100721.74,141.01,100580.73,83203.77,17376.96
CUST00666,2025-11-30 0:00:00,Hyderabad,Sports,Regular,Female,Retail,58,10,19430.95,2.02,4.8,1,0,Cash,194309.5,3925.05,190384.45,131322.29,59062.16
CUST00577,2025-07-03 0:00:00,Bengaluru,Sports,Budget,Male,Retail,63,4,25281.2,16.84,3.2,1,0,UPI,101124.8,17029.42,84095.38,69227.95,14867.43
CUST01368,2025-08-02 0:00:00,Pune,Beauty,Regular,Male,Corporate,31,14,14537.78,28.71,1.5,Active,0,Net Banking,203528.92,58433.15,145095.77,74929.7,70166.07
CUST01324,2025-11-04 0:00:00,Delhi,Beauty,Regular,Female,Online,62,5,6278.17,2.04,1.1,1,0,Net Banking,31390.85,640.37,30750.48,15833.32,14917.16
CUST00571,2025-10-11 0:00:00,Mumbai,Beauty,Premium,Female,Retail,35,14,24110.83,32.68,3,1,0,Credit Card,337551.62,110311.87,227239.75,192113.2,35126.55
CUST01058,2025-01-08 0:00:00,Mumbai,Clothing,Budget,Female,Retail,41,4,25393.78,1.67,3.2,0,0,Cash,101575.12,1696.3,99878.82,65688.85,34189.97
CUST00966,2025-09-25 0:00:00,Delhi,Clothing,Premium,Male,Online,43,8,20214.43,26.55,4.8,1,0,UPI,161715.44,42935.45,118779.99,91490.15,27289.84
CUST00952,2025-07-10 0:00:00,Chennai,Home & Kitchen,Regular,Female,Corporate,68,9,5295.66,34.73,3.8,0,0,Net Banking,47660.94,16552.64,31108.3,20512.78,10595.52
CUST01426,2025-05-20 0:00:00,Mumbai,Clothing,Regular,Male,Corporate,37,8,18935.1,0.87,4.4,1,0,Debit Card,151480.8,1317.88,150162.92,117380.84,32782.08
CUST01165,2025-05-26 0:00:00,Chennai,Clothing,Regular,Male,Corporate,29,9,26504.38,13.74,4.4,1,0,Cash,238539.42,32775.32,205764.1,130812.85,74951.25
CUST00175,2025-10-09 0:00:00,Delhi,Clothing,Regular,Male,Corporate,58,13,1478.89,16.92,1.8,1,1,Debit Card,19225.57,3252.97,15972.6,13101.49,2871.11
CUST01345,2025-04-07 0:00:00,Mumbai,Clothing,Regular,Male,Online,43,12,29665.51,1.71,1.5,1,0,Credit Card,355986.12,6087.36,349898.76,176234.68,173664.08
CUST01116,2025-04-02 0:00:00,Mumbai,Clothing,Regular,Male,Retail,49,13,17911.76,25.22,3.2,0,0,Net Banking,232852.88,58725.5,174127.38,105916.72,68210.66
CUST00773,2025-01-01 0:00:00,Bengaluru,Beauty,Premium,Male,Online,18,9,10476.55,36.18,3.3,1,0,Cash,94288.95,34113.74,60175.21,31770.89,28404.32
CUST00190,2025-07-14 0:00:00,Pune,Home & Kitchen,Regular,Female,Online,31,12,15360.01,0.86,3.1,1,0,Debit Card,184320.12,1585.15,182734.97,137277.09,45457.88
CUST00635,2025-01-10 0:00:00,Chennai,Beauty,Budget,Male,Corporate,52,6,11101.98,22.65,1.4,N,0,Debit Card,66611.88,15087.59,51524.29,40019.66,11504.63
CUST01322,2025-10-31 0:00:00,Hyderabad,Electronics,Budget,Female,Online,21,4,21668.51,6.57,1.4,1,0,Cash,86674.04,5694.48,80979.56,53070.04,27909.52
CUST00099,2025-10-22 0:00:00,Chennai,Sports,Premium,Female,Corporate,49,9,14535.3,36.71,1.1,1,0,Net Banking,130817.7,48023.18,82794.52,60773.47,22021.05
CUST00214,2025-01-11 0:00:00,Mumbai,Electronics,Regular,Female,ON-LINE,24,8,,30.53,4.3,0,0,Net Banking,229627.92,70105.4,159522.52,111012.15,48510.37
CUST01508,2025-07-08 0:00:00,Delhi,Beauty,Regular,Male,Corporate,57,2,15587.97,12.61,2.9,1,0,UPI,31175.94,3931.29,27244.65,18677.77,8566.88
CUST00451,2025-01-25 0:00:00,Chennai,Home & Kitchen,Regular,Other,Corporate,22,2,2547.89,27.06,2.2,1,0,UPI,5095.78,1378.92,3716.86,2256.56,1460.3
CUST01933,2025-02-09 0:00:00,Pune,Electronics,Regular,Male,Retail,66,3,18529.99,29.07,4.9,1,0,Debit Card,55589.97,16160,39429.97,26408.64,13021.33
CUST01582,2025-11-02 0:00:00,,Clothing,Regular,Female,Retail,25,1,1251.7,0.5,3.1,1,0,UPI,1251.7,6.26,1245.44,971.32,274.12
CUST00256,2025-08-28 0:00:00,Bengaluru,Sports,Budget,Male,Retail,52,8,959.33,33.25,2.8,1,0,Credit Card,7674.64,2551.82,5122.82,3937.72,1185.1
CUST00095,2025-01-15 0:00:00,Mumbai,,Budget,Female,Retail,,11,4200.11,30.18,4.3,0,0,UPI,46201.21,13943.53,32257.68,24572.7,7684.98
CUST01940,2025-01-24 0:00:00,Mumbai,Sports,Premium,Other,Retail,59,12,4965.72,18.46,1.4,1,0,UPI,59588.64,11000.06,48588.58,28095.74,20492.84
CUST01321,2025-03-26 0:00:00,Bengaluru,Clothing,Budget,Female,Online,46,8,22480.6,23.74,4.2,1,0,Net Banking,179844.8,42695.16,137149.64,114724.24,22425.4
CUST01854,2025-04-28 0:00:00,Mumbai,Clothing,Budget,Male,Corporate,44,200,14353.15,2.14,1.2,1,0,Debit Card,114825.2,2457.26,112367.94,62882.5,49485.44
CUST00974,2025-01-07 0:00:00,Bengaluru,Electronics,Regular,Male,Online,45,13,9956.71,0.24,1.8,0,0,Debit Card,129437.23,310.65,129126.58,90442.72,38683.86
CUST00976,2025-01-28 0:00:00,Mumbai,Beauty,Regular,Female,Online,19,12,100000,36.04,4.6,1,0,Debit Card,5106,1840.2,3265.8,2159.2,1106.6
CUST01409,2025-12-31 0:00:00,Delhi,Clothing,Regular,Other,Retail,62,3,23006.53,17.18,2.7,1,0,Cash,69019.59,11857.57,57162.02,41706,15456.02
CUST00701,2025-04-18 0:00:00,Delhi,Clothing,Regular,Male,Retail,44,11,₹15000,38.89,1.4,1,1,Cash,186961.17,72709.2,114251.97,92535.2,21716.77
CUST00404,2025-10-26 0:00:00,Mumbai,Electronics,Budget,Female,Corporate,49,1,11064.46,32.17,1.5,1,0,Debit Card,11064.46,3559.44,7505.02,5079.3,2425.72
CUST01572,2025-11-16 0:00:00,Bengaluru,Sports,Regular,Male,Online,61,9,15805.04,23.93,4.6,1,0,Cash,142245.36,34039.31,108206.05,84325.83,23880.22
CUST00543,2025-04-04 0:00:00,Bengaluru,Beauty,Regular,Male,Corporate,28,13,22161.34,21.49,2,1,0,Cash,288097.42,61912.14,226185.28,168221.48,57963.8
CUST01366,2025-05-06 0:00:00,Mumbai,Clothing,Premium,Male,Corporate,57,5,3672.99,20.77,1.3,1,0,Cash,18364.95,3814.4,14550.55,9098.25,5452.3
CUST01073,2025-02-10 0:00:00,Pune,Beauty,Budget,Male,Online,46,8,28725.89,22.76,2.2,1,1,Debit Card,229807.12,52304.1,177503.02,134299.42,43203.6
CUST00197,2025-11-19 0:00:00,Mumbai,Sports,Regular,Female,Online,37,9,25761.32,6.71,4.9,1,0,Cash,231851.88,15557.26,216294.62,145597.09,70697.53
CUST00869,2025-11-14 0:00:00,Hyderabad,Electronics,Regular,Male,Online,63,12,6169.9,27.15,2.8,1,0,Cash,74038.8,20101.53,53937.27,42460.82,11476.45
CUST01710,2025-10-05 0:00:00,Pune,Beauty,Regular,Male,Corporate,66,5,,32.49,2.1,1,0,Cash,10994.5,3572.11,7422.39,5175.98,2246.41
CUST00628,2025-06-15 0:00:00,Bengaluru,Home & Kitchen,Regular,Male,Retail,22,12,13211,32.98,3.1,1,0,Debit Card,158532,52283.85,106248.15,87508.16,18739.99
CUST01099,2025-03-25 0:00:00,Hyderabad,Electronics,Premium,Male,Corporate,19,50,4755.89,0.24,2.6,0,0,Cash,19023.56,45.66,18977.9,12066.65,6911.25
CUST00430,2025-08-27 0:00:00,Delhi,Clothing,Premium,Female,Online,22,4,23743.25,30.92,1.1,0,0,Cash,94973,29365.65,65607.35,46964.28,18643.07
CUST01620,2025-06-08 0:00:00,Bengaluru,Sports,Regular,Female,Online,28,13,1018.17,18.97,3.7,1,0,Net Banking,13236.21,2510.91,10725.3,8567.08,2158.22
CUST01766,2025-09-18 0:00:00,Hyderabad,Electronics,Regular,Male,Retail,66,9,4477.06,1.97,1.2,1,0,Debit Card,40293.54,793.78,39499.76,31226.17,8273.59
CUST00837,2025-02-19 0:00:00,Chennai,Beauty,Regular,Male,Retail,23,3,14576.75,4.81,2.3,1,0,UPI,43730.25,2103.43,41626.82,22683.68,18943.14
CUST01977,2025-09-25 0:00:00,Mumbai,home & kitchen,Premium,Female,Online,19,2,7903.96,6.56,1.2,1,1,Debit Card,15807.92,1037,14770.92,10632.17,4138.75
CUST01109,N/A,Bengaluru,Home & Kitchen,Premium,Male,Retail,38,4,10446.35,13.79,3.5,1,0,Debit Card,41785.4,5762.21,36023.19,26267.58,9755.61
CUST00452,2025-02-08 0:00:00,Mumbai,Sports,Premium,Female,Online,33,10,13191.19,26.29,1.5,1,0,UPI,131911.9,34679.64,97232.26,64566.86,32665.4
CUST00964,2025-03-29 0:00:00,Mumbai,Sports,Regular,Female,Retail,67,14,18087.67,20.93,4.5,1,1,Debit Card,253227.38,53000.49,200226.89,106076.11,94150.78
CUST00303,2025-06-15 0:00:00,Mumbai,Clothing,Premium,Male,Retail,63,9,15813.4,9.44,1.4,1,0,UPI,142320.6,13435.06,128885.54,107170.89,21714.65
CUST00583,2025-10-04 0:00:00,Pune,Clothing,Budget,Female,Online,37,3,27061.63,8.94,3.3,0,0,Net Banking,81184.89,7257.93,73926.96,49485.19,24441.77
CUST01759,2025-06-08 0:00:00,Mumbai,Clothing,Regular,Female,Retail,52,8,3415.87,14.84,2.2,1,0,Credit Card,27326.96,4055.32,,13787.83,9483.81
CUST00041,2025-08-02 0:00:00,Bengaluru,Sports,Regular,Female,Retail,67,4,2278.98,7.81,3.7,1,0,Cash,9115.92,711.95,8403.97,4982.58,3421.39
CUST00186,2025-04-23 0:00:00,Chennai,Beauty,Premium,Female,Online,67,7,4152.95,19.38,1.3,1,0,Debit Card,29070.65,5633.89,23436.76,13427.49,10009.27
CUST01691,2025-03-31 0:00:00,Mumbai,Clothing,Premium,Male,Corporate,52,8,24147.53,27.17,2.3,0,0,Cash,193180.24,52487.07,140693.17,91477.73,49215.44
CUST01800,2025-03-03 0:00:00,Mumbai,Clothing,Regular,Female,Corporate,53,8,"$20,000",0.78,2.7,1,0,Net Banking,5918.32,46.16,5872.16,4615.31,1256.85
CUST01315,2025-12-31 0:00:00,Delhi,Clothing,Premium,Female,Online,63,5,22707.5,14.93,4.3,0,0,Credit Card,113537.5,16951.15,96586.35,71363.93,25222.42
CUST00107,2025-05-14 0:00:00,Delhi,Electronics,Regular,Female,Online,66,8,12921.62,8.51,4.6,1,0,Cash,103372.96,8797.04,94575.92,75485.37,19090.55
CUST01341,2025-06-22 0:00:00,Delhi,Home & Kitchen,Regular,Female,Retail,35,9,28166.85,10.34,3.6,1,0,Net Banking,253501.65,26212.07,227289.58,118561.18,108728.4
CUST01134,2025-03-09 0:00:00,Bengaluru,Beauty,Premium,Male,Corporate,32,10,12151.2,10.78,2.5,1,0,Cash,121512,13098.99,108413.01,59311.85,49101.16
CUST00082,2025-01-04 0:00:00,Mumbai,Clothing,Budget,Male,Online,65,11,16552.61,27.55,3.2,1,0,Net Banking,182078.71,50162.68,131916.03,93045.12,38870.91
CUST01681,2025-04-06 0:00:00,Bengaluru,Home & Kitchen,Regular,Male,Online,61,11,13596.9,33.71,2.4,1,0,Net Banking,149565.9,50418.66,99147.24,52247.01,46900.23
CUST00116,2025-09-14 0:00:00,Bengaluru,Beauty,Regular,Male,Corporate,38,3,24087.15,12.92,2.4,1,0,Net Banking,72261.45,9336.18,62925.27,45328.31,17596.96
CUST01751,2025-10-26 0:00:00,Bengaluru,Electronics,Premium,Male,Online,58,6,10401.06,24.75,4.7,1,1,Net Banking,62406.36,15445.57,46960.79,23731.79,23229
CUST00616,2025-08-22 0:00:00,Delhi,Electronics,Budget,Male,Online,64,12,15316.59,39.86,4.5,1,0,Net Banking,183799.08,73262.31,110536.77,90311.58,20225.19
CUST00836,2025-10-01 0:00:00,Mumbai,Sports,Regular,Male,Online,27,2,21297.08,24.82,4,1,0,Credit Card,42594.16,10571.87,32022.29,17007.03,15015.26
CUST00930,2025-12-02 0:00:00,Mumbai,Home & Kitchen,Regular,Female,Retail,41,14,2898.76,26.31,4.2,1,0,Credit Card,40582.64,10677.29,29905.35,19721.87,10183.48
CUST00624,2025-08-20 0:00:00,Mumbai,Beauty,Premium,Female,Online,20,6,10635.83,38.14,4.8,0,0,Credit Card,63814.98,24339.03,39475.95,24724.13,14751.82
CUST00028,2025-12-07 0:00:00,Pune,Home & Kitchen,Regular,Female,Online,23,10,22233.11,4.15,1.3,1,0,Credit Card,222331.1,9226.74,213104.36,149219.55,63884.81
CUST00164,2025-02-15 0:00:00,Hyderabad,Clothing,Regular,Female,Corporate,21,5,14828.02,2.72,1.4,0,0,UPI,74140.1,2016.61,72123.49,37122.72,35000.77
CUST01153,2025-11-25 0:00:00,Delhi,Sports,Regular,Female,Corporate,26,7,29214.79,15.1,4,0,0,Cash,204503.53,30880.03,173623.5,107379.25,66244.25
CUST00348,15/01/2025,Delhi,Sports,Premium,Female,Online,67,13,25390.9,10.81,4.2,1,0,Net Banking,330081.7,35681.83,294399.87,182242.37,112157.5
CUST01646,2025-05-25 0:00:00,Bengaluru,Clothing,Budget,Female,Online,50,10,25492.19,39.25,3,1,0,UPI,254921.9,100056.85,154865.05,125605.3,29259.75
CUST00581,2025-11-22 0:00:00,Hyderabad,Electronics,Regular,Male,Corporate,31,1,15591.35,37.64,1.8,1,0,Net Banking,15591.35,5868.58,9722.77,5801.48,3921.29
CUST01794,2025-05-03 0:00:00,Hyderabad,Sports,Regular,Female,Retail,37,5,4294.99,21.69,2,1,0,UPI,21474.95,4657.92,16817.03,10936.9,5880.13
CUST00101,2025-12-22 0:00:00,,Electronics,Regular,Female,Online,59,1,5045.41,35.45,3.6,1,0,UPI,5045.41,1788.6,3256.81,2721.03,535.78
CUST00632,2025-10-11 0:00:00,Delhi,Home & Kitchen,Budget,Female,Online,42,1,23617.73,7.87,2.6,1,0,Credit Card,23617.73,1858.72,21759.01,13166.03,8592.98
CUST00645,2025-06-23 0:00:00,Bengaluru,Sports,Budget,Female,Online,53,2,25957.26,,2,1,0,Debit Card,51914.52,15974.1,35940.42,26758.71,9181.71
CUST00163,2025-10-30 0:00:00,Pune,Beauty,Regular,female,Retail,37,11,5079.12,17.98,2.3,1,0,,55870.32,10045.48,45824.84,27898.73,17926.11
CUST01874,2025-02-05 0:00:00,Hyderabad,Beauty,Premium,Male,Retail,,3,5072.86,15.96,1.4,1,0,UPI,71020.04,11334.8,59685.24,38077.11,21608.13
CUST00322,2025-08-13 0:00:00,Bengaluru,Electronics,Regular,Male,Retail,35,13,8904.73,37.98,2.9,0,0,Net Banking,115761.49,43966.21,71795.28,58959.56,12835.72
CUST01084,2025-03-02 0:00:00,Hyderabad,Beauty,Regular,Male,Retail,47,14,3911.1,18.32,1,0,0,Debit Card,54755.4,10031.19,44724.21,32641.46,12082.75
CUST00970,2025-10-12 0:00:00,Hyderabad,Electronics,Regular,Female,Online,51,12,853.35,12.96,1.7,0,1,Credit Card,10240.2,1327.13,8913.07,6837.8,2075.27
CUST01339,2025-10-03 0:00:00,Chennai,Home & Kitchen,Premium,Male,Corporate,27,13,14939.26,5.71,2.1,0,0,Credit Card,194210.38,11089.41,183120.97,107910.76,75210.21
CUST01801,2025-10-24 0:00:00,Mumbai,Sports,Premium,Male,Retail,53,4,19041.97,15.49,4.5,0,0,Credit Card,76167.88,11798.4,,42285.42,22084.06
CUST01525,2025-01-16 0:00:00,Chennai,Home & Kitchen,Budget,Female,Corporate,67,10,29869.62,7.96,3.2,1,0,Cash,298696.2,23776.22,274919.98,153197.26,121722.72
CUST00343,2025-10-16 0:00:00,Mumbai,Electronics,Regular,Female,Online,51,14,6439.35,27.69,2.7,1,1,Net Banking,90150.9,24962.78,65188.12,33691.82,31496.3
CUST01712,2025-06-06 0:00:00,Chennai,Clothing,Budget,Female,Corporate,41,4,15491.21,33.41,3.8,0,0,Cash,61964.84,20702.45,41262.39,22516.01,18746.38
CUST00590,2025-01-24 0:00:00,Chennai,Electronics,Regular,Female,Online,51,7,5760.79,7.6,2.3,0,0,Cash,40325.53,3064.74,37260.79,22667.85,14592.94
CUST00915,2025-02-10 0:00:00,Delhi,Home & Kitchen,Budget,Male,Corporate,61,2,22729,3.8,3.8,1,0,Credit Card,45458,1727.4,43730.6,22432.05,21298.55
CUST00078,2025-08-22 0:00:00,Hyderabad,Home & Kitchen,Regular,Male,Retail,18,13,21994.09,35.32,1.9,1,0,UPI,285923.17,100988.06,184935.11,141155.89,43779.22
CUST00985,2025-01-18 0:00:00,Bengaluru,Sports,Regular,Female,Online,66,12,29233.86,23.78,4.7,1,1,UPI,350806.32,83421.74,267384.58,147055.33,120329.25
CUST00121,2025-09-12 0:00:00,Hyderabad,Clothing,Regular,Male,Corporate,31,11,23819.62,21.13,4.2,1,0,Cash,262015.82,55363.94,206651.88,122051.93,84599.95
CUST01142,2025-09-13 0:00:00,Hyderabad,Sports,Regular,Female,Retail,67,3,26172.03,24.33,3,0,0,Credit Card,78516.09,19102.96,59413.13,44226.9,15186.23
CUST01731,2025-01-11 0:00:00,Bengaluru,Beauty,Budget,Female,Corporate,50,10,19146.06,1.83,1.7,1,0,Cash,191460.6,3503.73,187956.87,134553.12,53403.75
CUST01604,2025-05-26 0:00:00,mumbai,Home & Kitchen,Premium,Female,Corporate,30,9,18547.38,7.5,3,0,0,UPI,166926.42,12519.48,154406.94,130365.98,24040.96
CUST00787,2025-07-05 0:00:00,Mumbai,Clothing,Regular,Male,Corporate,43,11,22955.78,17.21,3,Y,0,Net Banking,252513.58,43457.59,,153728.85,55327.14
CUST01954,2025-12-28 0:00:00,Pune,Home & Kitchen,Regular,Male,Retail,36,3,23648.71,28.43,4.9,0,0,Debit Card,70946.13,20169.98,50776.15,32139.4,18636.75
CUST00456,2025-02-02 0:00:00,Bengaluru,Sports,Regular,Female,Retail,30,3,3241.06,22.3,1,No,0,Debit Card,9723.18,2168.27,7554.91,5903.06,1651.85
CUST01257,2025-06-07 0:00:00,Pune,Electronics,Budget,Male,Retail,23,8,757.98,38.68,4.5,1,0,Credit Card,6063.84,2345.49,3718.35,2536.09,1182.26
CUST00312,2025-12-28 0:00:00,Pune,Clothing,Premium,Female,Retail,56,7,26915.63,30.24,2.2,1,0,Net Banking,188409.41,56975.01,131434.4,75143.77,56290.63
CUST00696,2025-10-09 0:00:00,Chennai,Electronics,Regular,Female,Retail,60,13,28072.96,19.65,1.9,0,0,Net Banking,364948.48,71712.38,293236.1,219494.71,73741.39
CUST00224,2025-08-14 0:00:00,Hyderabad,Electronics,Regular,Female,Online,57,11,7599.44,17.03,1.9,1,0,UPI,83593.84,14236.03,69357.81,51406.31,17951.5
CUST01541,2025-02-09 0:00:00,Mumbai,Home & Kitchen,Regular,Male,Retail,63,3,26963.89,22.67,1.2,1,0,UPI,80891.67,18338.14,62553.53,39130.92,23422.61
CUST01736,2025-11-16 0:00:00,Delhi,Home & Kitchen,Premium,Female,Online,63,7,13312.7,14.67,3.2,0,0,Cash,93188.9,13670.81,79518.09,55915.43,23602.66
CUST01688,2025-02-05 0:00:00,Chennai,Electronics,Regular,Male,Online,20,6,5350.12,31.78,1.8,1,0,Net Banking,32100.72,10201.61,21899.11,11454.24,10444.87
CUST00972,2025-10-19 0:00:00,Pune,Sports,Regular,Female,Online,43,3,15815.97,0.36,2.5,1,0,Credit Card,47447.91,170.81,47277.1,38518.04,8759.06
CUST00752,2025-11-19 0:00:00,Pune,Electronics,Budget,Male,Online,48,3,17090.48,,3.1,1,1,Credit Card,51271.44,14714.9,36556.54,29551.51,7005.03
CUST01432,2025-07-13 0:00:00,,Clothing,Regular,Other,Online,40,2,8653.54,10.83,3.6,1,0,Debit Card,17307.08,1874.36,15432.72,9362.32,6070.4
CUST00413,2025-06-29 0:00:00,Bengaluru,Sports,Regular,Male,Retail,25,13,18694.07,20.7,1.5,1,0,UPI,243022.91,50305.74,192717.17,131728.39,60988.78
CUST01443,2025-11-29 0:00:00,Bengaluru,Electronics,Regular,Female,Retail,23,2,21143.09,26.43,1.5,0,0,Credit Card,42286.18,11176.24,31109.94,18278.53,12831.41
CUST01118,2025-06-23 0:00:00,Chennai,Clothing,Regular,Female,Retail,31,3,28787.17,36.51,2.1,1,N,Net Banking,86361.51,31530.59,54830.92,43266.21,11564.71
CUST00398,2025-08-12 0:00:00,Delhi,Home & Kitchen,Regular,Female,Corporate,24,3,21211.51,21.92,4.9,0,0,UPI,63634.53,13948.69,49685.84,31704.33,17981.51
CUST01990,2025-10-25 0:00:00,Pune,Sports,Premium,Female,Corporate,56,5,2516.39,16,2.5,0,1,Cash,12581.95,2013.11,10568.84,7660.57,2908.27
CUST01619,2025-06-04 0:00:00,bangalore,Sports,Regular,Other,Corporate,21,6,19605.3,16,4.4,0,0,Net Banking,117631.8,18821.09,98810.71,82759.22,16051.49
CUST01340,2025-06-24 0:00:00,Chennai,Clothing,Regular,Male,Corporate,59,8,18000.33,32.5,2.1,1,0,UPI,144002.64,46800.86,97201.78,81076.82,16124.96
CUST01502,2025-08-22 0:00:00,Mumbai,Electronics,Premium,Female,Corporate,44,100,349.67,4.21,3.3,1,1,Debit Card,349.67,14.72,334.95,227.38,107.57
CUST01373,2025-03-22 0:00:00,Delhi,Home & Kitchen,Regular,Female,Online,28,7,20276.76,7.03,2.9,0,1,Net Banking,141937.32,9978.19,131959.13,104302.97,27656.16
CUST01603,2025-05-21 0:00:00,Pune,Beauty,Regular,Male,Corporate,55,4,14858.9,10.7,1.5,1,0,Credit Card,59435.6,6359.61,53075.99,35007.29,18068.7
CUST00223,2025-12-22 0:00:00,Pune,Sports,Regular,Female,Online,47,2,25304.12,14.48,4.7,1,0,Credit Card,50608.24,7328.07,43280.17,30977.46,12302.71
CUST01937,2025-03-02 0:00:00,Hyderabad,Sports,premium,Female,Retail,61,1,9923.07,13.79,1.9,1,0,UPI,9923.07,1368.39,8554.68,5533.41,3021.27
CUST00469,2025-01-19 0:00:00,Bengaluru,Beauty,Budget,Female,Corporate,21,14,26040.14,8.3,3.7,1,0,UPI,364561.96,30258.64,334303.32,181680.64,152622.68
CUST00868,2025-12-09 0:00:00,Mumbai,Electronics,Regular,Male,Corporate,22,4,22055.49,31.2,4.9,1,0,Credit Card,88221.96,27525.25,60696.71,44944.92,15751.79
CUST01668,2025-11-09 0:00:00,Pune,Electronics,Regular,Female,Online,48,1,9243.75,38.78,2,1,0,Net Banking,9243.75,3584.73,5659.02,4375.73,1283.29
CUST00735,2025-03-01 0:00:00,Hyderabad,Sports,Regular,Male,Online,66,1,23504.59,18.68,2.8,1,0,Credit Card,23504.59,4390.66,19113.93,12303.22,6810.71
CUST01440,2025-12-25 0:00:00,Chennai,Home & Kitchen,Budget,Female,Corporate,50,2,10822.13,17.47,1.2,1,0,Cash,21644.26,3781.25,17863.01,11169.72,6693.29
CUST01974,2025-06-09 0:00:00,Bengaluru,Beauty,Premium,Male,Online,24,3,23200.11,16.29,2.9,1,0,UPI,69600.33,11337.89,,39265.47,18996.97
CUST01125,2025-08-05 0:00:00,,Home & Kitchen,Regular,Male,Corporate,18,7,28100.75,33.56,2.1,1,0,Net Banking,196705.25,66014.28,130690.97,66335.8,64355.17
CUST01100,2025-10-13 0:00:00,Mumbai,Beauty,Budget,Female,Corporate,,2,23819.3,17.89,3,1,0,Net Banking,47638.6,8522.55,39116.05,31080.29,8035.76
CUST00654,2025-12-02 0:00:00,Delhi,Clothing,Regular,Female,Online,28,14,10492.97,37.83,2,1,0,UPI,146901.58,55572.87,91328.71,50603.51,40725.2
CUST01372,2025-01-28 0:00:00,Bengaluru,Home & Kitchen,Regular,Female,Corporate,41,14,17854.44,26.95,1.6,0,0,Cash,249962.16,67364.8,182597.36,131329.47,51267.89
CUST00290,2025-04-08 0:00:00,Hyderabad,Clothing,Regular,Female,Retail,32,13,13791.28,10.89,3.1,1,0,UPI,179286.64,19524.32,159762.32,118074.09,41688.23
CUST00351,2025-08-08 0:00:00,Hyderabad,Clothing,Regular,Male,Online,27,9,23375.03,27.14,3.4,1,0,,210375.27,57095.85,153279.42,109670.93,43608.49
CUST01379,2025-06-01 0:00:00,Mumbai,Home & Kitchen,Regular,Female,Corporate,50,11,1286.55,7.08,2.1,1,0,UPI,14152.05,1001.97,13150.08,10469.4,2680.68
CUST01744,2025-08-02 0:00:00,Hyderabad,Beauty,Regular,Female,Retail,47,10,1566.82,37.59,4.3,1,0,Credit Card,15668.2,5889.68,9778.52,7634.57,2143.95
CUST01291,2025-02-13 0:00:00,Mumbai,Electronics,Regular,Female,Retail,54,8,16308.32,27.59,1.7,1,0,Cash,130466.56,35995.72,94470.84,56894.39,37576.45
CUST01721,2025-03-21 0:00:00,Pune,Beauty,Regular,Female,Corporate,21,10,13456.17,23.74,3.7,0,0,Debit Card,134561.7,31944.95,102616.75,69290.26,33326.49
CUST00453,2025-07-27 0:00:00,Pune,Sports,Regular,Male,Corporate,36,3,15337.08,14.79,3.8,1,0,Net Banking,46011.24,6805.06,39206.18,29580.62,9625.56
CUST01957,2025-08-07 0:00:00,Mumbai,Home & Kitchen,Regular,Female,Corporate,23,14,28206.33,35.16,2.4,1,0,Cash,394888.62,138842.84,256045.78,182816.4,73229.38
CUST01033,2025-12-27 0:00:00,Mumbai,Sports,Regular,Female,Corporate,28,1,16641.5,10.98,4.6,1,0,UPI,16641.5,1827.24,14814.26,12227.21,2587.05
CUST00988,2025-02-20 0:00:00,Mumbai,Electronics,Regular,Male,Online,33,7,5834.14,1.63,4.8,1,0,Net Banking,40838.98,665.68,40173.3,20916.57,19256.73
CUST00841,2025-10-29 0:00:00,Chennai,Home & Kitchen,Regular,Male,Corporate,35,13,21859.15,10.23,,1,0,UPI,284168.95,29070.48,255098.47,136510.17,118588.3
CUST00503,2025-05-24 0:00:00,Hyderabad,Clothing,Regular,Male,Online,62,3,1186.65,10.26,2.3,1,0,Net Banking,3559.95,365.25,3194.7,1856.62,1338.08
CUST00563,2025-01-07 0:00:00,Delhi,Beauty,Premium,Female,Retail,29,13,14358.57,38.09,1.4,1,0,Credit Card,186661.41,71099.33,115562.08,86794.77,28767.31
CUST01051,2025-10-08 0:00:00,Chennai,Beauty,Regular,Male,Corporate,33,12,15273.51,4.35,3.9,1,0,Debit Card,183282.12,7972.77,175309.35,87826.5,87482.85
CUST00188,2025-03-02 0:00:00,Chennai,Clothing,Regular,Female,Corporate,18,8,24508.19,38.83,3.6,0,0,Cash,196065.52,76132.24,119933.28,61462.89,58470.39
CUST00674,2025-04-05 0:00:00,Delhi,Home & Kitchen,Regular,Male,Corporate,53,13,25366.06,24.38,3.5,0,0,Net Banking,329758.78,80395.19,249363.59,171042.45,78321.14
CUST01330,2025-04-16 0:00:00,Chennai,Clothing,Regular,Female,Online,46,1,9051.92,8.1,2.7,0,0,Cash,9051.92,733.21,8318.71,6122.09,2196.62
CUST00040,2025-12-20 0:00:00,Pune,Beauty,Budget,Male,Online,27,10,1075.67,31.88,2.1,1,0,Net Banking,10756.7,3429.24,7327.46,5140.44,2187.02
CUST00913,2025-10-20 0:00:00,Pune,Home & Kitchen,Premium,Female,Online,65,5 units,17895.28,16.7,1.2,1,0,Net Banking,17895.28,2988.51,14906.77,12262.88,2643.89
CUST01584,2025-12-25 0:00:00,Hyderabad,Sports,Regular,Female,Online,25,14,584.87,16.25,3.1,1,0,,8188.18,1330.58,6857.6,5728.64,1128.96
CUST01297,2025-04-08 0:00:00,Hyderabad,Clothing,Regular,Male,Online,31,6,3324.14,27.18,3.1,1,0,Debit Card,19944.84,5421.01,14523.83,9662.61,4861.22
CUST01599,2025-10-24 0:00:00,Mumbai,Home & Kitchen,Regular,Female,Corporate,59,7,8739.49,10.41,4.6,0,0,Credit Card,61176.43,6368.47,54807.96,38372.9,16435.06
CUST01328,2025-10-10 0:00:00,Delhi,Home & Kitchen,Budget,Male,Online,24,11,17539.72,13.53,3.9,1,0,UPI,192936.92,26104.37,166832.55,86368.44,80464.11
CUST00362,2025-07-09 0:00:00,Mumbai,Electronics,Premium,Female,Corporate,68,1,26587.83,8.15,3.8,1,1,Net Banking,26587.83,2166.91,24420.92,13453.62,10967.3
CUST00586,2025-01-23 0:00:00,Chennai,Clothing,Budget,Female,Online,50,6,17972.13,21.38,4.6,1,0,Net Banking,107832.78,23054.65,84778.13,48580.68,36197.45
CUST01842,2025-07-18 0:00:00,Mumbai,Sports,Regular,Male,Corporate,67,12,26792.17,0.2,2.1,0,0,Debit Card,321506.04,643.01,320863.03,268517.08,52345.95
CUST00546,2025-10-24 0:00:00,Pune,Sports,Regular,Female,Retail,52,14,28930.36,8.76,2.4,1,0,Credit Card,405025.04,35480.19,369544.85,287723.31,81821.54
CUST00309,2025-03-04 0:00:00,Delhi,Home & Kitchen,Budget,Male,Corporate,59,3,3547.99,39.83,4,1,0,Debit Card,10643.97,4239.49,6404.48,4413.96,1990.52
CUST00738,2025-12-24 0:00:00,Chennai,Electronics,Premium,Male,Online,30,13,20092.22,22.6,4.6,1,0,Credit Card,261198.86,59030.94,202167.92,131397.38,70770.54
CUST01267,2025-05-19 0:00:00,Pune,Electronics,premium,Male,Online,25 years,9,7218.27,38.98,1.8,1,0,Credit Card,64964.43,25323.13,39641.3,27274.43,12366.87
CUST01629,2025-01-11 0:00:00,Bengaluru,Clothing,Premium,Male,Corporate,60,13,25957.72,39.85,3.9,1,0,Net Banking,337450.36,134473.97,202976.39,153003.06,49973.33
CUST00883,2025-10-02 0:00:00,Chennai,Electronics,Budget,Female,Retail,,8,25575.59,7.36,4.7,1,0,UPI,204604.72,15058.91,189545.81,111994.41,77551.4
CUST01892,2025-10-26 0:00:00,Hyderabad,Home & Kitchen,Budget,Male,Online,53,6,14637.02,38.45,2.7,0,0,Cash,87822.12,33767.61,54054.51,43691.06,10363.45
CUST00436,2025-05-07 0:00:00,Mumbai,Home & Kitchen,Regular,Female,Corporate,20,9,17348.52,none,1,1,0,Cash,156136.68,3075.89,153060.79,100732.54,52328.25
CUST00941,2025-05-06 0:00:00,Chennai,Sports,Regular,Female,Online,18,10 pcs,11463.77,29.04,3.7,1,0,,137565.24,39948.95,97616.29,50273.42,47342.87
CUST00746,2025-06-05 0:00:00,Pune,Clothing,Budget,Female,Online,31,13,26876.38,12.54,1.5,1,1,,349392.94,43813.87,305579.07,184560.57,121018.5
CUST01121,2025-08-18 0:00:00,Hyderabad,Electronics,Budget,Female,Online,30,10,21044.06,30,3.6,1,0,Credit Card,210440.6,63132.18,147308.42,111756.23,35552.19
CUST01498,2025-04-22 0:00:00,Bengaluru,Home & Kitchen,Regular,Male,Corporate,52,1,26979.37,5.33,2.2,1,0,Debit Card,26979.37,1438,25541.37,16227.75,9313.62
CUST01965,2025-06-06 0:00:00,Delhi,Clothing,Regular,Male,Online,48,4,20150.64,22.36,2.4,1,0,Net Banking,80602.56,18022.73,62579.83,45179.79,17400.04
CUST01936,2025-11-11 0:00:00,Bengaluru,Sports,Regular,Female,Corporate,49,7,20907.05,32.01,4.4,1,0,Debit Card,146349.35,46846.43,99502.92,56204.56,43298.36
CUST00323,2025-02-21 0:00:00,Mumbai,Clothing,Regular,Female,Corporate,,8,21630.62,3.78,4.8,1,0,Credit Card,173044.96,6541.1,166503.86,135861.38,30642.48
CUST00861,2025-08-30 0:00:00,Mumbai,Home & Kitchen,Premium,Male,Online,37,12,7408.9,31.61,1.4,1,1,Debit Card,88906.8,28103.44,60803.36,33675.58,27127.78
CUST01173,2025-11-21 0:00:00,Bengaluru,Clothing,Regular,Female,Retail,66,10,5135.83,22.92,3.8,1,0,Credit Card,51358.3,11771.32,39586.98,22894.67,16692.31
CUST00979,2025-01-05 0:00:00,Mumbai,Clothing,Regular,Female,Retail,47,14,27247.79,5.57,3.6,1,0,Debit Card,381469.06,21247.83,360221.23,284924.63,75296.6
CUST01148,2025-09-04 0:00:00,Hyderabad,Sports,Prem,Female,Retail,49,13,28516.09,7.47,2.8,1,0,Debit Card,370709.17,27691.97,343017.2,276598.18,66419.02
CUST00758,2025-09-30 0:00:00,Hyderabad,Beauty,Regular,Male,Online,49,10,10352.61,10.31,2.6,0,0,Net Banking,103526.1,10673.54,92852.56,74661.02,18191.54
CUST00935,2025-08-24 0:00:00,Bengaluru,Beauty,Regular,Other,offline,53,9,4629.06,5 %,3,1,0,Debit Card,41661.54,8594.78,33066.76,26520.36,6546.4
CUST00297,2025-04-01 0:00:00,Mumbai,Beauty,Premium,Female,Retail,29,11,27566.94,37.11,4.4,0,0,UPI,303236.34,112531.01,190705.33,122375.91,68329.42
CUST00442,2025-09-17 0:00:00,Delhi,Home & Kitchen,Premium,Female,Online,30,12,18292.79,38.11,3.8,1,0,Credit Card,219513.48,83656.59,135856.89,96956.99,38899.9
CUST00714,2025-08-31 0:00:00,Delhi,Beauty,Regular,Male,Corporate,37,9,4272.52,17.32,1.7,1,0,Credit Card,38452.68,6660,31792.68,24761.69,7030.99
CUST01676,2025-07-16 0:00:00,Bengaluru,Sports,Premium,Male,Online,27,4,5716.01,28.36,2.7,1,0,Net Banking,22864.04,6484.24,16379.8,9529.49,6850.31
CUST00206,2025-10-21 0:00:00,,Beauty,Budget,Female,Retail,45,6,581.24,24.71,4.9,0,0,UPI,3487.44,861.75,2625.69,1918.65,707.04
CUST01716,2025-04-30 0:00:00,Mumbai,,Regular,Male,Online,29,10,16391.12,12.42,4.6,1,0,Cash,163911.2,20357.77,143553.43,91484.83,52068.6
CUST01901,2025-06-29 0:00:00,Bengaluru,Clothing,Budget,Female,Retail,56,2,14957.1,38.13,3.3,0,0,Debit Card,29914.2,11406.28,18507.92,9443.69,9064.23
CUST01365,2025-12-14 0:00:00,Chennai,Home & Kitchen,Regular,Female,Corporate,21,1,11802.85,7.36,1.8,1,0,Cash,11802.85,868.69,10934.16,7937.51,2996.65
CUST00052,2025-10-06 0:00:00,Pune,Sports,Regular,Female,Retail,66,2,17698.59,5.6,4.6,0,0,Cash,35397.18,1982.24,33414.94,18618.79,14796.15
CUST00340,2025-12-14 0:00:00,Hyderabad,Electronics,Budget,Male,Online,38,12,20068.47,20.61,3.4,0,0,Net Banking,240821.64,49633.34,191188.3,146798.3,44390
CUST01547,2025-03-14 0:00:00,Chennai,Electronics,Budget,Male,Online,62,1,5482.41,17.71,2.6,1,1,Credit Card,5482.41,970.93,4511.48,3499.37,1012.11
CUST00743,2025-01-25 0:00:00,Chennai,Sports,Regular,Female,Online,22,8,28835.58,37.16,3.8,0,0,Net Banking,230684.64,85722.41,144962.23,101254.96,43707.27
CUST00770,2025-07-15 0:00:00,Chennai,Electronics,Budget,Female,Corporate,48,13,6580.32,20.08,3.1,1,0,Credit Card,85544.16,17177.27,68366.89,52157.71,16209.18
CUST00180,2025-07-26 0:00:00,Chennai,Electronics,Premium,Male,Corporate,47,10,22542.49,24.05,4.8,1,0,Net Banking,225424.9,54214.69,171210.21,141407.3,29802.91
CUST01234,2025-04-20 0:00:00,Delhi,Beauty,Regular,Female,Online,27,9,12549.59,22.91,3.1,1,0,Credit Card,112946.31,25876,87070.31,53159.39,33910.92
CUST00617,2025-01-20 0:00:00,Bengaluru,Clothing,Regular,Male,Corporate,53,5,27107.37,33.29,4.3,1,0,Cash,135536.85,45120.22,90416.63,49052.57,41364.06
CUST00744,2025-12-31 0:00:00,Pune,Sports,Premium,Male,Retail,63,13,29205.08,32.94,2.8,1,1,UPI,379666.04,125061.99,254604.05,179252.19,75351.86
CUST00115,2025-10-29 0:00:00,Chennai,Electronics,Premium,Male,Retail,24,10,18794.61,8.31,4.2,1,1,UPI,187946.1,15618.32,172327.78,94604.41,77723.37
CUST00730,2025-03-11 0:00:00,Mumbai,Sports,Premium,Male,Online,60,4,23650.5,24.42,3.6,1,0,Net Banking,94602,23101.81,71500.19,55368.9,16131.29
CUST00298,2025-04-03 0:00:00,Bengaluru,Clothing,Regular,Female,Corporate,43,11,2967.35,9.06,1.3,1,0,Net Banking,32640.85,2957.26,29683.59,15884.63,13798.96
CUST00802,2025-01-11 0:00:00,Delhi,Sports,Regular,Male,Online,33,2,29598.76,25.9,1.9,0,0,UPI,59197.52,15332.16,43865.36,31297.02,12568.34
CUST00068,2025-07-06 0:00:00,DELHI,Beauty,Regular,Female,Online,20,2,23337.15,13.75,4.1,1,0,Credit Card,46674.3,6417.72,40256.58,28656.41,11600.17
CUST00434,2025-07-27 0:00:00,Delhi,Beauty,Regular,Female,Retail,33,10,29570.2,30.83,4.5,1,0,Credit Card,295702,91164.93,204537.07,119769.8,84767.27
CUST01978,2025-11-09 0:00:00,Delhi,Clothing,Budget,Male,Online,38,3,27766.57,22.84,2.1,1,0,UPI,83299.71,19025.65,64274.06,32747.56,31526.5
CUST01647,2025-09-10 0:00:00,Bengaluru,Clothing,Budget,Female,Corporate,,4,29517.64,18.91,2.6,1,0,Cash,118070.56,22327.14,95743.42,57362.88,38380.54
CUST00414,2025-10-06 0:00:00,Hyderabad,Beauty,Budget,Male,Online,26,14,11325.68,39.82,2.2,0,0,Cash,158559.52,63138.4,95421.12,73209.95,22211.17
CUST00860,2025-06-24 0:00:00,Delhi,Electronics,Regular,Male,Online,20,N/A,7761.86,6.09,4.7,1,0,UPI,108666.04,6617.76,102048.28,85719.96,16328.32
CUST00393,2025-02-09 0:00:00,Delhi,Sports,Budget,Male,Retail,29,4,24587.47,6.89,4.4,1,0,Debit Card,98349.88,6776.31,91573.57,58942.36,32631.21
CUST00055,2025-09-29 0:00:00,Chennai,Beauty,Regular,Male,Retail,66,3,22790.26,8.81,3.5,1,1,Debit Card,68370.78,6023.47,62347.31,49668.46,12678.85
CUST01457,2025-07-05 0:00:00,Mumbai,Beauty,Premium,Male,Online,63,5,24659.42,19.65,1.5,0,0,Debit Card,123297.1,24227.88,99069.22,66146.31,32922.91
CUST01055,2025-12-06 0:00:00,Pune,Beauty,Regular,Female,Retail,54,8,23691.93,31.22,3.1,Inactive,0,Debit Card,189535.44,59172.96,130362.48,98429.55,31932.93
CUST00004,2025-01-18 0:00:00,Delhi,Beauty,Prem,Female,Corporate,69,10,3164.56,23.79,3.1,1,0,UPI,31645.6,7528.49,24117.11,16516.97,7600.14
CUST01271,2025-12-20 0:00:00,Hyderabad,Beauty,Budget,Female,Online,26,8,18567.11,22.26,1.6,1,0,Net Banking,148536.88,33064.31,115472.57,72955.36,42517.21
CUST01253,2025-04-21 0:00:00,Pune,Beauty,Regular,Male,Corporate,50,3,13656.37,,3.4,1,0,Debit Card,40969.11,14130.25,26838.86,17891.79,8947.07
CUST01019,2025-03-07 0:00:00,Hyderabad,Electronics,Regular,Female,Online,65,12,28211.79,14.41,4.9,0,0,Debit Card,338541.48,48783.83,289757.65,174634.9,115122.75
CUST00870,2025-08-08 0:00:00,Bengaluru,Clothing,Budget,Male,Retail,38,7,9246.93,38.09,3.7,1,0,,64728.51,24655.09,40073.42,30217.05,9856.37
CUST01455,2025-12-20 0:00:00,bangalore,Sports,Premium,Male,Corporate,46,2,23677.4,27.45,1.3,0,0,Debit Card,47354.8,12998.89,34355.91,27224.73,7131.18
CUST01747,2025-04-25 0:00:00,Bengaluru,Clothing,Regular,Male,Online,59,9,7531.76,21.77,4.6,1,0,Net Banking,67785.84,14756.98,53028.86,33514.98,19513.88
CUST00162,2025-05-27 0:00:00,Hyderabad,Clothing,Regular,Male,Online,40,11,15734.89,39.66,2.6,1,0,Credit Card,173083.79,68645.03,104438.76,53953.34,50485.42
CUST01831,2025-09-18 0:00:00,Mumbai,Sports,Regular,Male,Corporate,43,8,3967.62,19.66,2.1,0,0,Net Banking,31740.96,6240.27,25500.69,16854.25,8646.44
CUST01796,2025-08-01 0:00:00,Bengaluru,Electronics,Regular,Male,Corporate,35,12,4241.84,15.1,1.5,1,0,Net Banking,50902.08,7686.21,,33852.74,9363.13
CUST00230,2025-08-04 0:00:00,Delhi,Clothing,Regular,Female,Online,57,4,21530.73,1.46,3.8,1,0,Credit Card,86122.92,1257.39,84865.53,64235.09,20630.44
CUST00209,2025-12-08 0:00:00,Bengaluru,Home & Kitchen,Regular,Female,Online,69,12,17242.68,17.04,3.6,0,0,Debit Card,206912.16,35257.83,171654.33,95657.54,75996.79
CUST01624,2025-04-20 0:00:00,Bengaluru,Home & Kitchen,Budget,Female,Online,32,4,11979.94,31.14,1.1,1,0,Net Banking,47919.76,14922.21,32997.55,21627.71,11369.84
CUST00235,2025-04-03 0:00:00,Pune,Clothing,Budget,Female,Online,68,1,23453.37,39.54,2.9,0,1,UPI,23453.37,9273.46,14179.91,7610.98,6568.93
CUST01378,2025-04-19 0:00:00,Bengaluru,Electronics,Budget,Female,Corporate,67,9,27556.14,8.98,,1,0,Cash,248005.26,22270.87,225734.39,123347.59,102386.8
CUST00153,2025-01-18 0:00:00,Delhi,Sports,Budget,Male,Retail,18,10,24245.61,20.39,1.9,1,1,Credit Card,242456.1,49436.8,193019.3,140951.57,52067.73
CUST01558,2025-04-11 0:00:00,Pune,Beauty,Budget,Female,Retail,25 years,3,8483.31,12.86,2.3,1,0,Credit Card,25449.93,3272.86,22177.07,18737.74,3439.33
CUST00799,2025-08-28 0:00:00,,Home & Kitchen,Budget,Male,Online,57,11,18569.61,29.43,1.5,0,0,UPI,204265.71,60115.4,144150.31,102843,41307.31
CUST01491,2025-07-27 0:00:00,Delhi,Beauty,Regular,Male,Corporate,61,7,16291.55,8.96,3.7,1,1,UPI,114040.85,10218.06,103822.79,81586.12,22236.67
CUST01417,2025-08-10 0:00:00,Delhi,Electronics,Regular,Male,Retail,53,7,4518.71,14.28,3.5,1,0,Cash,31630.97,4516.9,27114.07,13947.43,13166.64
CUST01110,2025-07-07 0:00:00,Hyderabad,Sports,Regular,Male,Online,36,11,17202.98,39.99,2.8,1,0,Cash,189232.78,75674.19,113558.59,69133.71,44424.88
CUST01592,2025-01-19 0:00:00,Delhi,Clothing,Budget,Female,Corporate,36,4,24167.52,23.41,4.1,0,0,Credit Card,96670.08,22630.47,74039.61,61990.18,12049.43
CUST01969,2025-01-12 0:00:00,Delhi,Home & Kitchen,Regular,Female,Corporate,40,3,6197.59,32.75,2.7,1,0,Credit Card,18592.77,6089.13,12503.64,8548.41,3955.23
CUST00420,2025-12-14 0:00:00,Bengaluru,Electronics,Regular,Female,Corporate,27,5,9117.35,29.58,2.8,1,0,Credit Card,45586.75,13484.56,,27203.05,4899.14
CUST00089,2025-09-17 0:00:00,Mumbai,Sports,Regular,Female,Corporate,31,12,1493.01,18.99,1.6,0,0,UPI,17916.12,3402.27,14513.85,12318.49,2195.36
CUST01217,2025-03-08 0:00:00,Bengaluru,Electronics,Regular,Female,Retail,60,4,565.37,10.34,3.2,1,0,Debit Card,2261.48,233.84,2027.64,1403.53,624.11
CUST00293,2025-05-25 0:00:00,Pune,Home & Kitchen,Budget,Male,Online,20,2,11230.39,21.81,1.7,1,0,Cash,22460.78,4898.7,17562.08,9399.67,8162.41
CUST00415,2025-10-30 0:00:00,Delhi,Clothing,Budget,Female,Corporate,27,1,18317.06,37.78,4.9,1,0,Debit Card,18317.06,6920.19,,8548.57,2848.3
CUST00450,2025-01-30 0:00:00,Pune,Electronics,Regular,Female,Online,18,13,4733.79,8.75,4.1,1,0,Cash,61539.27,5384.69,56154.58,44227.55,11927.03
CUST00443,2025-10-23 0:00:00,Hyderabad,Clothing,Regular,Female,Online,28,11,27265.75,10.62,3.1,1,1,Credit Card,299923.25,31851.85,268071.4,181887.01,86184.39
CUST01298,2025-01-08 0:00:00,Pune,Electronics,Regular,Female,Corporate,26,4,26522.47,5.5,2.1,1,0,Net Banking,106089.88,5834.94,100254.94,60137.78,40117.16
CUST01862,2025-01-16 0:00:00,Hyderabad,Home and Kitchen,Regular,Male,Retail,59,6,28035.43,17.45,2.6,1,0,Cash,168212.58,29353.1,138859.48,86327.38,52532.1
CUST01923,2025-01-06 0:00:00,Hyderabad,Sports,Regular,Female,Retail,54,9,7689.57,14.65,4.7,1,1,Net Banking,69206.13,10138.7,59067.43,30601.07,28466.36
CUST00189,2025-05-18 0:00:00,Mumbai,Sports,Regular,Male,Online,58,1,13954.36,33.24,1.3,1,1,Cash,13954.36,4638.43,9315.93,5626.21,3689.72
CUST00753,2025-05-20 0:00:00,Hyderabad,Electronics,Regular,Male,Corporate,31,12,12975.04,24.82,4.6,1,1,Debit Card,155700.48,38644.86,117055.62,80346.47,36709.15
CUST01425,2025-03-07 0:00:00,Pune,Clothing,Premium,Male,Online,55,5,14919.49,1.51,2.9,0,0,Net Banking,74597.45,1126.42,73471.03,56111.28,17359.75
CUST00683,2025-04-12 0:00:00,Mumbai,Beauty,Premium,Female,Corporate,57,10,12199.72,23.69,2.3,1,0,UPI,121997.2,28901.14,93096.06,69883.22,23212.84
CUST01189,2025-02-02 0:00:00,Mumbai,Clothing,Regular,Female,Corporate,61,12,2222.86,36.75,3.5,1,0,UPI,26674.32,9802.81,16871.51,13448.45,3423.06
CUST00607,2025-12-17 0:00:00,Pune,Sports,Premium,Female,Corporate,38,5,12709.87,3.89,2.3,1,0,Cash,63549.35,2472.07,61077.28,32100.52,28976.76
CUST01076,2025-03-22 0:00:00,Chennai,Home & Kitchen,Regular,Male,Retail,51,12,1528.29,4.07,4,1,0,Net Banking,18339.48,746.42,17593.06,13212.56,4380.5
CUST00350,2025-04-17 0:00:00,Hyderabad,Home & Kitchen,Regular,Male,Online,19,2,15726.88,4.22,4.2,0,0,UPI,31453.76,1327.35,30126.41,22849.84,7276.57
CUST01259,2025-01-31 0:00:00,Hyderabad,Home & Kitchen,Budget,Male,Online,51,3,13709.39,37.84,4.6,1,1,Cash,41128.17,15562.9,25565.27,21376.97,4188.3
CUST00795,2025-09-28 0:00:00,Pune,Beauty,Regular,Male,Corporate,29,5,5957.83,32.24,3.5,1,0,Debit Card,29789.15,9604.02,20185.13,14617.58,5567.55
CUST00006,2025-04-17 0:00:00,Hyderabad,Electronics,Premium,Female,Retail,19,7,28816.12,6.91,4.4,0,0,Debit Card,201712.84,13938.36,187774.48,133157.41,54617.07
CUST00998,2025-09-29 0:00:00,Hyderabad,Beauty,Budget,Female,Corporate,59,10,19847.94,32.68,4.3,0,0,UPI,198479.4,64863.07,133616.33,68371.88,65244.45
CUST01805,2025-12-07 0:00:00,Pune,Clothing,Regular,Male,Corporate,33,9,17813.97,4.61,1,1,0,Debit Card,160325.73,7391.02,152934.71,115387.97,37546.74
CUST00169,2025-07-15 0:00:00,Mumbai,Beauty,Regular,Female,Online,37,10,19738.21,6.58,1.8,0,0,Cash,197382.1,12987.74,184394.36,115129.22,69265.14
CUST00499,2025-12-29 0:00:00,Chennai,Sports,Premium,Male,Corporate,50,9,29258.74,27.61,2.8,1,0,Net Banking,263328.66,72705.04,190623.62,146131.78,44491.84
CUST01333,2025-11-22 0:00:00,Delhi,Electronics,Budget,Male,Corporate,18,8,18123.13,10.13,1.6,0,0,,144985.04,14686.98,130298.06,106033.13,24264.93
CUST00903,2025-02-03 0:00:00,Chennai,Beauty,Budget,Male,Corporate,46,4,29589.54,20.54,2.2,N,0,UPI,118358.16,24310.77,94047.39,79703.95,14343.44
CUST01772,2025-11-08 0:00:00,Pune,Beauty,Premium,Male,Retail,65,2,27890.87,24.65,4.3,1,0,Cash,55781.74,13750.2,42031.54,27817.67,14213.87
CUST00511,2025-05-23 0:00:00,Delhi,Beauty,Premium,Male,Corporate,19,11,2116.4,11.94,1.5,1,1,Debit Card,23280.4,2779.68,20500.72,12150.81,8349.91
CUST01360,2025-02-22 0:00:00,delhi,Clothing,Regular,Male,Online,35,7,15677.73,26.5,2.5,1,0,Net Banking,109744.11,29082.19,80661.92,61613.09,19048.83
CUST01108,2025-01-12 0:00:00,Mumbai,Beauty,Regular,Male,Corporate,54,8,2078.99,36.11,,1,0,Credit Card,16631.92,6005.79,10626.13,5650.27,4975.86
CUST01295,2025-10-30 0:00:00,Delhi,Sports,Regular,Other,Online,34,11,20472.81,30.98,3.8,1,0,Credit Card,225200.91,69767.24,155433.67,93532.77,61900.9
CUST01095,2025-01-03 0:00:00,Bengaluru,Home & Kitchen,Regular,Female,Corporate,27,8,11765.9,27.99,2.2,1,0,UPI,94127.2,26346.2,67781,43429.02,24351.98
CUST00329,2025-05-07 0:00:00,Delhi,Beauty,Regular,Female,Corporate,39,9,16884.85,13.94,2.2,1,0,Credit Card,151963.65,21183.73,130779.92,74421.78,56358.14
CUST01176,2025-01-15 0:00:00,Delhi,Electronics,Regular,Male,Online,35,13,24728.48,36.93,3.5,1,0,UPI,321470.24,118718.96,202751.28,148031.96,54719.32
CUST01789,2025-09-21 0:00:00,Delhi,Electronics,Regular,Male,Online,40,14,8794.63,15.88,4.3,1,0,Credit Card,123124.82,19552.22,103572.6,80288.12,23284.48
CUST01313,2025-05-22 0:00:00,Bengaluru,Electronics,Premium,Male,Online,26,4,10307.62,34.36,3.3,1,0,Net Banking,41230.48,14166.79,27063.69,15632.45,11431.24
CUST00963,2025-11-10 0:00:00,Chennai,Clothing,Budget,Male,Corporate,56,4,22180.14,23.15,3.8,1,0,Debit Card,88720.56,20538.81,68181.75,42396.77,25784.98
CUST00911,2025-04-28 0:00:00,Pune,Home & Kitchen,Regular,Female,Corporate,30,3,23136.56,21.88,2.3,1,0,UPI,69409.68,15186.84,54222.84,39689.46,14533.38
CUST01383,2025-07-22 0:00:00,Chennai,Sports,Budget,Male,Corporate,,6,20607.42,30.28,1.5,1,0,Cash,123644.52,37439.56,86204.96,51514.22,34690.74
CUST01790,2025-10-10 0:00:00,Bengaluru,Electronics,Regular,Female,Online,36,4,15972.9,23.79,4.7,0,0,Cash,63891.6,15199.81,48691.79,27928.77,20763.02
CUST00353,2025-04-22 0:00:00,Bengaluru,Electronics,Regular,Male,Retail,26,4,23238.18,19.32,3.2,0,0,UPI,92952.72,17958.47,74994.25,57898.02,17096.23
CUST01218,2025-05-11 0:00:00,Pune,Clothing,Regular,Female,Corporate,54,7,18908.71,4.12,1.7,1,0,UPI,132360.97,5453.27,126907.7,75347.97,51559.73
CUST01212,2025-11-21 0:00:00,Pune,Electronics,Regular,Male,Corporate,45,13,26012.78,3.41,4.3,0,1,Debit Card,338166.14,11531.47,326634.67,203869.24,122765.43
CUST01350,2025-11-18 0:00:00,Delhi,Clothing,Budget,Male,Retail,26,14,28488.34,35.17,3.8,1,0,Credit Card,398836.76,140270.89,258565.87,161010.25,97555.62
CUST01060,2025-04-16 0:00:00,Hyderabad,Beauty,Budget,Male,ON-LINE,36,4,1444.85,18.31,3.5,1,0,Debit Card,5779.4,1058.21,4721.19,2602.54,2118.65
CUST01607,2025-02-06 0:00:00,Hyderabad,Home & Kitchen,Premium,Female,Retail,37,8,5254.35,18.27,4.2,0,0,Cash,42034.8,7679.76,34355.04,20303.08,14051.96
CUST00147,2025-09-15 0:00:00,Chennai,Electronics,Budget,Female,Retail,40,6,1282.39,15.35,2.6,1,0,Debit Card,7694.34,1181.08,6513.26,3488.43,3024.83
CUST01392,2025-10-23 0:00:00,Hyderabad,Home & Kitchen,Regular,Female,Corporate,38,3,25854.9,7.37,4.9,1,0,Cash,77564.7,5716.52,71848.18,46879.79,24968.39
CUST00287,2025-06-13 0:00:00,Bengaluru,Clothing,Budget,Female,Online,51,2,27101.36,23.77,4.1,1,0,Debit Card,54202.72,12883.99,41318.73,33735.57,7583.16
CUST01785,2025-08-05 0:00:00,Hyderabad,Sports,Budget,Male,Corporate,49,4,18624.44,24.01,1.5,1,0,UPI,74497.76,17886.91,56610.85,36840.86,19769.99
CUST01258,2025-09-16 0:00:00,Bengaluru,Home & Kitchen,Regular,Female,Retail,26,4,26857.85,30.24,2.5,0,0,Credit Card,107431.4,32487.26,74944.14,60079.29,14864.85
CUST00610,2025-07-11 0:00:00,Mumbai,Home & Kitchen,Regular,Male,Retail,54,11,14109.01,39.21,3.6,1,1,Cash,155199.11,60853.57,94345.54,61987.31,32358.23
CUST01465,2025-04-05 0:00:00,,Beauty,Budget,Male,Corporate,60,10,27428.83,35.23,3.4,0,0,Cash,274288.3,96631.77,177656.53,99133.55,78522.98
CUST01323,2025-05-05 0:00:00,Bengaluru,Clothing,Regular,Female,Online,46,4,25008.98,38.98,4.1,1,0,Cash,100035.92,38994,61041.92,45020.55,16021.37
CUST00464,2025-01-01 0:00:00,Delhi,Home & Kitchen,Regular,Male,Retail,57,8,24126.6,3.07,3.9,1,0,Debit Card,193012.8,5925.49,,141564.59,45522.72
CUST01237,2025-02-03 0:00:00,Pune,Sports,Regular,Female,Corporate,55,13,14957.44,2.12,4.7,0,0,Cash,194446.72,4122.27,190324.45,142188.38,48136.07
CUST01318,2025-12-29 0:00:00,Bengaluru,Clothing,Regular,Male,Retail,28,6,10340.22,14.83,3.5,1,0,Cash,62041.32,9200.73,52840.59,30760.59,22080
CUST01208,2025-01-20 0:00:00,Hyderabad,Electronics,Premium,Male,Corporate,22,12,25939.72,21.49,2.3,1,0,Cash,311276.64,66893.35,244383.29,182126.9,62256.39
CUST01187,N/A,Chennai,Beauty,Premium,Male,Corporate,25,10,19326.56,22.88,4.5,1,0,Cash,193265.6,44219.17,149046.43,120786.18,28260.25
CUST01894,2025-10-16 0:00:00,Mumbai,Home & Kitchen,Regular,Female,Corporate,31,10,18301.04,32.37,1.9,1,0,Credit Card,183010.4,59240.47,123769.93,104252.09,19517.84
CUST00763,2025-07-11 0:00:00,Hyderabad,Electronics,Premium,Female,Online,62,7,25539.58,2.05,1.2,0,0,UPI,178777.06,3664.93,175112.13,143422.57,31689.56
CUST00864,2025-12-16 0:00:00,Delhi,Beauty,Regular,Male,Corporate,31,7,8708.64,34.66,1.2,0,0,Net Banking,60960.48,21128.9,39831.58,21230.72,18600.86
CUST01930,2025-02-21 0:00:00,Hyderabad,Electronics,Premium,Female,Online,67,1,11836.1,,1.2,1,0,Credit Card,11836.1,3902.36,7933.74,5138.85,2794.89
CUST01277,2025-06-12 0:00:00,Delhi,Sports,Premium,Female,Online,23,10,1875.94,36.15,3.1,1,0,Net Banking,18759.4,6781.52,11977.88,9350.82,2627.06
CUST00717,2025-01-16 0:00:00,Chennai,Beauty,Premium,Female,Online,64,10,19429.79,4.41,3.9,1,0,Net Banking,194297.9,8568.54,185729.36,146335.85,39393.51
CUST01499,2025-11-02 0:00:00,Delhi,Sports,Premium,Male,Retail,38,7,3147.12,8.69,1.9,1,0,UPI,22029.84,1914.39,20115.45,14688.67,5426.78
CUST01160,2025-07-28 0:00:00,Delhi,Sports,Regular,Male,Online,28,7,11152.87,24.15,3,1,0,Net Banking,78070.09,18853.93,59216.16,40067.96,19148.2
CUST01262,2025-02-15 0:00:00,Chennai,Beauty,Regular,Male,Online,22,1,17404.93,1.18,4.3,0,0,UPI,17404.93,205.38,17199.55,8965.31,8234.24
CUST01515,2025-03-18 0:00:00,Mumbai,Electronics,Regular,Female,Corporate,44,8,21744.55,35.76,2.7,0,0,UPI,173956.4,62206.81,111749.59,85724.55,26025.04
CUST01226,2025-08-26 0:00:00,Chennai,Beauty,Regular,Female,Online,19,14,26734.24,19.45,1.2,1,0,Debit Card,374279.36,72797.34,301482.02,236482.96,64999.06
CUST01643,2025-06-17 0:00:00,Mumbai,Sports,Regular,Male,Corporate,54,1,9999.38,16,2.6,1,0,Credit Card,9999.38,1599.9,8399.48,6018.53,2380.95
CUST01638,2025-10-19 0:00:00,Chennai,Beauty,Regular,Female,Corporate,41,5,3744.92,21.69,2.3,0,0,Debit Card,18724.6,4061.37,14663.23,9984.09,4679.14
CUST00895,2025-06-01 0:00:00,Delhi,Home & Kitchen,Budget,Female,Online,unknown,4,100000,13.88,4.1,1,0,Net Banking,40341.68,5599.43,34742.25,19263.31,15478.94
CUST01838,2025-07-23 0:00:00,Pune,Electronics,Budget,Male,Online,29,11,9427.84,27.84,2.2,1,0,Cash,103706.24,28871.82,74834.42,61146.22,13688.2
CUST01775,2025-07-24 0:00:00,Delhi,Sports,Regular,Female,Corporate,55,9,10893.54,31.64,1.4,1,0,UPI,98041.86,31020.44,67021.42,52415.19,14606.23
CUST00929,2025-02-07 0:00:00,Hyderabad,Electronics,Regular,Female,Retail,68,8,3118.73,19.47,1.3,0,0,UPI,24949.84,4857.73,20092.11,16577.11,3515
CUST01580,2025-06-06 0:00:00,Hyderabad,Electronics,Budget,Female,Retail,28,14,24110.32,27.48,2.7,1,1,Cash,337544.48,92757.22,244787.26,124048.04,120739.22
CUST01302,2025-11-11 0:00:00,Bengaluru,Clothing,Regular,Male,Corporate,29,14,29357.81,16.17,1.4,1,0,Cash,411009.34,66460.21,344549.13,196969.02,147580.11
CUST01544,2025-05-15 0:00:00,Bengaluru,Electronics,Premium,Female,Corporate,60,2,5888.25,20.06,4.7,0,0,Credit Card,11776.5,2362.37,9414.13,4746.88,4667.25
CUST01920,2025-04-02 0:00:00,Bengaluru,Clothing,Premium,Male,Online,20,7,17524.22,0.59,1.3,0,0,Debit Card,122669.54,723.75,121945.79,97235.93,24709.86
CUST00102,2025-04-27 0:00:00,Bengaluru,Electronics,Regular,Male,Online,62,11,20539.13,27.48,3,0,0,Cash,225930.43,62085.68,163844.75,133148.36,30696.39
CUST00282,2025-10-21 0:00:00,Bengaluru,Electronics,Regular,Male,Online,34,10,24422.8,37.78,3.2,1,0,Cash,244228,92269.34,151958.66,122940.52,29018.14
CUST00801,2025-08-06 0:00:00,Pune,Clothing,Premium,Male,Retail,53,2,16967.17,34.25,2.6,1,0,Net Banking,33934.34,11622.51,22311.83,12220.8,10091.03
CUST00488,2025-01-16 0:00:00,Pune,Clothing,Regular,Male,Retail,,3,13455.46,20.74,2.3,1,0,Cash,40366.38,8371.99,31994.39,16415.37,15579.02
CUST00552,2025-01-23 0:00:00,Mumbai,Electronics,Premium,Male,Online,66,11,2017.25,35.11,3.4,1,0,UPI,22189.75,7790.82,14398.93,12157.09,2241.84
CUST01027,2025-06-07 0:00:00,Bengaluru,Electronics,Premium,Female,Retail,35,3,23472,30.96,1.7,1,0,Credit Card,258192,79936.24,178255.76,135384.6,42871.16
CUST01867,2025-09-12 0:00:00,Pune,Electronics,Regular,Female,Online,37,9,25624.56,36.14,2.6,1,0,UPI,230621.04,83346.44,147274.6,88108.88,59165.72
CUST00518,2025-09-03 0:00:00,Pune,Beauty,Premium,Other,Online,35,2,9907.65,22.51,1.1,1,1,UPI,19815.3,4460.42,15354.88,10897.33,4457.55
CUST01348,2025-05-02 0:00:00,Pune,Electronics,Regular,Male,Online,33,11,5413.12,35.9,4.1,0,0,Cash,59544.32,21376.41,38167.91,27775.23,10392.68
CUST01771,2025-09-28 0:00:00,Hyderabad,home & kitchen,Premium,Female,Retail,39,10,19919.96,21.92,2.4,1,0,Cash,199199.6,43664.55,155535.05,96897.44,58637.61
CUST00306,2025-05-09 0:00:00,Chennai,Beauty,Budget,Male,Corporate,33,7,1481.6,24.27,3.7,1,0,Net Banking,10371.2,2517.09,7854.11,6373.33,1480.78
CUST01484,2025-02-06 0:00:00,Bengaluru,Sports,Budget,Male,Corporate,50,5,4772.82,20.59,2.1,1,0,Credit Card,23864.1,4913.62,18950.48,11654.52,7295.96
CUST00938,2025-12-31 0:00:00,Mumbai,Beauty,Regular,Male,Corporate,60,13,7384.34,24.19,4,1,0,Debit Card,95996.42,23221.53,72774.89,42352.02,30422.87
CUST00154,2025-03-30 0:00:00,Mumbai,Electronics,Regular,Male,Retail,65,1,2998.13,29.6,1.7,0,0,Net Banking,2998.13,887.45,2110.68,1377.08,733.6
CUST01589,2025-06-04 0:00:00,Mumbai,Electronics,Regular,Male,Corporate,59,7,,5.16,4.1,1,0,Cash,174044.36,8980.69,165063.67,127392.05,37671.62
CUST01039,2025-07-21 0:00:00,Chennai,Clothing,Regular,Female,Corporate,65,12,26240.8,39.32,1.7,1,0,Credit Card,314889.6,123814.59,191075.01,107817.16,83257.85
CUST01856,2025-11-29 0:00:00,Pune,Electronics,Regular,Female,Retail,36,8,22685.07,6.26,2.2,0,0,Debit Card,181480.56,11360.68,170119.88,128974.99,41144.89
CUST01707,2025-05-11 0:00:00,Bengaluru,Home & Kitchen,Regular,Female,Corporate,44,14,26929.91,16.36,1.7,1,0,Cash,377018.74,61680.27,315338.47,206983.84,108354.63
CUST00151,2025-03-05 0:00:00,Delhi,Clothing,Regular,Female,Corporate,25,11,13731.4,11.07,2.1,1,0,UPI,151045.4,16720.73,134324.67,100178.72,34145.95
CUST01640,2025-10-10 0:00:00,Bengaluru,Electronics,Regular,Male,Online,35,3,9370.52,36.38,3.7,1,0,Credit Card,28111.56,10226.99,17884.57,11159.1,6725.47
CUST01955,2025-10-26 0:00:00,Pune,Home & Kitchen,Regular,Male,Corporate,54,5 units,1070.39,33.13,4.5,1,0,Credit Card,5351.95,1773.1,3578.85,1949.11,1629.74
CUST01834,2025-04-30 0:00:00,Pune,Beauty,Regular,Other,Corporate,68,14,29714.49,37.68,2.1,0,0,Credit Card,416002.86,156749.88,259252.98,140824.31,118428.67
CUST01931,2025-02-16 0:00:00,Mumbai,Sports,Regular,Male,Retail,51,3,15581.65,13.64,3.4,1,1,UPI,46744.95,6376.01,40368.94,34297.32,6071.62
CUST00202,2025-10-07 0:00:00,Delhi,Electronics,Regular,Male,Online,30 yrs,12,19084.75,26.46,3.3,0,0,Cash,229017,60597.9,168419.1,137953.27,30465.83
CUST01209,2025-08-19 0:00:00,Mumbai,Beauty,Budget,Female,Retail,58,8,18750.3,9.07,3.2,1,0,UPI,150002.4,13605.22,136397.18,75366.04,61031.14
CUST01069,2025-08-28 0:00:00,Hyderabad,Sports,Budget,Female,Retail,56,2,6361,36.35,3.3,0,1,Cash,12722,4624.45,8097.55,4988.03,3109.52
CUST01112,2025-11-02 0:00:00,,Clothing,Regular,Other,Corporate,45,4,2573.92,5 %,2.8,1,0,Debit Card,10295.68,3886.62,6409.06,4536.82,1872.24
CUST00663,2025-12-24 0:00:00,Mumbai,Home & Kitchen,Budget,Female,Corporate,40,12,410.92,39.85,2.9,0,0,UPI,4931.04,1965.02,2966.02,1494.19,1471.83
CUST01287,2025-03-27 0:00:00,Mumbai,Beauty,Regular,Female,Retail,53,6,22927.81,15.73,2.7,1,0,UPI,137566.86,21639.27,115927.59,97509.72,18417.87
CUST00098,2025-01-28 0:00:00,Delhi,Sports,Regular,Female,Online,45,7,16193.37,20.37,4.8,1,0,Cash,113353.59,23090.13,90263.46,48540.92,41722.54
CUST00805,2025-05-04 0:00:00,Delhi,Electronics,Premium,Female,Corporate,42,7,16877.96,36.14,3.8,1,0,Credit Card,118145.72,42697.86,75447.86,56291.28,19156.58
CUST00177,2025-04-21 0:00:00,Delhi,Beauty,Budget,Male,Online,21,12,20514.09,29.81,2.9,0,0,Debit Card,246169.08,73383,172786.08,106739.39,66046.69
CUST00239,2025-03-03 0:00:00,Hyderabad,Sports,Premium,Female,Online,18,6,28682.24,3.58,2.9,1,0,Net Banking,172093.44,6160.95,165932.49,91967.63,73964.86
CUST00833,2025-08-16 0:00:00,Mumbai,Electronics,Regular,Female,Retail,36,7,679.26,17.31,2.3,0,1,Debit Card,4754.82,823.06,3931.76,2786.56,1145.2
CUST00612,2025-08-27 0:00:00,Hyderbad,Sports,Premium,Female,Corporate,59,12,27682.48,26.63,3.2,1,0,UPI,332189.76,88462.13,243727.63,166920.35,76807.28
CUST00809,2025-04-28 0:00:00,Hyderabad,Clothing,Regular,Male,Retail,59,12,29195.29,20.54,4.5,1,0,UPI,350343.48,71960.55,278382.93,223040.63,55342.3
CUST00734,2025-10-14 0:00:00,,Clothing,Regular,Other,Corporate,56,13,2672.55,14.7,4.2,0,0,Credit Card,34743.15,5107.24,29635.91,19716.28,9919.63
CUST01799,2025-01-24 0:00:00,Delhi,Electronics,Regular,Male,Retail,69,9,20215.87,0.68,4.2,1,0,Cash,181942.83,1237.21,180705.62,100566.2,80139.42
CUST01941,2025-06-28 0:00:00,Delhi,Sports,Regular,Male,Retail,18,11,863.74,8.71,2.2,1,0,Net Banking,9501.14,827.55,8673.59,5935.05,2738.54
CUST01857,2025-07-29 0:00:00,Delhi,Beauty,Regular,Female,Retail,68,14,11634.41,29.78,4.1,1,0,Cash,162881.74,48506.18,114375.56,58053.5,56322.06
CUST01335,2025-06-01 0:00:00,Chennai,Home & Kitchen,Premium,Female,Retail,33,8,28806.1,13.22,4.5,1,0,Debit Card,230448.8,30465.33,199983.47,169247.76,30735.71
CUST00427,2025-05-29 0:00:00,Delhi,Beauty,Regular,Male,Retail,64,10,28725.86,14,3.5,1,0,Cash,287258.6,40216.2,247042.4,144559.06,102483.34
CUST00960,2025-07-07 0:00:00,,Home & Kitchen,Premium,Male,Online,62,2,1397.59,3.89,4.5,0,0,Net Banking,2795.18,108.73,2686.45,2167,519.45
CUST01156,2025-09-02 0:00:00,Pune,Beauty,Premium,Male,Corporate,31,5,3847.15,12.11,3,1,0,UPI,19235.75,2329.45,16906.3,8769.15,8137.15
CUST01493,2025-08-01 0:00:00,Bengaluru,Home & Kitchen,Premium,Female,Retail,59,14,21869.89,17.48,2.5,0,0,Credit Card,306178.46,53519.99,252658.47,169017.58,83640.89
CUST00305,2025-04-24 0:00:00,Bengaluru,Sports,Regular,Female,Retail,35,5,8352.68,120,1.6,1,0,UPI,41763.4,9484.47,32278.93,19129.09,13149.84
CUST00295,2025-06-08 0:00:00,Mumbai,Home & Kitchen,Regular,Female,Retail,25,4,6220.48,27.02,2.8,1,0,Net Banking,24881.92,6723.09,18158.83,12043.22,6115.61
CUST00105,2025-10-31 0:00:00,Hyderabad,Home & Kitchen,Budget,Female,Retail,69,8,21618.41,5.3,1.3,0,1,Credit Card,172947.28,9166.21,163781.07,84387.71,79393.36
CUST00264,2025-12-13 0:00:00,Mumbai,Home & Kitchen,Premium,Female,Online,20,14,8510.24,3.26,1.7,1,1,Debit Card,119143.36,3884.07,115259.29,74589.69,40669.6
CUST01222,2025-11-24 0:00:00,Hyderabad,Sports,Premium,Other,Retail,44,4,4212.67,4.88,4.4,1,0,UPI,16850.68,822.31,16028.37,9435.28,6593.09
CUST01141,2025-02-25 0:00:00,Delhi,Home & Kitchen,Budget,Female,Retail,65,10,19045.1,7.77,3.9,1,0,Debit Card,190451,14798.04,175652.96,130623.3,45029.66
CUST01268,2025-09-24 0:00:00,Pune,Clothing,Premium,Male,Online,21,13,12260.74,0.57,1.3,1,0,Cash,159389.62,908.52,158481.1,130869.93,27611.17
CUST01015,2025-04-28 0:00:00,Hyderabad,Home & Kitchen,Premium,Male,Retail,29,5,8080.49,25.08,4.7,1,0,Debit Card,40402.45,10132.93,30269.52,15231.33,15038.19
CUST01140,2025-07-25 0:00:00,Pune,Clothing,Premium,Male,Online,47,11,24355.81,39.14,2.9,1,0,Cash,267913.91,104861.5,163052.41,90854.6,72197.81
CUST01666,2025-01-15 0:00:00,Pune,Electronics,Regular,Female,Retail,28,1,24487.99,13.42,3.7,1,0,UPI,24487.99,3286.29,21201.7,14917.74,6283.96
CUST00866,2025-02-02 0:00:00,Chennai,Home & Kitchen,Budget,Male,Retail,34,14,5736.04,2.33,3.8,1,0,Net Banking,80304.56,1871.1,78433.46,55559.51,22873.95
CUST01006,2025-10-15 0:00:00,Mumbai,Electronics,Premium,Female,Retail,49,8,7349.3,27.59,2.7,0,0,Cash,58794.4,16221.37,42573.03,31990.87,10582.16
CUST01496,2025-01-12 0:00:00,Delhi,Beauty,Premium,Male,Corporate,41,9,23474.54,12.09,2.9,1,0,Net Banking,211270.86,25542.65,185728.21,99776.97,85951.24
CUST00492,2025-02-19 0:00:00,Hyderabad,Beauty,Regular,Female,Corporate,28,6,14377.48,20.46,1.1,1,0,Debit Card,86264.88,17649.79,68615.09,54187.32,14427.77
CUST00779,2025-12-05 0:00:00,Bengaluru,Clothing,Regular,Female,Corporate,20,2,6598.01,29.25,3.2,1,0,Net Banking,13196.02,3859.84,9336.18,7362.94,1973.24
CUST01087,2025-03-10 0:00:00,Chennai,Beauty,Regular,Male,Corporate,62,6,2868.37,34.59,1.6,1,0,Credit Card,17210.22,5953.02,11257.2,6580.55,4676.65
CUST01849,2025-04-01 0:00:00,Mumbai,Home & Kitchen,Regular,Male,Online,25,2,16607.38,18.91,3.1,1,0,Debit Card,33214.76,6280.91,26933.85,14385.54,12548.31
CUST01822,2025-01-07 0:00:00,Delhi,Beauty,Regular,Female,Online,59,6,1384.04,26.85,4.9,1,0,Credit Card,8304.24,2229.69,6074.55,3491.67,2582.88
CUST01072,2025-10-06 0:00:00,Mumbai,Home & Kitchen,Premium,Female,Retail,67,3,16083.44,38.19,3.5,1,0,Net Banking,48250.32,18426.8,29823.52,21726.91,8096.61
CUST01059,2025-08-08 0:00:00,Pune,Home & Kitchen,Regular,Male,Retail,38,11,11485.61,22.97,4.3,1,0,Net Banking,126341.71,29020.69,97321.02,67303.68,30017.34
CUST01434,2025-03-18 0:00:00,Bengaluru,Sports,Regular,Female,Online,26,2,26350.5,10.67,4.1,0,0,Credit Card,52701,5623.2,47077.8,32828.22,14249.58
CUST00706,2025-01-23 0:00:00,Delhi,Sports,Budget,Female,Online,26,3,8785.67,22.93,1.8,1,0,Debit Card,26357.01,6043.66,20313.35,14717.09,5596.26
CUST00200,2025-09-17 0:00:00,Delhi,Home & Kitchen,Premium,Male,Retail,22,12,19257.15,32.28,2,1,0,Net Banking,231085.8,74594.5,156491.3,100329.68,56161.62
CUST01047,2025-09-03 0:00:00,Chennai,Clothing,Regular,Male,Retail,66,8,2703.67,1.15,3.3,1,0,,21629.36,248.74,21380.62,14001.21,7379.41
CUST00863,2025-10-19 0:00:00,Mumbai,Beauty,Regular,Male,Retail,25,12,19233.35,6.7,4.2,1,0,Cash,230800.2,15463.61,215336.59,175563.8,39772.79
CUST00668,2025-04-20 0:00:00,Pune,Electronics,Regular,Female,Corporate,50,7,26241.28,11.93,2.8,0,0,Credit Card,183688.96,21914.09,161774.87,106606.52,55168.35
CUST01909,2025-07-01 0:00:00,delhi,Sports,Budget,Female,Online,19,13,22312.33,7.98,2.2,1,0,UPI,290060.29,23146.81,266913.48,225434.92,41478.56
CUST00761,2025-02-09 0:00:00,Chennai,Home & Kitchen,Regular,Female,Corporate,30,14,9179.16,16.33,4.7,1,0,Debit Card,128508.24,20985.4,107522.84,70107.52,37415.32
CUST01709,2025-04-23 0:00:00,Hyderabad,Home & Kitchen,Regular,Male,Corporate,39,7,29952.81,28.51,3.5,1,0,UPI,209669.67,59776.82,149892.85,83158.38,66734.47
CUST00649,2025-08-19 0:00:00,Pune,Electronics,Premium,Female,Corporate,26,9,8275.94,120,2.8,1,0,UPI,74483.46,27372.67,47110.79,32512.94,14597.85
CUST01276,2025-01-03 0:00:00,Chennai,Clothing,Regular,Female,Retail,32,5,26340.6,13.43,4.4,1,0,Debit Card,131703,17687.71,114015.29,60118.68,53896.61
CUST01568,2025-04-17 0:00:00,Chennai,Home & Kitchen,Regular,Female,Corporate,36,6,17109.68,38.76,3.7,1,0,UPI,102658.08,39790.27,62867.81,46551.59,16316.22
CUST01740,2025-12-19 0:00:00,Pune,Sports,Premium,Male,Online,29,5,23497.53,6.05,4.4,1,0,Debit Card,117487.65,7108,110379.65,74128.77,36250.88
CUST01927,2025-08-24 0:00:00,Delhi,Beauty,Regular,Female,Online,56,14,24774.67,22.8,3.9,1,0,Credit Card,346845.38,79080.75,267764.63,201027.25,66737.38
CUST00335,2025-12-06 0:00:00,Chennai,Electronics,Premium,Male,Online,49,6,7389,30.67,4,1,0,Credit Card,44334,13597.24,30736.76,21616.97,9119.79
CUST01451,2025-10-07 0:00:00,Mumbai,Sports,Regular,Female,Online,26,6,3446.23,26.56,1.9,1,0,Credit Card,20677.38,5491.91,15185.47,12532.29,2653.18
CUST01783,2025-02-01 0:00:00,Pune,Beauty,Premium,Female,Online,41,7,26323.21,26.41,4.1,0,0,Debit Card,184262.47,48663.72,135598.75,96715.3,38883.45
CUST00593,2025-11-21 0:00:00,Hyderabad,Sports,Regular,Female,Corporate,20,11,6037.59,39.56,1.8,0,0,UPI,66413.49,26273.18,40140.31,31218.37,8921.94
CUST00776,2025-05-25 0:00:00,Pune,Sports,Budget,Male,Retail,21,3,7543.64,12.91,4.6,0,0,Cash,22630.92,2921.65,19709.27,14598.6,5110.67
CUST01088,2025-07-20 0:00:00,Delhi,Clothing,Budget,Female,Online,61,4,20412.96,11.7,4.4,1,0,Net Banking,81651.84,9553.27,72098.57,54901.71,17196.86
CUST00479,2025-03-13 0:00:00,Delhi,Clothing,Regular,Other,Retail,24,10 pcs,2401.08,26.88,2.1,1,0,UPI,7203.24,1936.23,5267.01,4232.77,1034.24
CUST01979,2025-09-11 0:00:00,Pune,Electronics,Budget,Other,online,44,8,19318.08,21.15,2.8,1,0,Cash,154544.64,32686.19,121858.45,71499.25,50359.2
CUST01985,2025-06-17 0:00:00,Chennai,Beauty,Budget,Female,Corporate,46,9,7028.17,13.47,,1,0,Debit Card,63253.53,8520.25,54733.28,33630.63,21102.65
CUST00077,2025-02-21 0:00:00,Hyderabad,Electronics,Regular,Male,Corporate,32,12,28841.91,35.06,4.8,0,1,Credit Card,346102.92,121343.68,224759.24,140273.84,84485.4
CUST01347,2025-07-28 0:00:00,Pune,Electronics,Regular,Female,Retail,66,200,1221.11,27.88,1.7,1,0,Cash,4884.44,1361.78,3522.66,2005.97,1516.69
CUST00862,2025-05-27 0:00:00,Mumbai,Clothing,Budget,Female,Corporate,54,10,16589.56,35.2,3.3,1,0,Credit Card,165895.6,58395.25,107500.35,68945.88,38554.47
CUST01678,2025-06-18 0:00:00,Mumbai,Clothing,Regular,Male,Corporate,41,14,10374.52,30.33,3.2,1,0,Cash,145243.28,44052.29,101190.99,56539.93,44651.06
CUST00512,2025-10-17 0:00:00,,Home & Kitchen,Regular,Female,Online,37,8,26694.17,25.06,4.4,0,0,Credit Card,213553.36,53516.47,160036.89,135140.19,24896.7
CUST00139,2025-07-18 0:00:00,Pune,Beauty,Budget,Male,Retail,64,10,17738.3,10.28,3.7,N,0,Cash,177383,18234.97,159148.03,102068.68,57079.35
CUST01994,2025-07-05 0:00:00,Mumbai,Home & Kitchen,Budget,Female,Online,44,3,18294.27,33.02,1.1,1,0,Credit Card,54882.81,18122.3,36760.51,23515.98,13244.53
CUST00112,2025-09-29 0:00:00,Bengaluru,Sports,Regular,Female,Online,27,2,23568.22,26.49,2.9,0,0,Debit Card,47136.44,12486.44,34650,19266.25,15383.75
CUST01486,2025-11-13 0:00:00,Bengaluru,Clothing,Regular,Female,Corporate,45Y,6,25931.81,10%,2.6,1,0,Net Banking,155590.86,58968.94,96621.92,50683.82,45938.1
CUST01097,2025-11-01 0:00:00,Chennai,Home & Kitchen,Regular,Male,Online,64,1,2249.44,4.27,3.5,1,0,Credit Card,2249.44,96.05,2153.39,1784.15,369.24
CUST01447,2025-09-21 0:00:00,Delhi,Beauty,Regular,Female,Online,30,8,29609.92,28.35,1.9,1,0,UPI,236879.36,67155.3,169724.06,85803.07,83920.99
CUST00550,2025-08-03 0:00:00,Mumbai,Clothing,Regular,Male,Retail,53,10,18452.22,24.09,1.4,1,0,Net Banking,184522.2,44451.4,140070.8,100044.54,40026.26
CUST00557,2025-02-02 0:00:00,Mumbai,Clothing,Premium,Female,Online,56,3,4759.86,20 percent,2.8,1,0,Net Banking,14279.58,2744.54,11535.04,8921.38,2613.66
CUST01540,2025-01-14 0:00:00,Delhi,Sports,Premium,Female,Retail,29,3,19359.54,20.77,1.8,1,0,Net Banking,58078.62,12062.93,46015.69,23509.86,22505.83
CUST01294,2025-07-25 0:00:00,,Clothing,Premium,Male,Retail,41,13,23602.29,27.51,3.8,1,0,UPI,306829.77,84408.87,222420.9,178771.37,43649.53
CUST01476,2025-12-22 0:00:00,Mumbai,Clothing,Premium,Male,Retail,,14,9746.9,29.08,1.2,1,0,Cash,136456.6,39681.58,96775.02,57911.96,38863.06
CUST01332,2025-09-25 0:00:00,Chennai,Home & Kitchen,Premium,Male,Corporate,35,4,18183.93,25.32,2.7,1,0,Credit Card,72735.72,18416.68,54319.04,42345.72,11973.32
CUST01438,2025-05-26 0:00:00,Delhi,Electronics,Regular,Male,Retail,46,1,19398.11,34.31,2.2,1,0,UPI,19398.11,6655.49,12742.62,8610.51,4132.11
CUST00909,2025-04-10 0:00:00,Pune,Beauty,Regular,Male,Online,26,14,25197.25,39.72,1.6,1,0,Debit Card,352761.5,140116.87,212644.63,156184.62,56460.01
CUST01561,2025-09-15 0:00:00,Hyderabad,Home & Kitchen,Regular,Female,Corporate,21,6,17017.85,3.75,3,1,0,UPI,102107.1,3829.02,98278.08,75077.7,23200.38
CUST00294,2025-10-14 0:00:00,Chennai,Clothing,Regular,Male,Corporate,63,8,1806.42,36.55,3.7,1,0,Cash,14451.36,5281.97,9169.39,7461.04,1708.35
CUST01910,2025-02-16 0:00:00,Delhi,Electronics,Premium,Male,Corporate,26,11,25166.82,0.95,2.7,1,0,Net Banking,276835.02,2629.93,274205.09,171631.07,102574.02
CUST01754,2025-03-30 0:00:00,Bengaluru,Beauty,Budget,Female,Online,19,11,15282.94,7.69,1.5,0,0,Net Banking,168112.34,12927.84,155184.5,130596.8,24587.7
CUST01482,2025-10-30 0:00:00,Hyderabad,Clothing,Premium,Female,Retail,45,7,10963.96,14.44,2.8,1,0,Cash,76747.72,11082.37,65665.35,41907.54,23757.81
CUST00497,2025-03-05 0:00:00,Pune,Electronics,Regular,Female,Corporate,35,7,17376.97,37.91,3.7,0,0,Net Banking,121638.79,46113.27,75525.52,40787,34738.52
CUST01958,2025-10-01 0:00:00,Mumbai,Clothing,Budget,Male,Retail,45Y,11,26604.13,34.9,3.7,1,0,Cash,292645.43,102133.26,190512.17,142958.06,47554.11
CUST01700,2025-04-17 0:00:00,Mumbai,Clothing,Budget,Male,Corporate,31,200,6518.81,29.65,2.4,1,0,Debit Card,19556.43,5798.48,13757.95,7649.4,6108.55
CUST01745,2025-03-07 0:00:00,Bengaluru,Home & Kitchen,Premium,Male,Corporate,56,3,3711.61,15.39,5,0,0,Credit Card,11134.83,1713.65,9421.18,4731.44,4689.74
CUST00311,2025-03-03 0:00:00,Bengaluru,Electronics,Regular,Male,Corporate,44,11,12245.68,38.6,4.3,1,1,Debit Card,134702.48,51995.16,82707.32,54418.33,28288.99
CUST00881,2025-09-19 0:00:00,Hyderabad,Beauty,Regular,Female,Corporate,53,4,28224.24,24.72,3.3,1,1,Credit Card,112896.96,27908.13,84988.83,58385.96,26602.87
CUST00441,Jan-25-2025,Chennai,Beauty,Budget,Female,Corporate,68,11,10902.31,38.88,1.9,1,0,UPI,119925.41,46627,73298.41,49114.05,24184.36
CUST00473,2025-01-20 0:00:00,Hyderabad,Beauty,Regular,Male,Retail,65,3,4614.13,32.49,3,1,0,Credit Card,13842.39,4497.39,9345,7783.02,1561.98
CUST01280,2025-12-07 0:00:00,Bengaluru,Electronics,Regular,Female,Online,24,9,9316.08,8.21,1.3,0,0,Net Banking,83844.72,6883.65,76961.07,40012.18,36948.89
CUST00904,2025-03-06 0:00:00,Hyderabad,Electronics,Budget,Female,Retail,66,12,25366.06,31.17,2.2,1,1,Credit Card,304392.72,94879.21,209513.51,106457.29,103056.22
CUST00005,2025-03-25 0:00:00,Mumbai,Sports,Regular,Female,Corporate,57,9,12886.54,8.59,4.9,1,1,Credit Card,115978.86,9962.58,106016.28,74607.03,31409.25
CUST01882,2025-09-22 0:00:00,Chennai,Beauty,Regular,Male,Online,19,1,11086.97,31.35,4,0,0,Credit Card,11086.97,3475.77,7611.2,4358.06,3253.14
CUST00484,2025-06-24 0:00:00,Chennai,Home & Kitchen,Regular,Male,Corporate,47,3,4623.84,18.16,2.7,0,0,Cash,13871.52,2519.07,11352.45,7033.05,4319.4
CUST00268,2025-06-23 0:00:00,Hyderabad,Clothing,Regular,FEMALE,Retail,23,8,28848.6,16.16,2.9,1,0,Credit Card,230788.8,37295.47,193493.33,121501.48,71991.85
CUST00141,2025-03-18 0:00:00,MUMBAI,Clothing,Regular,Male,Retail,67,1,3659.96,32.23,1.2,1,0,Net Banking,3659.96,1179.61,2480.35,1878.07,602.28
CUST01943,2025-12-26 0:00:00,Bengaluru,Clothing,Regular,Female,Corporate,54,14,24595.24,36.43,3.1,1,0,Cash,344333.36,125440.64,218892.72,144092.6,74800.12
CUST00369,2025-05-16 0:00:00,Pune,Sports,Regular,Male,Corporate,63,7,24588.67,39.5,3.8,1,0,Cash,172120.69,67987.67,104133.02,65481.99,38651.03
CUST01402,2025-12-01 0:00:00,Chennai,,Regular,Other,Retail,45Y,2,12905.69,1.45,3,1,0,UPI,25811.38,374.27,25437.11,17427.2,8009.91
CUST00819,2025-10-18 0:00:00,Delhi,Beauty,Regular,Female,Corporate,35,5,2560.39,15.64,3.6,1,1,Net Banking,12801.95,2002.22,10799.73,6099.27,4700.46
CUST00054,2025-05-27 0:00:00,Delhi,Clothing,Premium,Male,Retail,50,12,23793.93,18.05,4.8,1,0,Net Banking,285527.16,51537.65,233989.51,165255.26,68734.25
CUST01192,2025-02-19 0:00:00,Delhi,Electronics,Regular,Male,Corporate,19,3,19142.19,1.14,4.3,1,0,Cash,57426.57,654.66,56771.91,38427.11,18344.8
CUST00749,2025-02-26 0:00:00,Chennai,Beauty,Premium,Female,Online,41,1,18070.74,35.47,4.7,1,0,Debit Card,18070.74,6409.69,11661.05,9479.32,2181.73
CUST00446,2025-11-17 0:00:00,Mumbai,Electronics,Regular,Male,Retail,53,4,24482.49,35.9,3.6,1,0,Credit Card,97929.96,35156.86,62773.1,46567.37,16205.73
CUST00285,2025-12-28 0:00:00,Chennai,Home & Kitchen,Premium,Female,Corporate,34,11,14400.89,32.67,2.1,1,0,Cash,158409.79,51752.48,106657.31,78182.73,28474.58
CUST01770,2025-07-11 0:00:00,Delhi,Beauty,Regular,Male,Online,26,4,25234.14,16.91,1.7,1,0,Net Banking,100936.56,17068.37,83868.19,49341.71,34526.48
CUST01402,2025-12-01 0:00:00,Chennai,,Regular,Other,Retail,45Y,2,12905.69,1.45,3,1,0,UPI,25811.38,374.27,25437.11,17427.2,8009.91
CUST01899,2025-01-24 0:00:00,Chennai,Electronics,Regular,Male,Corporate,43,5,6463.21,4.5,2.5,1,0,UPI,32316.05,1454.22,30861.83,22415.4,8446.43
CUST01816,2025-07-09 0:00:00,Bengaluru,Electronics,Budget,Male,Retail,59,11,27598.99,14.59,2.6,1,0,Cash,303588.89,44293.62,259295.27,201083.5,58211.77
CUST00788,2025-06-01 0:00:00,Hyderabad,Clothing,Premium,Male,Corporate,39,9,21060.77,11.77,3.1,0,0,Net Banking,189546.93,22309.67,167237.26,108872.79,58364.47
CUST01557,2025-08-31 0:00:00,Chennai,Sports,Premium,Female,Corporate,51,6,4371.86,10.3,1.9,0,0,Debit Card,26231.16,2701.81,23529.35,19539.06,3990.29
CUST01732,2025-11-18 0:00:00,Hyderabad,Electronics,Regular,Male,Corporate,46,8,20979.51,34.59,2.3,1,0,Net Banking,167836.08,58054.5,109781.58,80883.28,28898.3
CUST00958,2025-08-05 0:00:00,Delhi,Home & Kitchen,Premium,Female,Corporate,63,4,9584.14,37.11,4.9,1,0,Debit Card,38336.56,14226.7,24109.86,14509.55,9600.31
CUST01384,2025-09-16 0:00:00,Mumbai,Sports,Budget,Male,Corporate,19,11,13894.66,,3,1,0,Cash,152841.26,29146.83,123694.43,72135.66,51558.77
CUST00620,2025-05-14 0:00:00,Hyderabad,Sports,Premium,Male,Corporate,26,5,6219.83,8.86,1.3,0,0,Credit Card,31099.15,2755.38,28343.77,17029.08,11314.69
CUST00210,2025-06-03 0:00:00,Hyderabad,Clothing,Premium,Female,Retail,38,4,16467.53,26.68,1.8,1,0,Cash,65870.12,17574.15,48295.97,35677.82,12618.15
CUST01821,2025-12-01 0:00:00,Delhi,Sports,Regular,Other,Corporate,55,3,6841.28,28.01,3.2,0,0,Net Banking,20523.84,5748.73,14775.11,9700.8,5074.31
CUST01830,2025-11-03 0:00:00,Bengaluru,Home & Kitchen,Regular,Female,Online,24,4,3716.24,27.3,2.3,1,0,Credit Card,14864.96,4058.13,10806.83,7757.01,3049.82
CUST00664,2025-07-17 0:00:00,Delhi,Clothing,Premium,Female,Corporate,,8,19709.81,0.62,4.9,1,0,Cash,157678.48,977.61,156700.87,120275.67,36425.2
CUST00228,2025-06-18 0:00:00,Chennai,Beauty,Regular,Male,Corporate,32,7,28540.78,3.85,4.2,1,0,Cash,199785.46,7691.74,192093.72,98663.81,93429.91
CUST00657,2025-06-28 0:00:00,Mumbai,Clothing,Regular,Male,Online,26,9,11027.16,13.58,5,1,0,Cash,99244.44,13477.39,85767.05,57386.84,28380.21
CUST01912,2025-11-06 0:00:00,Delhi,Clothing,Premium,Male,Corporate,39,3,18727.95,6.53,1.3,1,0,Net Banking,56183.85,3668.81,52515.04,42108.63,10406.41
CUST00194,2025-07-27 0:00:00,Mumbai,Clothing,Budget,Male,Retail,33,7,5500.23,16.06,1.4,1,0,Credit Card,38501.61,6183.36,32318.25,24693.6,7624.65
CUST01868,2025-07-20 0:00:00,Delhi,Electronics,Budget,Female,Corporate,54,8,11443.09,39.9,2.3,1,Y,Debit Card,91544.72,36526.34,55018.38,45689.98,9328.4
CUST01066,N/A,Delhi,Sports,Regular,Male,Corporate,31,13,15589.92,33.01,1.6,1,0,Net Banking,202668.96,66901.02,135767.94,104579.16,31188.78
CUST01408,2025-12-14 0:00:00,Bengaluru,Beauty,Budget,Male,Corporate,55,3,11402.18,38.85,1.4,1,0,Debit Card,34206.54,13289.24,20917.3,12493.69,8423.61
CUST00234,2025-02-14 0:00:00,Delhi,Clothing,Regular,Male,Retail,59,4,10605.93,29.53,3,1,0,Credit Card,42423.72,12527.72,29896,19529.61,10366.39
CUST01168,2025/02/20,Bengaluru,Sports,Premium,FEMALE,Corporate,44,12,9455.32,15.59,4.6,1,0,Credit Card,113463.84,17689.01,95774.83,68177.14,27597.69
CUST00399,2025-02-02 0:00:00,Mumbai,Sports,Regular,Female,Corporate,31,12,24532.27,10.53,4.7,1,0,Cash,294387.24,30998.98,263388.26,222098.51,41289.75
CUST01132,2025-03-25 0:00:00,Delhi,Clothing,Premium,Male,Retail,41,1,12253.91,28.36,4.9,0,1,Net Banking,12253.91,3475.21,8778.7,4696.7,4082
CUST00946,2025-12-21 0:00:00,Mumbai,Beauty,Regular,Female,Retail,69,7,28118.28,30.75,5,1,0,Net Banking,196827.96,60524.6,136303.36,99695.97,36607.39
CUST01889,2025-01-27 0:00:00,Bengaluru,Sports,Premium,Female,Retail,44,4,29842.98,11.94,2.7,1,0,Debit Card,119371.92,14253.01,105118.91,77381.34,27737.57
CUST00600,2025-08-06 0:00:00,Bengaluru,Home & Kitchen,Regular,Male,Retail,62,14,24130.26,15.85,3.3,1,0,UPI,337823.64,53545.05,284278.59,194329.35,89949.24
CUST01763,2025-02-19 0:00:00,Delhi,Electronics,Regular,Male,Corporate,21,1,6272.15,19.33,1.9,1,0,Debit Card,6272.15,1212.41,5059.74,4269.66,790.08
CUST01573,2025-01-04 0:00:00,Chennai,Clothing,Regular,Female,Online,43,5,7777.98,37.06,5,0,0,Net Banking,38889.9,14412.6,24477.3,15357.17,9120.13
CUST01227,2025-02-22 0:00:00,Hyderabad,Beauty,Premium,Male,Retail,20,3,19013.97,17.09,4.3,1,0,Credit Card,57041.91,9748.46,47293.45,36071.22,11222.23
CUST01555,2025-07-25 0:00:00,Hyderabad,Home & Kitchen,Regular,Female,Retail,38,6,22535.69,14.57,4.8,1,0,Net Banking,135214.14,19700.7,115513.44,63088.91,52424.53
CUST01811,2025-04-04 0:00:00,Bengaluru,Sports,Premium,Female,Online,39,3,13732.44,9.35,1.5,1,0,Cash,164789.28,15407.8,149381.48,89442.58,59938.9
CUST01215,2025-09-09 0:00:00,Chennai,Clothing,Regular,Male,Corporate,59,4,26402.89,12.61,1.5,1,0,Cash,105611.56,13317.62,,47794.5,44499.44
CUST01626,2025-06-11 0:00:00,Pune,Home & Kitchen,Regular,Female,Retail,33,5,19231.89,15.23,2.3,0,0,Cash,96159.45,14645.08,81514.37,65985.36,15529.01
CUST00716,2025-09-22 0:00:00,Bengaluru,Clothing,Budget,Female,Online,60,4,8370.31,31.64,1.9,1,0,Credit Card,33481.24,10593.46,22887.78,16908.56,5979.22
CUST00899,2025-07-28 0:00:00,Hyderabad,Electronics,Premium,Female,Retail,26,3,4859.25,12.23,4.8,0,0,Debit Card,14577.75,1782.86,12794.89,10782.83,2012.06
CUST01897,2025-06-20 0:00:00,Pune,Electronics,Budget,Female,Retail,51,4,24590.44,6.48,2,0,0,Credit Card,98361.76,6373.84,91987.92,50116.27,41871.65
CUST01596,2025-09-28 0:00:00,Mumbai,Clothing,Regular,M,Online,26,10,18432.86,36.74,,1,1,Cash,184328.6,67722.33,116606.27,96156.36,20449.91
CUST01997,2025-08-07 0:00:00,Mumbai,Beauty,Premium,Male,Retail,29,2,13230.7,38.21,3.7,1,0,,26461.4,10110.9,16350.5,9188,7162.5
CUST00636,2025-12-10 0:00:00,Bengaluru,Beauty,Regular,Female,Online,48,14,19289.63,27.7,4.2,1,0,Cash,270054.82,74805.19,195249.63,165651.53,29598.1
CUST01252,2025-09-05 0:00:00,Chennai,Beauty,Premium,Male,Retail,49,8,22843.15,19.29,4.1,0,1,Cash,182745.2,35251.55,147493.65,91648.57,55845.08
CUST01718,2025-03-29 0:00:00,Delhi,Sports,Budget,Male,Online,46,10,15662.64,8.18,4.6,1,0,Debit Card,156626.4,12812.04,143814.36,81631.55,62182.81
CUST01981,2025-11-15 0:00:00,Bengaluru,Home & Kitchen,Regular,Female,Online,49,3,28244.48,13.11,2.2,1,0,Net Banking,84733.44,11108.55,73624.89,53952.1,19672.79
CUST01851,2025-02-17 0:00:00,Chennai,Clothing,Regular,Female,Online,50,3,23796.54,30.53,1.8,0,1,Credit Card,71389.62,21795.25,49594.37,31464.4,18129.97
CUST00232,2025-03-31 0:00:00,Bengaluru,Beauty,Regular,Male,Corporate,28,9,28507.65,37.82,2.9,1,1,Credit Card,256568.85,97034.34,159534.51,109721.45,49813.06
CUST00009,2025-08-03 0:00:00,Hyderabad,Home & Kitchen,Premium,Male,Online,53,11,20840.18,34.95,2.9,1,0,Cash,229241.98,80120.07,149121.91,117116.78,32005.13
CUST01869,2025-09-08 0:00:00,Pune,Electronics,Regular,Female,Retail,56,4,20129.23,6.09,4.6,0,0,Debit Card,80516.92,4903.48,75613.44,53381.08,22232.36
CUST00527,2025-10-10 0:00:00,Pune,Electronics,Budget,Female,Corporate,23,10,8961.5,22.06,3.1,1,0,Credit Card,89615,19769.07,69845.93,38082.36,31763.57
CUST01505,2025-01-17 0:00:00,Chennai,Home & Kitchen,Regular,Female,Online,60,6,28419.75,12.61,1.4,1,0,UPI,170518.5,21502.38,149016.12,93369.76,55646.36
CUST01485,2025-08-01 0:00:00,Pune,Clothing,Regular,Male,Online,19,2,10859.48,26.34,1.7,1,1,Credit Card,21718.96,5720.77,15998.19,11982.82,4015.37
CUST00886,2025-02-09 0:00:00,Mumbai,Sports,Premium,Female,Retail,150,6,5779.57,33.86,1.6,1,0,Cash,34677.42,11741.77,22935.65,17631.99,5303.66
CUST00176,2025-10-11 0:00:00,Pune,Clothing,Regular,Male,Corporate,52,11,11537,5.94,1.1,1,0,UPI,126907,7538.28,119368.72,95671.96,23696.76
CUST00932,2025-09-14 0:00:00,Delhi,Home & Kitchen,Regular,Male,Corporate,46,12,13341.31,3.07,4.6,1,0,Credit Card,160095.72,4914.94,155180.78,84133.42,71047.36
CUST00772,2025-09-06 0:00:00,Hyderabad,Clothing,Regular,Female,Online,59,8,26635.69,34.48,2.8,0,0,Net Banking,213085.52,73471.89,139613.63,105512.07,34101.56
CUST01654,2025-10-26 0:00:00,Chennai,Home & Kitchen,Premium,Male,Online,56,13,18646.5,34.03,3.8,0,0,Cash,242404.5,82490.25,159914.25,94930.07,64984.18
CUST00218,2025-12-22 0:00:00,Bengaluru,Home & Kitchen,Premium,Female,Online,45,13,24920.97,,4.6,1,0,Net Banking,323972.61,71338.77,252633.84,211029,41604.84
CUST01743,2025-01-21 0:00:00,Mumbai,Sports,Budget,Male,Online,23,5 units,11390.61,34.84,4.7,0,0,Net Banking,148077.93,51590.35,96487.58,67834.32,28653.26
CUST00022,2025-04-07 0:00:00,Pune,Sports,Budget,Male,Online,19,11,8877,9.65,1.8,1,0,,97647,9422.94,88224.06,46044.98,42179.08
CUST00502,2025-09-11 0:00:00,Pune,Beauty,Premium,Female,Retail,54,6,5526.75,38.96,3.8,1,0,Net Banking,33160.5,12919.33,20241.17,10670.51,9570.66
CUST00948,2025-01-23 0:00:00,Delhi,Clothing,Premium,Female,Corporate,50,5,,15.41,4.9,1,0,Net Banking,30038.65,4628.96,25409.69,13528.26,11881.43
CUST01361,2025-03-10 0:00:00,Pune,Clothing,Regular,Male,Corporate,56,2,12314.3,11.37,4,1,0,Debit Card,24628.6,2800.27,21828.33,13783.39,8044.94
CUST01877,2025-04-10 0:00:00,Delhi,Clothing,Budget,Male,Online,66,12,4862.98,13.63,3.3,1,0,UPI,58355.76,7953.89,50401.87,38411.06,11990.81
CUST00681,2025-07-19 0:00:00,Hyderabad,Clothing,Budget,Male,Online,64,9,28046.74,28.4,3.5,1,0,Net Banking,252420.66,71687.47,180733.19,143098.08,37635.11
CUST01925,2025-08-18 0:00:00,Mumbai,Home & Kitchen,Regular,Male,Retail,29,11,20059.49,31.27,4.2,Inactive,0,Debit Card,220654.39,68998.63,151655.76,77773.98,73881.78
CUST01346,2025-04-22 0:00:00,Pune,Clothing,Regular,Male,Online,52,6,17040.06,36.03,1.4,0,0,Debit Card,102240.36,36837.2,65403.16,41593.03,23810.13
CUST01155,2025-01-28 0:00:00,Pune,Electronics,Premium,Male,Online,44,3,10044.6,8.59,4.6,1,0,Cash,30133.8,2588.49,27545.31,21770.29,5775.02
CUST01951,2025-08-23 0:00:00,Hyderabad,Clothing,Regular,Female,Corporate,18,4,14240.86,2.3,4.9,1,0,Net Banking,56963.44,1310.16,55653.28,32356.26,23297.02
CUST01885,2025-09-23 0:00:00,Chennai,Clothing,Premium,Male,Retail,29,5,26270.79,22.5,4.9,1,0,Cash,131353.95,29554.64,101799.31,80430.75,21368.56
CUST01265,2025-05-21 0:00:00,Bengaluru,Electronics,Regular,female,Retail,29,8,7742.35,31.33,1.4,1,0,Net Banking,61938.8,19405.43,42533.37,23641.26,18892.11
CUST01423,2025-03-27 0:00:00,Chennai,ELECTRONICS,Regular,Male,Corporate,27,9,4942.88,5.97,3.7,1,1,Credit Card,44485.92,2655.81,41830.11,23739.76,18090.35
CUST00136,2025-07-26 0:00:00,Hyderabad,Home & Kitchen,Regular,Female,Corporate,51,6,22227,34.26,4.9,1,0,Debit Card,133362,45689.82,87672.18,63146.74,24525.44
CUST01574,2025-09-08 0:00:00,Chennai,Home & Kitchen,Premium,Female,Online,54,13,16561.76,2.35,2.9,1,0,UPI,215302.88,5059.62,210243.26,164506.14,45737.12
CUST01890,2025-06-08 0:00:00,Bengaluru,Electronics,Regular,Male,Online,40,10,13864.8,36.26,1.2,0,0,UPI,138648,50273.76,88374.24,71101.63,17272.61
CUST00100,2025-11-27 0:00:00,Chennai,Beauty,Premium,Male,Corporate,31,8,10191.43,16.32,3.9,1,0,Debit Card,81531.44,13305.93,68225.51,35680.52,32544.99
CUST00372,2025-07-11 0:00:00,Chennai,Beauty,Regular,Female,Corporate,41,13,20697.95,5.28,2.5,1,0,Debit Card,269073.35,14207.07,254866.28,207361.88,47504.4
CUST00111,2025-02-16 0:00:00,Mumbai,Sports,Premium,Female,Retail,46,11,6376.72,18.1,4.4,0,0,Net Banking,70143.92,12696.05,57447.87,40532.03,16915.84
CUST00675,2025-08-26 0:00:00,Hyderabad,Electronics,Regular,Female,Retail,35,5,25791.93,1.18,2.8,0,0,Cash,128959.65,1521.72,127437.93,82205.98,45231.95
CUST00463,2025-03-14 0:00:00,Bengaluru,Beauty,Regular,Female,Online,31,14,8012.74,26.91,3.3,0,1,UPI,112178.36,30187.2,81991.16,63072.23,18918.93
CUST00437,2025-09-22 0:00:00,Mumbai,Beauty,Premium,Female,Retail,29,4,16959.38,38.13,4.1,0,0,UPI,67837.52,25866.45,41971.07,29932,12039.07
CUST01605,2025-07-23 0:00:00,Mumbai,Sports,Regular,Male,Retail,41,2,18429.21,0.85,4.9,1,0,Net Banking,36858.42,313.3,36545.12,26520.2,10024.92
CUST00417,2025-02-19 0:00:00,Mumbai,Beauty,Budget,Female,Corporate,57,5,,12,4.9,1,0,Cash,93671.5,11240.58,82430.92,62175.81,20255.11
CUST00181,2025-12-08 0:00:00,Chennai,Clothing,Regular,Male,Corporate,56,7,6144.48,26.14,1.9,0,0,Cash,43011.36,11243.17,31768.19,21468.54,10299.65
CUST01286,2025-12-09 0:00:00,Pune,Sports,Premium,Male,Corporate,56,6,21185.39,16.25,2.2,1,0,Credit Card,127112.34,20655.76,106456.58,71523.98,34932.6
CUST01652,2025-07-14 0:00:00,Pune,Sports,Premium,Female,Corporate,49,13,6212.5,18.6,2.7,1,0,Net Banking,80762.5,15021.82,65740.68,38368.88,27371.8
CUST01052,2025-12-29 0:00:00,Chennai,Clothing,Regular,Female,Corporate,22,6,9535.07,37.58,1.5,1,1,Net Banking,57210.42,21499.68,35710.74,24791.16,10919.58
CUST00402,2025-08-22 0:00:00,Chennai,Beauty,Regular,M,Retail,31,13,9459.98,19.53,2.9,1,0,Debit Card,122979.74,24017.94,98961.8,74227.84,24733.96
CUST00565,2025-08-17 0:00:00,Hyderabad,Electronics,Premium,Male,Corporate,45,13,17744.93,32.2,4.9,0,0,Cash,230684.09,74280.28,156403.81,83594.96,72808.85
CUST00104,2025-07-13 0:00:00,Mumbai,Electronics,Regular,Female,Online,30,4,9846.64,32.95,2.9,1,0,Credit Card,39386.56,12977.87,26408.69,14588.3,11820.39
CUST01101,2025-09-15 0:00:00,Delhi,Sports,Premium,Female,Retail,40,3,534.75,36.3,2,0,0,UPI,1604.25,582.34,1021.91,699,322.91
CUST01026,2025-01-15 0:00:00,Bengaluru,Electronics,Regular,Other,Corporate,24,9,12457.56,4.18,1,0,0,Cash,112118.04,4686.53,107431.51,70951.41,36480.1
CUST00536,2025-08-31 0:00:00,Bengaluru,Electronics,Premium,Male,Corporate,43,1,10344.55,38.97,4.7,0,0,UPI,10344.55,4031.27,6313.28,3212.71,3100.57
CUST01065,2025-04-11 0:00:00,Hyderabad,Sports,Regular,Male,Online,63,5,2324.47,32.4,1.5,0,0,Credit Card,11622.35,3765.64,7856.71,5719.02,2137.69
CUST00083,2025-03-09 0:00:00,Hyderabad,Electronics,Premium,Female,Online,20,5,10345.24,0.96,1.7,1,0,Net Banking,51726.2,496.57,51229.63,38628.48,12601.15
CUST00967,2025-09-02 0:00:00,Delhi,Beauty,Regular,Male,Corporate,38,4,19434.84,8.62,1.3,1,0,Debit Card,77739.36,6701.13,71038.23,52361.61,18676.62
CUST00384,2025-10-05 0:00:00,Bengaluru,Sports,Regular,Female,Retail,18,8,4858.94,26.3,3.3,1,0,Debit Card,38871.52,10223.21,28648.31,15964.72,12683.59
CUST00561,2025-01-07 0:00:00,Pune,Electronics,Budget,Female,Corporate,50,14,10127.35,3.34,4.7,1,0,Debit Card,141782.9,4735.55,137047.35,116288.65,20758.7
CUST01777,2025-09-24 0:00:00,Delhi,Clothing,Premium,Male,Corp,30,4,250000,20.48,3.3,0,0,UPI,73934.96,15141.88,58793.08,30844.03,27949.05
CUST01410,2025-07-07 0:00:00,Hyderabad,Sports,Regular,Male,Retail,50,11,17079.85,27.93,3.8,0,1,UPI,187878.35,52474.42,135403.93,80226.73,55177.2
CUST00375,2025-10-14 0:00:00,Delhi,Electronics,Regular,Male,Retail,69,9,10488.88,28.8,1.3,1,0,Cash,94399.92,27187.18,67212.74,34209.42,33003.32
CUST01725,2025-07-06 0:00:00,Pune,Clothing,Regular,Female,Corporate,31,8,2010.9,5.8,4.8,1,0,Net Banking,16087.2,933.06,15154.14,9281.98,5872.16
CUST01594,2025-01-18 0:00:00,Pune,Sports,Regular,Female,Retail,64,5,8146.04,26.38,3.6,1,0,Credit Card,40730.2,10744.63,29985.57,16792.05,13193.52
CUST00262,2025-04-17 0:00:00,Hyderabad,home & kitchen,Regular,Male,Online,68,2,17287.22,36.64,3.5,1,0,Net Banking,34574.44,12668.07,21906.37,12033.2,9873.17
CUST00800,2025-01-30 0:00:00,Pune,Sports,Regular,Male,Retail,21,8,16929.14,90,2.8,0,0,Debit Card,135433.12,1042.84,134390.28,112130.74,22259.54
CUST01377,2025-03-09 0:00:00,Mumbai,Home & Kitchen,Budget,Female,Retail,38,5,27453,37.85,4.8,1,0,Cash,137265,51954.8,85310.2,54179.09,31131.11
CUST00003,2025-08-19 0:00:00,Pune,Sports,Budget,Male,Retail,30,4,17284.47,17.63,3.1,1,0,Debit Card,69137.88,12189.01,56948.87,34552.04,22396.83
CUST00603,2025-02-10 0:00:00,Delhi,Clothing,Budget,Male,Corporate,40,2,24387.09,7.29,2.2,1,0,Debit Card,48774.18,3555.64,45218.54,32909.09,12309.45
CUST00119,2025-03-02 0:00:00,Chennai,Home & Kitchen,Regular,Female,Corporate,69,11,27848,,2.9,1,0,Cash,306328,90121.7,216206.3,133930.48,82275.82
CUST01764,2025-09-30 0:00:00,Delhi,Electronics,Budget,Male,Retail,N/A,6,24639.58,8.62,1.8,0,0,Net Banking,147837.48,12743.59,135093.89,68149.39,66944.5
CUST00695,2025-12-19 0:00:00,Bengaluru,Sports,Regular,Female,Retail,29,14,17300.87,11.88,4.8,0,0,Credit Card,242212.18,28774.81,213437.37,149888.48,63548.89
CUST00975,2025-05-27 0:00:00,Mumbai,Beauty,Regular,FEMALE,Corporate,60,10,16578.63,16.8,4.1,1,0,Credit Card,165786.3,27852.1,137934.2,99246.35,38687.85
CUST00545,2025-12-25 0:00:00,Bengaluru,Clothing,Prem,Male,Retail,68,14,26324.35,34.01,3,1,0,Net Banking,368540.9,125340.76,243200.14,187654.49,55545.65
CUST00027,2025-01-03 0:00:00,Pune,Electronics,Premium,Female,Retail,69,5,8432.19,21.15,2.2,0,0,Debit Card,42160.95,8917.04,33243.91,21563.45,11680.46
CUST00978,2025-08-02 0:00:00,Delhi,Beauty,Budget,F,Corporate,43,3,2379.38,17.48,4.5,1,0,Net Banking,7138.14,1247.75,5890.39,4822.72,1067.67
CUST01756,2025-10-26 0:00:00,Delhi,Sports,Premium,Female,Retail,69,11,960.42,35.46,4.9,1,0,Cash,10564.62,3746.21,6818.41,4384.09,2434.32
CUST00002,2025-04-09 0:00:00,Mumbai,Electronics,Premium,Male,Corporate,27,1,27251.78,23.25,1.5,1,0,UPI,27251.78,6336.04,20915.74,12514.16,8401.58
CUST01995,2025-07-29 0:00:00,Delhi,Clothing,Premium,Male,Corporate,61,4,10284.27,19.67,3.2,1,0,UPI,41137.08,8091.66,33045.42,17789.09,15256.33
CUST01915,2025-08-10 0:00:00,Delhi,Sports,Regular,Male,Corporate,47,4,3923.41,33.23,3.6,1,0,Net Banking,15693.64,5215,10478.64,5973.59,4505.05
CUST01343,2025-05-14 0:00:00,Pune,Sports,Budget,Male,Retail,41,2,19622.01,37.28,3.9,1,0,Cash,39244.02,14630.17,24613.85,18529.09,6084.76
CUST01880,2025-12-11 0:00:00,Hyderabad,Beauty,Budget,Female,Online,20,4,23717.66,6.33,1.4,1,0,UPI,94870.64,6005.31,88865.33,62826.19,26039.14
CUST00698,2025-01-18 0:00:00,Mumbai,Clothing,Regular,Male,Corporate,21,1,8109.28,21.83,3.2,0,0,Credit Card,8109.28,1770.26,6339.02,5381.03,957.99
CUST00532,2025-12-23 0:00:00,Hyderabad,Sports,Regular,Male,Corporate,31,9,14591.08,33.84,3.9,0,1,Net Banking,131319.72,44438.59,86881.13,56947.13,29934
CUST00145,2025-09-27 0:00:00,Pune,Home & Kitchen,Premium,Male,Online,63,7,12987.29,21.49,3.5,0,1,Credit Card,90911.03,19536.78,71374.25,37253.07,34121.18
CUST01251,2025-11-27 0:00:00,Chennai,Beauty,Regular,Male,Online,60,9,14574.3,17.23,4.1,0,0,Debit Card,131168.7,22600.37,108568.33,91358.94,17209.39
CUST01123,2025-11-18 0:00:00,Bengaluru,Beauty,Regular,Male,Retail,34,2,23237.66,5.28,3.8,1,0,Credit Card,46475.32,2453.9,,33503.9,10517.52
CUST00926,2025-01-27 0:00:00,Pune,Electronics,Regular,Male,Retail,18,10,4365.89,4.05,1.8,1,0,UPI,43658.9,1768.19,41890.71,28322.35,13568.36
CUST00877,2025-12-25 0:00:00,Delhi,Home & Kitchen,Premium,Male,Online,64,200,21121.1,14.93,2.6,0,0,Credit Card,84484.4,12613.52,71870.88,51976.77,19894.11
CUST01571,2025-11-17 0:00:00,Chennai,Beauty,Premium,Female,Online,57,5,16118.37,21.03,1.3,1,0,UPI,80591.85,16948.47,63643.38,49888.4,13754.98
CUST01130,2025-05-29 0:00:00,Pune,Electronics,Budget,Female,Retail,53,200,23160.47,26.55,2.9,0,0,Credit Card,324246.58,86087.47,238159.11,127971.37,110187.74
CUST01526,2025-07-31 0:00:00,Delhi,Electronics,Regular,Female,Corporate,40,11,,16.69,1.8,1,0,Cash,179223.88,29912.47,149311.41,85648.77,63662.64
CUST01223,2025-05-14 0:00:00,Delhi,Sports,Premium,Female,Retail,36,12,26075.77,12.16,4.4,1,0,Cash,312909.24,38049.76,274859.48,232628.43,42231.05
CUST01660,2025-01-21 0:00:00,Hyderabad,Clothing,Premium,Male,Online,18,10,24688.34,16.31,2.7,1,0,UPI,246883.4,40266.68,206616.72,169846.58,36770.14
CUST01405,2025-10-11 0:00:00,Mumbai,Home & Kitchen,Regular,Female,Corporate,42,9,23970.05,29.55,4.7,0,0,UPI,215730.45,63748.35,151982.1,120486.33,31495.77
CUST00775,2025-05-08 0:00:00,Bengaluru,,Premium,Female,Online,27,3,11503.36,30.36,4.7,1,0,Cash,34510.08,10477.26,24032.82,13671.8,10361.02
CUST00231,2025-08-21 0:00:00,Mumbai,Home & Kitchen,Regular,Female,Corporate,18,14,10057.3,3.24,1.4,1,0,Credit Card,140802.2,4561.99,136240.21,88610.03,47630.18
CUST01458,2025-06-11 0:00:00,Bengaluru,Beauty,Regular,Female,Corporate,36,4,17181.72,22.67,2.8,0,0,Credit Card,68726.88,15580.38,53146.5,34881.21,18265.29
CUST00124,2025-11-04 0:00:00,Hyderabad,Sports,Regular,Male,Online,20,10,7349.91,9.14,2.7,1,0,Credit Card,73499.1,6717.82,66781.28,34336.05,32445.23
CUST01741,2025-05-26 0:00:00,Mumbai,Beauty,Regular,Female,Corporate,46,14,28503.49,37.83,4.6,0,0,Net Banking,399048.86,150960.18,248088.68,144648.31,103440.37
CUST01183,2025-01-20 0:00:00,Pune,Electronics,Budget,Female,Retail,27,8,4620.79,12.32,2.8,0,0,Net Banking,36966.32,4554.25,32412.07,24710.74,7701.33
CUST01802,2025-10-14 0:00:00,Chennai,Clothing,Regular,Male,Retail,62,2,7045.32,23.86,2,1,0,Debit Card,14090.64,3362.03,10728.61,7507.73,3220.88
CUST00280,2025-01-30 0:00:00,Hyderabad,Electronics,Regular,Female,Corporate,63,7,10924.99,28.26,3,1,0,Debit Card,76474.93,21611.82,54863.11,46070.64,8792.47
CUST00937,2025-08-31 0:00:00,Delhi,Home & Kitchen,Premium,Male,Corporate,44,3,22888.03,34.22,1.5,1,0,Net Banking,68664.09,23496.85,45167.24,22748.04,22419.2
CUST00072,2025-11-09 0:00:00,Hyderbad,Sports,Budget,Female,Retail,51,6,2472.16,5.13,1.1,1,0,Credit Card,14832.96,760.93,14072.03,11125.56,2946.47
CUST01714,2025-06-12 0:00:00,Delhi,Clothing,Budget,Male,Corporate,54,7,9443.22,16.03,4.7,1,0,Credit Card,66102.54,10596.24,55506.3,37813.9,17692.4
CUST00495,2025-08-20 0:00:00,Hyderabad,Electronics,Budget,Male,Corporate,38,4,14931.45,35.49,3.3,1,0,Cash,59725.8,21196.69,38529.11,26450.19,12078.92
CUST00167,2025-03-15 0:00:00,Chennai,Sports,Budget,Female,Retail,54,12,19811.13,38.53,1.6,1,0,Credit Card,237733.56,91598.74,146134.82,123468.79,22666.03
CUST00989,2025-01-05 0:00:00,Chennai,Sports,Regular,Female,Online,49,5,7571.12,30.4,2.8,1,0,UPI,37855.6,11508.1,26347.5,20475.76,5871.74
CUST00689,2025-12-09 0:00:00,Chennai,Clothing,Premium,Male,Retail,18,7,1565.08,9.59,1.2,1,0,Net Banking,10955.56,1050.64,9904.92,6857.39,3047.53
CUST00432,2025-10-23 0:00:00,Hyderabad,Beauty,Premium,Female,Corporate,37,9,5687.48,3.77,2.8,1,1,Net Banking,51187.32,1929.76,49257.56,41216.7,8040.86
CUST00906,2025-05-11 0:00:00,Bengaluru,Beauty,Budget,Male,Online,35,13,25673.84,7.61,1.5,0,0,Debit Card,333759.92,25399.13,308360.79,260760.61,47600.18
CUST00438,2025-07-28 0:00:00,Bengaluru,Electronics,Premium,Other,Online,69,8,13137.91,33.03,4.7,1,0,UPI,105103.28,34715.61,70387.67,37927.25,32460.42
CUST00094,2025-03-29 0:00:00,Hyderabad,Clothing,Regular,Female,Corporate,59,5,25528.3,25.87,3.1,0,0,UPI,127641.5,33020.86,94620.64,67378.61,27242.03
CUST00316,2025-01-07 0:00:00,Hyderabad,Electronics,Budget,Female,Online,43,2,13477.99,16.22,3.2,1,0,Cash,26955.98,4372.26,22583.72,15988.47,6595.25
CUST00719,2025-06-09 0:00:00,Delhi,Home & Kitchen,Budget,Male,Online,60,6,9857.03,9.59,2.9,1,0,Net Banking,59142.18,5671.74,53470.44,41073.46,12396.98
CUST00435,2025-10-23 0:00:00,Bengaluru,Clothing,Premium,Male,Online,33,2,28850.36,38.48,1.8,0,0,Net Banking,57700.72,22203.24,35497.48,29447.6,6049.88
CUST00091,2025-08-11 0:00:00,Mumbai,Clothing,Premium,Male,Corporate,18,13,,39.15,4.9,1,0,UPI,209804.4,82138.42,127665.98,105886.85,21779.13
CUST00483,2025-03-13 0:00:00,Pune,Home & Kitchen,Regular,Male,Retail,57,3,4524.14,5.23,2.3,0,0,UPI,13572.42,709.84,12862.58,6660.41,6202.17
CUST00381,2025-03-31 0:00:00,Bengaluru,Electronics,Regular,Female,Retail,53,7,22605.87,75,4.5,1,1,UPI,158241.09,25255.28,132985.81,68528.62,64457.19
CUST00476,2025-05-07 0:00:00,Hyderabad,Sports,Regular,Female,Retail,22,10,13895.87,10.49,3.9,1,0,Credit Card,138958.7,14576.77,124381.93,79416.69,44965.24
CUST00928,2025-05-05 0:00:00,Chennai,Home & Kitchen,Budget,Male,Online,21,5,15167.4,18.02,4.6,Yes,0,UPI,75837,13665.83,62171.17,43708.8,18462.37
CUST00808,2025-11-25 0:00:00,Mumbai,Electronics,Premium,Female,Online,64,10,23116.68,32.29,4.5,1,1,Debit Card,231166.8,74643.76,156523.04,80604.19,75918.85
CUST00220,2025-04-26 0:00:00,Mumbai,Sports,Budget,Male,Corporate,66,3,8718.04,12.6,3.2,1,0,Credit Card,26154.12,3295.42,22858.7,19061.99,3796.71
CUST00344,2025-09-17 0:00:00,Hyderabad,Beauty,Regular,Female,Online,31,12,22371.89,25.71,4.3,1,0,UPI,268462.68,69021.76,199440.92,121150.79,78290.13
CUST00114,2025-10-24 0:00:00,Mumbai,Beauty,Regular,Other,Online,22,7,12176.04,7.42,2.9,1,0,UPI,85232.28,6324.24,78908.04,53562.5,25345.54
CUST00423,2025-03-13 0:00:00,Bengaluru,Beauty,Premium,Female,Online,24,5,20178.19,29.94,4.5,1,0,UPI,100890.95,30206.75,70684.2,36931.84,33752.36
CUST00248,2025-08-29 0:00:00,Mumbai,Electronics,Budget,Female,Corporate,49,12,18060.14,2.63,3.7,1,0,Cash,216721.68,5699.78,211021.9,140339.13,70682.77
CUST01056,2025-01-28 0:00:00,Bengaluru,Sports,Regular,Male,Retail,24,10,,29.56,1.2,1,0,Cash,48840.6,14437.28,34403.32,25724.18,8679.14
CUST01560,2025-07-10 0:00:00,Hyderabad,Home & Kitchen,Regular,Male,Corporate,62,12,3978.94,27.66,4.9,1,0,Cash,47747.28,13206.9,34540.38,26105.93,8434.45
CUST01464,2025-05-22 0:00:00,Bengaluru,Electronics,Regular,Female,Retail,43,11,18931.91,17.06,4.7,1,0,Credit Card,208251.01,35527.62,172723.39,95777.63,76945.76
CUST00325,2025-09-17 0:00:00,Hyderabad,Sports,Regular,Male,Retail,43,14,3544.68,33.32,4.1,1,0,Credit Card,49625.52,16535.22,33090.3,23782.87,9307.43
CUST00035,2025-12-28 0:00:00,Pune,Home & Kitchen,Premium,Male,Corporate,22,13,15472.39,8.09,2.2,1,0,UPI,201141.07,16272.31,184868.76,111745.35,73123.41
CUST01863,2025-12-29 0:00:00,Mumbai,Beauty,Budget,Male,Online,58,2,15544.92,16.55,2.3,1,0,Credit Card,31089.84,5145.37,25944.47,17031.94,8912.53
CUST00493,2025-02-03 0:00:00,Bengaluru,Home & Kitchen,Regular,Female,Online,37,10,11832.96,29.14,2.3,1,0,Cash,118329.6,34481.25,83848.35,50541.71,33306.64
CUST01534,2025-02-08 0:00:00,Hyderabad,Electronics,Budget,Female,Online,53,4,15016.63,27.15,4,1,0,Cash,60066.52,16308.06,43758.46,29218,14540.46
CUST00424,2025-04-16 0:00:00,Pune,electronics,Regular,Male,Online,unknown,14,7258.85,26.72,4.2,1,0,Credit Card,101623.9,27153.91,74469.99,46724.81,27745.18
CUST01659,2025-04-04 0:00:00,Chennai,Home & Kitchen,Reg,Male,Online,34,1,12666.38,13.33,3.1,1,0,Net Banking,12666.38,1688.43,10977.95,9220.6,1757.35
CUST01971,2025-09-19 0:00:00,Bengaluru,Electronics,Premium,Female,Online,60,1,19567.17,14.43,1.7,1,0,Cash,19567.17,2823.54,16743.63,9445.73,7297.9
CUST01675,2025-08-02 0:00:00,Hyderabad,Sports,Budget,Male,Online,55,4,3687.05,30.03,4.9,1,0,Debit Card,14748.2,4428.88,10319.32,6646.78,3672.54
CUST01670,2025-09-04 0:00:00,Delhi,Home & Kitchen,Regular,Female,Corporate,51,4,21054.79,15.13,4.1,1,0,Credit Card,84219.16,12742.36,71476.8,47907.23,23569.57
CUST00203,2025-08-08 0:00:00,Hyderabad,Beauty,Regular,Male,Retail,38,1,788.57,13.76,1.4,1,0,Cash,788.57,108.51,680.06,374.06,306
CUST01926,2025-09-28 0:00:00,Chennai,Sports,Budget,Male,Corporate,54,6,22561.88,24.23,3.2,1,0,UPI,135371.28,32800.46,102570.82,58758.48,43812.34
CUST00782,2025-08-03 0:00:00,Chennai,Sports,Premium,Male,Retail,50,11,2664.32,9.93,1.1,1,0,Cash,29307.52,2910.24,26397.28,14919.26,11478.02
CUST01550,2025-05-06 0:00:00,Delhi,Electronics,Regular,Female,Retail,24,7,23607.44,32.71,4.6,0,0,Cash,165252.08,54053.96,111198.12,67245.94,43952.18
CUST01717,2025-02-08 0:00:00,Delhi,Home & Kitchen,Premium,Male,Corporate,46,3,29119.11,33.08,4.1,1,0,Credit Card,87357.33,28897.8,58459.53,33455.34,25004.19
CUST01042,2025-01-25 0:00:00,Pune,Home & Kitchen,Regular,Female,Retail,62,12,16431.72,12.45,2.4,1,0,Cash,197180.64,24548.99,172631.65,120988.47,51643.18
CUST00363,2025-09-06 0:00:00,Hyderabad,Home & Kitchen,Premium,Female,Corporate,55,3,7235.81,23.87,2.9,1,1,Debit Card,21707.43,5181.56,16525.87,12605.41,3920.46
CUST01636,2025-03-07 0:00:00,Chennai,Sports,Budget,Male,Corporate,55,12,9590.18,14.99,4.7,1,0,Debit Card,115082.16,17250.82,97831.34,65477.21,32354.13
CUST01734,2025-07-23 0:00:00,Pune,Home & Kitchen,Regular,Male,Retail,65,2,26249.87,36.46,4.1,0,0,Debit Card,52499.74,19141.41,33358.33,25993.13,7365.2
CUST00814,2025-10-04 0:00:00,Bengaluru,Electronics,Budget,Male,Corporate,36,8,20478.69,13.13,2,1,0,Cash,163829.52,21510.82,142318.7,89299.69,53019.01
CUST01416,2025-06-21 0:00:00,Mumbai,Home & Kitchen,Regular,Male,Corporate,35,12,22676.39,13.67,2.1,0,0,Credit Card,272116.68,37198.35,234918.33,145874.4,89043.93
CUST01111,2025-04-09 0:00:00,Chennai,Electronics,Regular,Male,Online,43,13,25388.41,29.99,4.5,1,0,UPI,330049.33,98981.79,231067.54,175592.45,55475.09
CUST01113,2025-08-23 0:00:00,Pune,Home & Kitchen,Budget,Female,Corporate,28,13,11534.09,39.76,1.9,1,0,Credit Card,149943.17,59617.4,90325.77,48676.05,41649.72
CUST00622,2025-04-04 0:00:00,Pune,Electronics,Premium,Female,Retail,31,7,14412.86,15.02,2,1,0,Cash,100890.02,15153.68,85736.34,43635.02,42101.32
CUST01757,2025-04-10 0:00:00,Bengaluru,Home & Kitchen,Regular,Male,Retail,51,9,28968.48,25.73,2.5,1,0,Cash,260716.32,67082.31,193634.01,133790.5,59843.51
CUST01102,2025-12-26 0:00:00,Mumbai,Clothing,Premium,Female,Retail,18,6,4322.52,17.42,3.9,1,0,Cash,25935.12,4517.9,21417.22,11938.42,9478.8
CUST00936,2025-08-20 0:00:00,Pune,Clothing,Regular,Male,Retail,26,3,6983.76,13.1,,1,0,Net Banking,20951.28,2744.62,18206.66,13835.23,4371.43
CUST00670,2025-05-10 0:00:00,Hyderabad,Sports,Regular,Female,Online,52,7,8952.26,27.2,3.2,1,0,Debit Card,62665.82,17045.1,45620.72,36232.4,9388.32
CUST01738,2025-09-08 0:00:00,Mumbai,Clothing,Budget,Female,Online,61,13,20781.19,,3.2,0,0,Credit Card,270155.47,23422.48,246732.99,129069.46,117663.53
CUST00659,2025-12-21 0:00:00,Chennai,Clothing,Regular,Other,Online,30,8,16963.03,5.54,2.5,0,1,UPI,135704.24,7518.01,128186.23,68979.24,59206.99
CUST00619,2025-06-02 0:00:00,Chennai,Home & Kitchen,Regular,Male,Retail,42,7,29120.26,27.47,2.1,1,0,Credit Card,203841.82,55995.35,147846.47,112977.44,34869.03
CUST00278,2025-12-06 0:00:00,Mumbai,Electronics,Budget,Female,Corporate,54,7,7498.01,1.64,2.6,0,0,UPI,52486.07,860.77,51625.3,26418.35,25206.95
CUST01304,2025-01-17 0:00:00,Chennai,Beauty,Regular,Male,Online,19,3,26337.12,14.97,2.5,1,1,Cash,79011.36,11828,67183.36,53057.64,14125.72
CUST01895,2025-10-09 0:00:00,Delhi,Electronics,Regular,Female,Retail,66,8,4163.43,31.19,3.1,1,0,Net Banking,33307.44,10388.59,22918.85,15900.63,7018.22
CUST01514,2025-04-06 0:00:00,Pune,,Budget,Male,Retail,29,11,4699.04,23.17,4.1,1,0,Debit Card,51689.44,11976.44,39713,28735.75,10977.25
CUST01531,2025-02-19 0:00:00,Chennai,Beauty,Regular,Female,Online,51,11,13956.94,15.68,3.3,1,0,,153526.34,24072.93,129453.41,103356.61,26096.8
CUST00337,2025-08-13 0:00:00,Mumbai,Clothing,Regular,Male,Corporate,23,8,10475.2,13.93,2.3,0,0,Credit Card,83801.6,11673.56,72128.04,46792.87,25335.17
CUST01946,2025-11-22 0:00:00,Hyderabad,Electronics,Regular,Female,Corporate,44,13,17919.66,12.27,1.2,1,0,UPI,232955.58,28583.65,204371.93,153801.37,50570.56
CUST01510,2025-07-16 0:00:00,Chennai,Clothing,Premium,Male,Retail,63,12,25564.04,21.67,4.4,1,N,Net Banking,306768.48,66476.73,240291.75,202216.7,38075.05
CUST00816,2025-10-03 0:00:00,Hyderabad,Sports,Regular,Male,Retail,28,2,13322.95,32.3,3.4,1,0,Debit Card,26645.9,8606.63,18039.27,14512.09,3527.18
CUST01987,2025-04-01 0:00:00,Delhi,Clothing,Premium,Male,Online,61,8,12263.49,31.72,4.3,1,0,Debit Card,98107.92,31119.83,66988.09,36619.44,30368.65
CUST00943,2025-05-12 0:00:00,Mumbai,Sports,Regular,Male,Online,68,8,28798.72,24.26,4.1,1,0,Net Banking,230389.76,55892.56,174497.2,117754.09,56743.11
CUST00634,2025-09-12 0:00:00,Bengaluru,Clothing,Regular,Male,Corporate,62,4,6248.84,9.02,2.6,0,0,Credit Card,24995.36,2254.58,22740.78,17629.3,5111.48
CUST00195,2025-09-09 0:00:00,Bengaluru,Beauty,Budget,Female,Corporate,32,7,21912.17,31.42,1.7,1,0,Cash,153385.19,48193.63,105191.56,59808.12,45383.44
CUST00891,2025-05-30 0:00:00,Pune,Beauty,Regular,Male,Corporate,65,2,1856.79,1.44,4.9,1,0,UPI,3713.58,53.48,3660.1,2991.11,668.99
CUST01371,2025-05-19 0:00:00,Pune,Home & Kitchen,Regular,Female,Corporate,41,10,821.4,15.77,3.2,1,0,Credit Card,8214,1295.35,6918.65,4819.78,2098.87
CUST00389,2025-09-06 0:00:00,Bengaluru,Home & Kitchen,Regular,Female,Retail,42,3,17003.27,8.27,1.2,0,0,Debit Card,51009.81,4218.51,46791.3,32451.25,14340.05
CUST00050,2025-11-28 0:00:00,Hyderabad,Beauty,Regular,Female,Online,50,10,19095.83,22.88,4.5,0,1,Debit Card,190958.3,43691.26,147267.04,107207.49,40059.55
CUST00576,2025-09-11 0:00:00,Chennai,Home & Kitchen,Premium,Female,offline,54,9,11787.57,11.91,4.7,0,1,Credit Card,106088.13,12635.1,93453.03,47525.96,45927.07
CUST00156,2025-08-04 0:00:00,Mumbai,Sports,Premium,Female,Online,54,2,29162.39,39.31,4.1,1,0,UPI,58324.78,22927.47,35397.31,22498.17,12899.14
CUST01275,2025-12-09 0:00:00,Pune,Electronics,Premium,Male,Retail,59,9,24344.07,24.5,4.7,1,0,Cash,219096.63,53678.67,165417.96,94193.9,71224.06
CUST00037,2025-12-15 0:00:00,Chennai,Clothing,Regular,Female,Corporate,46,12,21196.4,1.41,4.3,0,0,Debit Card,254356.8,3586.43,250770.37,176324.72,74445.65
CUST00523,2025-10-04 0:00:00,Pune,Home & Kitchen,Regular,Female,Online,39,13,27619.28,38.15,1.9,0,0,UPI,359050.64,136977.82,222072.82,115946.14,106126.68
CUST00426,2025-03-23 0:00:00,Mumbai,Electronics,Premium,Male,Corporate,22,5,12459.27,27.7,1.7,0,0,Credit Card,62296.35,17256.09,45040.26,37984.43,7055.83
CUST00789,2025-04-11 0:00:00,Hyderabad,Beauty,Regular,Female,Retail,34,4,4846.71,6.68,3.9,1,0,Cash,19386.84,1295.04,18091.8,10791.75,7300.05
CUST01184,2025-08-23 0:00:00,Bengaluru,Home & Kitchen,Regular,Female,Retail,41,3,14733.07,9.67,4.5,1,0,Credit Card,44199.21,4274.06,39925.15,20105.43,19819.72
CUST01127,2025-06-07 0:00:00,Mumbai,Sports,Regular,Female,Online,30,11,9927.64,28.01,3,0,0,UPI,109204.04,30588.05,78615.99,50029.74,28586.25
CUST00710,2025-03-19 0:00:00,Mumbai,Home & Kitchen,Regular,Female,Retail,66,4,17755.52,19.21,5,0,0,Net Banking,71022.08,13643.34,57378.74,41641.05,15737.69
CUST00345,2025-08-12 0:00:00,Pune,Beauty,Premium,Female,Corporate,20,6,13249.55,16.63,4,1,0,UPI,79497.3,13220.4,66276.9,52477.27,13799.63
CUST01809,2025-01-23 0:00:00,Chennai,Electronics,Premium,Female,Corporate,39,12,19408.87,11.25,4.8,1,0,Net Banking,232906.44,26201.97,206704.47,147729.56,58974.91
CUST01415,2025-12-01 0:00:00,Pune,Clothing,Regular,Male,Online,,3,20202.4,3.31,2.3,1,0,Credit Card,60607.2,2006.1,58601.1,41448.61,17152.49
CUST01570,2025-07-28 0:00:00,Delhi,Sports,Regular,Female,Retail,48,4,19135.42,4.43,1.5,1,0,Cash,76541.68,3390.8,73150.88,49297.95,23852.93
CUST00075,2025-01-19 0:00:00,Hyderabad,Beauty,Regular,Male,Online,58,5,13487.34,15.66,2.1,1,0,Net Banking,67436.7,10560.59,56876.11,42858.41,14017.7
CUST01167,2025-10-09 0:00:00,Delhi,Sports,Regular,Male,Online,44,14,8413.15,38.18,3.9,1,0,Debit Card,117784.1,44969.97,72814.13,36702.79,36111.34
CUST00238,2025-04-19 0:00:00,Delhi,Home & Kitchen,Regular,Male,Online,69,7,26946.39,37.97,4.1,1,0,UPI,188624.73,71620.81,117003.92,87113.18,29890.74
CUST01344,2025-08-01 0:00:00,Mumbai,Sports,Regular,Female,Retail,21,5,19441.46,20.02,3,0,0,Debit Card,97207.3,19460.9,77746.4,46095.33,31651.07
CUST00956,2025-06-07 0:00:00,Mumbai,Clothing,Regular,Male,Online,19,1,6059.75,39.75,1.2,1,0,UPI,6059.75,2408.75,3651,1876.41,1774.59
CUST00884,2025-07-05 0:00:00,Delhi,Clothing,Regular,Female,Corporate,25,9,4572.06,8.27,1.4,1,1,Net Banking,41148.54,3402.98,37745.56,22811.3,14934.26
CUST00080,2025-02-26 0:00:00,Mumbai,,Budget,Female,Corporate,21,9,26463.13,21.58,4.1,0,0,Credit Card,238168.17,51396.69,186771.48,111421.2,75350.28
CUST00591,2025-12-16 0:00:00,Mumbai,Home & Kitchen,Premium,Male,Corporate,44,6,10100.86,3.57,3.8,1,0,Net Banking,60605.16,2163.6,58441.56,31400.65,27040.91
CUST01190,2025-08-02 0:00:00,Bengaluru,Home & Kitchen,Regular,Female,Corporate,26,1,9445.39,23.5,2.6,1,0,Net Banking,9445.39,2219.67,7225.72,4258.92,2966.8
CUST00400,2025-12-19 0:00:00,Bengaluru,Electronics,Regular,Male,Online,65,3,1662.39,,2.1,1,1,Debit Card,4987.17,1699.63,3287.54,1947.59,1339.95
CUST01029,2025-04-25 0:00:00,Hyderabad,Sports,Premium,Female,Corporate,69,9,24809.34,27.28,4.6,1,0,Debit Card,223284.06,60911.89,162372.17,89192.29,73179.88
CUST01648,2025-10-03 0:00:00,Mumbai,Home & Kitchen,Regular,Male,Online,23,11,29859.61,11.44,2.7,1,0,UPI,328455.71,37575.33,290880.38,153840.85,137039.53
CUST01454,2025-04-28 0:00:00,Hyderabad,Sports,Premium,Male,Online,23,1,29250.92,26.64,2.1,0,0,Cash,29250.92,7792.45,21458.47,17775.68,3682.79
CUST01364,2025-05-19 0:00:00,Delhi,Beauty,Regular,Male,Corporate,35,2,11289.07,16.24,4.4,1,0,Net Banking,22578.14,3666.69,18911.45,14955.95,3955.5
CUST01469,2025-09-09 0:00:00,Chennai,Home & Kitchen,Budget,Female,Retail,57,9,26808.52,20.2,1.7,1,0,Credit Card,241276.68,48737.89,192538.79,100746.02,91792.77
CUST00951,2025-11-23 0:00:00,Hyderabad,Electronics,Regular,Male,Corporate,26,4,16930.12,26.14,1.5,0,1,Net Banking,67720.48,17702.13,50018.35,29979.59,20038.76
CUST00648,2025-11-03 0:00:00,Hyderabad,Sports,Regular,Female,Online,33,11,26993.37,35.01,3,1,0,UPI,296927.07,103954.17,192972.9,121942.65,71030.25
CUST01092,2025-02-28 0:00:00,Hyderabad,Clothing,Premium,Female,Retail,19,1,4000.76,7.23,5,1,0,UPI,4000.76,289.25,3711.51,2821.65,889.86
CUST00227,2025-05-18 0:00:00,Pune,Home & Kitchen,Regular,Female,Online,27,1,2012.07,6.51,2.4,1,0,Debit Card,2012.07,130.99,1881.08,1481.69,399.39
CUST00783,2025-05-24 0:00:00,Delhi,Electronics,Budget,Female,Corporate,120,9,11462.24,34.44,1.4,0,0,Debit Card,103160.16,35528.36,67631.8,40478.53,27153.27
CUST00544,2025-02-17 0:00:00,Hyderabad,Clothing,Premium,Female,Online,30,10,12643.75,33.54,4.8,1,0,Credit Card,126437.5,42407.14,84030.36,46148.76,37881.6
CUST00723,2025-08-16 0:00:00,Chennai,Sports,Budget,Female,Corporate,26,7,4063.62,23.31,1.8,1,0,UPI,28445.34,6630.61,21814.73,12569.55,9245.18
CUST00756,2025-03-17 0:00:00,Mumbai,Home & Kitchen,Regular,Female,Retail,61,13,25366.81,26.61,4.2,1,0,Cash,329768.53,87751.41,242017.12,191062.13,50954.99
CUST01249,2025-08-16 0:00:00,Chennai,Sports,Premium,Female,Corporate,23,1,19137.59,34.37,4.4,1,0,UPI,19137.59,6577.59,12560,6628.2,5931.8
CUST00962,2025-12-29 0:00:00,Chennai,Home & Kitchen,Premium,Female,Corporate,45,13,21208.05,6.55,4.5,1,0,Credit Card,275704.65,18058.65,257646,167133.56,90512.44
CUST01395,2025-04-21 0:00:00,Chennai,Clothing,Premium,Other,Corporate,60,7,28909.44,35.47,4.1,0,0,UPI,202366.08,71779.25,130586.83,95187.72,35399.11
CUST01665,2025-05-28 0:00:00,Hyderabad,Home & Kitchen,Regular,Male,Retail,40,8,7721.08,29.07,3.4,1,0,Debit Card,61768.64,17956.14,43812.5,25127.34,18685.16
CUST01674,2025-12-26 0:00:00,Mumbai,Beauty,Regular,Male,Online,42,3,28994.15,30,3,1,0,Credit Card,86982.45,26094.74,60887.71,43534.11,17353.6
CUST01433,2025-12-21 0:00:00,Pune,Sports,Premium,Female,Retail,42,6,17474.06,21.78,4.3,1,0,Credit Card,104844.36,22835.1,82009.26,52927,29082.26
CUST00159,15/01/2025,Hyderabad,Clothing,Regular,Male,Retail,34,2,26625.91,15.76,1.6,1,0,Net Banking,53251.82,8392.49,44859.33,37664.92,7194.41
CUST00825,2025-11-10 0:00:00,Bengaluru,Home & Kitchen,Regular,Male,Online,49,5,29869.23,12.17,3.9,0,0,Cash,149346.15,18175.43,131170.72,83882.8,47287.92
CUST01342,2025-08-17 0:00:00,Chennai,Electronics,Regular,Female,Retail,40,9,23961.67,17.22,3.7,1,1,Credit Card,215655.03,37135.8,178519.23,150303.74,28215.49
CUST00524,2025-08-03 0:00:00,Bengaluru,Sports,Budget,Male,Online,66,11,14721.68,3.31,3.8,1,0,Credit Card,161938.48,5360.16,156578.32,105746.99,50831.33
CUST01397,2025-12-22 0:00:00,Pune,Beauty,Budget,Female,Retail,56,13,3185.8,29.31,1.9,1,0,Credit Card,41415.4,12138.85,29276.55,20394.35,8882.2
CUST01040,2025-07-12 0:00:00,Bengaluru,Electronics,Regular,Female,Corporate,23,11,24111.25,15.86,2.1,1,0,Cash,265223.75,42064.49,223159.26,168785.68,54373.58
CUST00182,2025-11-09 0:00:00,Pune,Beauty,Regular,Female,Retail,19,10,19871.76,23.88,3.5,0,0,Net Banking,198717.6,47453.76,151263.84,107929.86,43333.98
CUST01263,2025-06-12 0:00:00,Hyderabad,,Regular,Male,Corporate,47,13,29296.82,8.95,4.5,0,0,Credit Card,380858.66,34086.85,346771.81,225745.05,121026.76
CUST01107,2025-10-10 0:00:00,DELHI,Home & Kitchen,Budget,Male,Retail,24,5,16915.99,35.63,1.6,1,0,Net Banking,84579.95,30135.84,54444.11,36581.99,17862.12
CUST00981,2025-06-26 0:00:00,Chennai,Sports,Regular,Other,Corporate,50,7,22641.32,6.61,2,0,0,Debit Card,158489.24,10476.14,148013.1,77547.3,70465.8
CUST01609,2025-05-21 0:00:00,Hyderabad,Home & Kitchen,Budget,Female,Online,41,1,548,12.17,1.8,1,0,Debit Card,548,66.69,481.31,393.34,87.97
CUST00947,2025-01-08 0:00:00,Chennai,Electronics,Regular,Male,Online,31,14,12475.21,10.49,2.3,0,0,Cash,174652.94,18321.09,156331.85,130882.25,25449.6
CUST00012,2025-04-24 0:00:00,Mumbai,Home & Kitchen,Regular,Male,Retail,34,5,19727.5,5.19,1,1,0,UPI,98637.5,5119.29,93518.21,48205.03,45313.18
CUST01374,2025-04-23 0:00:00,Bengaluru,Home & Kitchen,Premium,Female,Online,19,14,22239.07,11.63,3.7,0,0,UPI,311346.98,36209.65,275137.33,172500.61,102636.72
CUST00589,2025-09-11 0:00:00,Hyderabad,Sports,Regular,Female,Corporate,39,4,14344.24,5.97,4.5,1,0,Net Banking,57376.96,3425.4,53951.56,39601.51,14350.05
CUST01888,2025-03-14 0:00:00,Delhi,Beauty,Regular,Male,Retail,61,4,20420.83,29.93,2.4,0,0,Net Banking,81683.32,24447.82,57235.5,30945.25,26290.25
CUST01194,2025-10-31 0:00:00,Bengaluru,Sports,Regular,Male,Corporate,67,13,17945.48,33.02,2.6,0,0,Net Banking,233291.24,77032.77,156258.47,90139.02,66119.45
CUST00621,2025-04-26 0:00:00,Pune,Home & Kitchen,Budget,Female,Online,61,10,8170.78,6.8,4.7,1,0,Net Banking,81707.8,5556.13,76151.67,45614.89,30536.78
CUST01007,2025-09-01 0:00:00,Delhi,Clothing,Budget,Male,Retail,45,3,20269.63,4.66,3.3,1,0,Net Banking,60808.89,2833.69,57975.2,47741.77,10233.43
CUST00842,2025-01-24 0:00:00,Pune,ELECTRONICS,Regular,Male,Retail,48,1,4368.51,39.05,4.7,1,0,Debit Card,4368.51,1705.9,2662.61,1411.88,1250.73
CUST01159,2025-05-09 0:00:00,Delhi,Home and Kitchen,Premium,Male,Online,30,1,24440.52,22.76,1.3,1,1,Debit Card,24440.52,5562.66,18877.86,14426.63,4451.23
CUST01230,2025-03-29 0:00:00,Delhi,Electronics,Premium,Female,Online,59,10,7286,0.45,3.4,1,0,Credit Card,72860,327.87,72532.13,52896.13,19636
CUST01853,2025-12-15 0:00:00,Mumbai,Sports,Regular,Male,Retail,67,7,19038.47,17.06,3.1,1,1,Cash,133269.29,22735.74,110533.55,85977.54,24556.01
CUST01082,2025-10-22 0:00:00,Hyderabad,Clothing,Premium,Male,Online,41,8,15438.58,14.73,4.2,1,0,UPI,123508.64,18192.82,105315.82,87056.31,18259.51
CUST00876,2025-06-19 0:00:00,Hyderabad,Beauty,Budget,Female,Corporate,33,9,17225.39,31.72,4.8,1,1,Cash,155028.51,49175.04,105853.47,78495.82,27357.65
CUST00478,2025-11-08 0:00:00,Bengaluru,Home & Kitchen,Regular,Male,Corporate,54,1,3154.52,12.07,1.1,1,0,Debit Card,3154.52,380.75,2773.77,1647.69,1126.08
CUST00360,2025-08-13 0:00:00,delhi,Beauty,Regular,Female,Corporate,62,5,2337.74,5.66,3.4,1,0,Net Banking,11688.7,661.58,11027.12,7226.19,3800.93
CUST00542,2025-12-27 0:00:00,Mumbai,Electronics,Budget,Female,Retail,65,6,5331.59,23.59,5,1,0,UPI,31989.54,7546.33,24443.21,15241.84,9201.37
CUST00134,2025-03-19 0:00:00,Delhi,Sports,Regular,Male,Online,51,3,8735.64,32.12,2.2,1,0,Credit Card,26206.92,8417.66,17789.26,15109.69,2679.57
CUST01034,2025-10-31 0:00:00,Bengaluru,Clothing,Premium,Female,Corporate,57,2,17780.33,15.54,4.9,1,0,Net Banking,35560.66,5526.13,30034.53,20485.6,9548.93
CUST00724,2025-10-08 0:00:00,Pune,Clothing,Regular,Male,Online,21,2,14908.5,18.23,1,0,0,UPI,29817,5435.64,24381.36,12895.47,11485.89
CUST01959,2025-03-08 0:00:00,Hyderabad,Home & Kitchen,Regular,Female,Online,28,10,13763.01,33.79,1.9,1,0,Net Banking,137630.1,46505.21,91124.89,64572.47,26552.42
CUST00865,2025-12-30 0:00:00,Hyderabad,Beauty,Premium,Male,Online,53,1,27109.52,37.66,1.3,1,0,Cash,27109.52,10209.45,16900.07,11477.57,5422.5
CUST00768,2025-07-17 0:00:00,delhi,Clothing,Regular,Male,Retail,26,6,23524.16,0.6,3.9,1,0,Cash,141144.96,846.87,140298.09,93412.08,46886.01
CUST00984,2025-05-20 0:00:00,Bengaluru,Beauty,Premium,Female,Online,49,1,20010.94,4.69,2.2,0,0,Debit Card,20010.94,938.51,19072.43,15546.89,3525.54
CUST00965,2025-04-20 0:00:00,Delhi,Clothing,Regular,Female,Online,36,14,430.56,35.38,2.7,1,0,UPI,6027.84,2132.65,3895.19,2467.31,1427.88
CUST01038,2025-07-22 0:00:00,Hyderabad,Clothing,Premium,Male,Online,35,6,12843.92,7.64,3.3,0,0,Net Banking,77063.52,5887.65,71175.87,38013.78,33162.09
CUST01094,2025-06-03 0:00:00,Chennai,Home & Kitchen,Regular,Female,Corporate,42,8,27435.08,15.29,1.1,1,0,Credit Card,219480.64,33558.59,185922.05,138879.1,47042.95
CUST01908,2025-02-10 0:00:00,Pune,Clothing,Regular,Male,Online,58,5,25156.08,10.58,1.9,1,0,Debit Card,125780.4,13307.57,112472.83,81631.46,30841.37
CUST00049,2025-03-06 0:00:00,Delhi,Electronics,Regular,Female,Retail,20,8,7220.71,24.19,4.6,1,1,UPI,57765.68,13973.52,43792.16,28046.47,15745.69
CUST01621,2025-07-27 0:00:00,Hyderabad,Beauty,Premium,Female,Retail,43,13,7126.28,16.09,2.1,1,0,Debit Card,92641.64,14906.04,77735.6,52668.06,25067.54
CUST01733,2025-03-01 0:00:00,Delhi,Electronics,Budget,Male,offline,35,6,9488.62,5.38,3.6,1,0,Debit Card,56931.72,3062.93,53868.79,31232.73,22636.06
CUST00940,2025-06-14 0:00:00,Delhi,Sports,Premium,Female,Retail,26,8,18826.91,35.07,4.8,0,1,Net Banking,150615.28,52820.78,97794.5,80497.07,17297.43
CUST00160,2025-12-24 0:00:00,Mumbai,Electronics,Premium,Male,Online,24,5,16202.16,35.27,2.1,1,0,Cash,81010.8,28572.51,52438.29,33198.77,19239.52
CUST01158,2025-03-09 0:00:00,Hyderabad,Clothing,Regular,Other,Online,62,3,16234.21,1.89,4.4,1,0,Net Banking,48702.63,920.48,47782.15,29809.79,17972.36
CUST01664,2025-07-08 0:00:00,Delhi,Sports,Premium,Other,Online,40,9,9653.5,33.41,2.9,1,0,Net Banking,86881.5,29027.11,57854.39,33020.67,24833.72
CUST00931,2025-10-15 0:00:00,Hyderabad,Clothing,Premium,Male,Corporate,66,1,11734.92,30.93,2.1,1,0,Cash,11734.92,3629.61,8105.31,6684.13,1421.18
CUST01074,2025-08-17 0:00:00,Pune,Electronics,Regular,Male,Online,40,1,21792.18,14.21,1.5,1,0,Cash,21792.18,3096.67,18695.51,10692.49,8003.02
CUST01356,2025/02/20,Chennai,Electronics,Budget,Male,Corporate,22,9,unknown,23.06,,1,1,Debit Card,112670.1,25981.73,86688.37,56988.04,29700.33
CUST00096,2025-07-18 0:00:00,Delhi,Home & Kitchen,Budget,Male,Online,20,10,3706.76,39.3,3.4,1,0,Debit Card,37067.6,14567.57,22500.03,13865.32,8634.71
CUST00208,2025-12-10 0:00:00,Pune,Sports,Regular,Female,Corporate,22,7,18230.78,25.11,4,1,0,Net Banking,127615.46,32044.24,95571.22,77919.25,17651.97
CUST01290,2025-04-09 0:00:00,Delhi,Beauty,Regular,Male,Corporate,34,10,28967.02,33.98,4.3,1,1,UPI,289670.2,98429.93,191240.27,107503.06,83737.21
CUST01398,2025-08-28 0:00:00,Hyderabad,Home & Kitchen,Regular,Female,Retail,23,2,371.34,14.51,1.5,0,0,Credit Card,742.68,107.76,634.92,476.9,158.02
CUST00845,2025-11-05 0:00:00,Mumbai,Clothing,Regular,Male,Retail,40,13,9219.72,33.87,3.2,1,0,Cash,119856.36,40595.35,79261.01,62772.37,16488.64
CUST00010,2025-08-14 0:00:00,Chennai,Electronics,Premium,Male,Online,44,14,7230.04,0.71,2,1,0,Cash,101220.56,718.67,100501.89,51337.9,49163.99
CUST01358,2025-01-04 0:00:00,Hyderabad,Clothing,Premium,Male,Retail,61,3,6907.58,26.44,2.4,1,0,Net Banking,20722.74,5479.09,15243.65,10120.35,5123.3
CUST00948,2025-01-23 0:00:00,Delhi,Clothing,Premium,Female,Corporate,50,5,,15.41,4.9,1,0,Net Banking,30038.65,4628.96,25409.69,13528.26,11881.43
CUST00127,2025-05-22 0:00:00,Chennai,Beauty,Premium,Female,Online,37,8,21445.4,12.24,2.1,1,0,Credit Card,171563.2,20999.34,150563.86,127069.55,23494.31
CUST01004,2025-02-28 0:00:00,Delhi,Home & Kitchen,Premium,Female,Online,45Y,7,18833.42,9.34,3.9,0,0,UPI,131833.94,12313.29,119520.65,72674.39,46846.26
CUST01535,2025-05-06 0:00:00,Bengaluru,Electronics,Budget,Male,Retail,40,9,23169.81,16.47,1.4,1,0,Debit Card,208528.29,34344.61,174183.68,98803.41,75380.27
CUST00705,2025-05-07 0:00:00,Pune,Home & Kitchen,Regular,Male,Retail,62,1,29017.48,,4.5,0,0,Debit Card,29017.48,4332.31,24685.17,16015.64,8669.53
CUST00380,2025-09-14 0:00:00,Mumbai,Electronics,Premium,Female,Online,53,7,29563.62,36.78,1.1,0,0,Net Banking,206945.34,76114.5,130830.84,109956.38,20874.46
CUST00914,2025-08-28 0:00:00,Chennai,Home & Kitchen,Regular,Female,Online,26,6,29425.39,25.84,4.7,0,0,Net Banking,176552.34,45621.12,130931.22,97323.36,33607.86
CUST01191,2025-05-16 0:00:00,Pune,Sports,Regular,Male,Corporate,35,10,11119.44,29.73,1.1,1,0,Credit Card,111194.4,33058.1,78136.3,59443.38,18692.92
CUST00466,2025-01-31 0:00:00,Hyderabad,Sports,Budget,Female,Online,40,13,22551.76,17.48,2.8,1,0,Cash,293172.88,51246.62,241926.26,161557.67,80368.59
CUST01684,2025-12-24 0:00:00,Mumbai,Home & Kitchen,Premium,Female,Online,60,10,6785.35,16.99,2.7,1,0,Credit Card,67853.5,11528.31,56325.19,38071.63,18253.56
CUST00007,Jan-25-2025,Chennai,Home & Kitchen,Budget,Male,Retail,20,6,25609.33,20.19,4,1,0,Cash,153655.98,31023.14,122632.84,76772.47,45860.37
CUST00515,2025-01-09 0:00:00,Delhi,Home & Kitchen,Regular,Male,Retail,64,13,4720.3,7.35,1.9,0,1,Net Banking,61363.9,4510.25,56853.65,41063.4,15790.25
CUST00445,2025-11-08 0:00:00,Hyderabad,Clothing,Regular,Male,Corporate,28,9,12357.33,37.57,2,1,0,Credit Card,111215.97,41783.84,69432.13,57635.83,11796.3
CUST01489,2025-09-08 0:00:00,Delhi,Beauty,Regular,Male,Online,68,50,24747.44,31.45,3.3,1,0,Net Banking,24747.44,7783.07,16964.37,12145.16,4819.21
CUST00613,2025-05-02 0:00:00,Delhi,Beauty,Budget,Male,Retail,69,13,5605.78,15.22,2.2,1,0,Debit Card,72875.14,11091.6,61783.54,32754.99,29028.55
CUST01817,2025-09-03 0:00:00,Delhi,Beauty,Premium,Female,Online,59,7,20165.71,16.77,4.7,0,0,Credit Card,141159.97,23672.53,117487.44,63339.1,54148.34
CUST00858,2025-02-28 0:00:00,Delhi,Sports,Premium,Female,Online,40,5,13803.62,1.09,3.8,1,0,Debit Card,69018.1,752.3,68265.8,35056.94,33208.86
CUST00011,2025-04-07 0:00:00,Delhi,Sports,Regular,Female,Corporate,60,9,26935.82,90,2.3,1,1,Debit Card,242422.38,18908.95,223513.43,169068.64,54444.79
CUST01932,2025-03-08 0:00:00,Chennai,Beauty,Regular,Male,Online,24,6,18125.25,28.44,2.1,1,0,Net Banking,108751.5,30928.93,77822.57,40970.86,36851.71
CUST00067,2025-02-13 0:00:00,Hyderabad,Sports,Premium,Female,Online,42,10,21757.82,10.53,4.8,1,0,Net Banking,217578.2,22910.98,194667.22,136636,58031.22
CUST00275,2025-03-13 0:00:00,Mumbai,Sports,Regular,Male,Retail,55,12,22500.32,16.99,4.1,1,0,Net Banking,270003.84,45873.65,224130.19,144368.71,79761.48
CUST01961,2025-05-21 0:00:00,Bengaluru,Home & Kitchen,Premium,Female,Online,24,11,21040.43,8.67,3.3,1,0,Debit Card,231444.73,20066.26,211378.47,149909.44,61469.03
CUST00140,2025-02-10 0:00:00,Delhi,Clothing,Regular,Male,Online,38,11,12747.66,12.21,4.7,1,0,Debit Card,140224.26,17121.38,123102.88,71680.41,51422.47
CUST01616,2025-05-10 0:00:00,Pune,Electronics,Regular,Male,Corporate,53,6,22425.07,27.41,4.5,1,0,Cash,134550.42,36880.27,97670.15,81470.51,16199.64
CUST00431,2025-03-03 0:00:00,Mumbai,Beauty,Budget,Female,Online,31,13,3361.63,17.33,3.9,1,0,Net Banking,43701.19,7573.42,36127.77,28675.22,7452.55
CUST00103,2025-04-10 0:00:00,Mumbai,Clothing,Regular,Male,Online,26,2,24000.53,29.06,,1,0,Cash,48001.06,13949.11,34051.95,18942.63,15109.32
CUST01784,2025-09-25 0:00:00,Chennai,Electronics,Budget,Male,Online,56,14,13004.64,25.1,4.9,0,0,Net Banking,182064.96,45698.3,136366.66,70923.65,65443.01
CUST00401,2025-10-25 0:00:00,Bengaluru,Sports,Regular,male,Online,64,11,14067.45,0.14,3,1,0,Debit Card,154741.95,216.64,154525.31,121365.02,33160.29
CUST00569,2025-07-28 0:00:00,Hyderabad,Sports,Budget,Female,Retail,19,2,27879.29,38.93,2.6,0,0,Net Banking,55758.58,21706.82,34051.76,18189.34,15862.42
CUST01952,2025-07-19 0:00:00,Bengaluru,Sports,Premium,Female,Corp,60,12,7344.63,26.29,1.8,1,0,Cash,88135.56,23170.84,64964.72,32782.46,32182.26
CUST00487,2025-08-23 0:00:00,Mumbai,Home & Kitchen,Budget,Female,Online,22,9,21582,7.94,1.8,1,0,UPI,194238,15422.5,178815.5,114829.65,63985.85
CUST01577,2025-06-23 0:00:00,Hyderabad,Clothing,Premium,Male,Corporate,45Y,7,2960.19,10.04,3,1,0,UPI,20721.33,2080.42,18640.91,15278.66,3362.25
CUST00286,2025-03-23 0:00:00,Pune,Sports,Budget,Female,Retail,26,14,758.75,29.71,2.9,1,0,UPI,10622.5,3155.94,7466.56,5410.39,2056.17
CUST00364,2025-08-05 0:00:00,Delhi,,Regular,Female,Online,23,6,1789.65,1.97,1.7,1,0,Debit Card,10737.9,211.54,10526.36,6783.57,3742.79
CUST01680,2025-09-16 0:00:00,Hyderabad,Sports,Regular,Female,Retail,32,1,25399.08,37.78,4.8,1,0,Cash,25399.08,9595.77,15803.31,8507.84,7295.47
CUST00580,2025-06-13 0:00:00,Pune,Beauty,Budget,Male,Corporate,25,12,18995.54,30.31,3.2,1,0,Cash,227946.48,69090.58,158855.9,133032.97,25822.93
CUST00254,2025-03-26 0:00:00,Mumbai,Clothing,Regular,Female,Retail,53,6,6224.45,26.79,3.7,1,0,Debit Card,37346.7,10005.18,27341.52,21615.73,5725.79
CUST01711,2025-02-12 0:00:00,Mumbai,Electronics,Budget,Male,Retail,35,1,9056.23,14.12,1.2,1,0,UPI,9056.23,1278.74,7777.49,4861.37,2916.12
CUST00023,2025-07-28 0:00:00,Delhi,Electronics,Regular,Female,Corporate,54,8,2364.04,15.98,2.3,1,0,UPI,18912.32,3022.19,15890.13,13486.17,2403.96
CUST00551,2025-07-01 0:00:00,Bengaluru,Home & Kitchen,Premium,Female,Corporate,67,4,13885.75,9.27,2.6,1,0,Debit Card,55543,5148.84,50394.16,41941.23,8452.93
CUST00626,2025-06-13 0:00:00,Bengaluru,Electronics,Budget,Male,Online,39,13,6638.59,0.97,4.8,1,1,Net Banking,86301.67,837.13,85464.54,59182.68,26281.86
CUST00691,2025-05-29 0:00:00,Bengaluru,Clothing,Premium,Male,Corporate,30,9,23304.39,13.94,2.4,1,0,Debit Card,209739.51,29237.69,180501.82,97185.86,83315.96
CUST01436,2025-05-31 0:00:00,Pune,Home & Kitchen,Premium,Female,Retail,42,3,6652.5,30.84,2.7,1,0,Credit Card,19957.5,6154.89,13802.61,8269.03,5533.58
CUST00439,2025-09-16 0:00:00,Bengaluru,Beauty,Budget,Female,Corporate,38,9,27336.56,25.35,1.9,1,0,UPI,246029.04,62368.36,183660.68,93836.48,89824.2
CUST00014,2025-02-17 0:00:00,Bengaluru,Home & Kitchen,Budget,Male,Online,27,14,9424.74,,2.5,0,0,UPI,131946.36,4024.36,127922,87977.45,39944.55
CUST00921,2025-01-17 0:00:00,Mumbai,Home & Kitchen,Budget,Male,Online,27,2,2763.76,33.47,1,1,0,Debit Card,5527.52,1850.06,3677.46,2397.03,1280.43
CUST01164,2025-05-17 0:00:00,Mumbai,Home & Kitchen,Regular,Male,Corporate,64,5,7506.37,31.59,2.7,0,1,UPI,37531.85,11856.31,25675.54,18731.49,6944.05
CUST00844,2025-10-26 0:00:00,Chennai,Home & Kitchen,Premium,Male,Retail,46,4,2660.68,21.41,3.2,1,0,Debit Card,10642.72,2278.61,8364.11,6330.78,2033.33
CUST00241,2025-09-05 0:00:00,Hyderabad,Sports,Regular,Male,Online,26,3,26778.8,5.06,1.5,1,0,Cash,80336.4,4065.02,76271.38,57593.78,18677.6
CUST00539,2025-10-12 0:00:00,Hyderabad,Beauty,Regular,Female,Online,42,2,20931.22,37.69,3.9,1,0,Credit Card,41862.44,15777.95,26084.49,20239.83,5844.66
CUST00449,2025-11-23 0:00:00,Mumbai,Sports,Premium,Female,Corporate,53,9,4805.36,9.2,1.2,N,0,Cash,43248.24,3978.84,39269.4,23149.69,16119.71
CUST00855,2025-02-09 0:00:00,Chennai,Home & Kitchen,Regular,Female,Retail,19,4,25539.49,11.08,1.9,1,1,Net Banking,102157.96,11319.1,90838.86,70719.46,20119.4
CUST00830,2025-11-24 0:00:00,Delhi,Clothing,Regular,Female,Retail,44,3,28908.56,10.9,3.4,1,0,Net Banking,86725.68,9453.1,77272.58,48299.44,28973.14
CUST00172,2025-02-15 0:00:00,Bengaluru,Electronics,Premium,Female,Corporate,53,5,"$20,000",33.25,1.9,1,0,Net Banking,132361.6,44010.23,88351.37,54000.69,34350.68
CUST01130,2025-05-29 0:00:00,Pune,Electronics,Budget,Female,Retail,53,200,23160.47,26.55,2.9,0,0,Credit Card,324246.58,86087.47,238159.11,127971.37,110187.74
CUST00477,2025-01-07 0:00:00,Mumbai,Sports,Regular,Male,Corporate,65,11,2421,36.04,4,1,0,Debit Card,26631,9597.81,17033.19,13854.25,3178.94
CUST01010,2025-07-18 0:00:00,Delhi,Home & Kitchen,Premium,Female,Online,27,13,12486.06,18.02,3.1,1,0,Net Banking,162318.78,29249.84,133068.94,73800.38,59268.56
CUST01470,2025-01-20 0:00:00,Hyderabad,Clothing,Regular,Male,Corporate,64,13,4893.97,33.98,,1,0,Cash,63621.61,21618.62,42002.99,29132.6,12870.39
CUST01204,2025-09-22 0:00:00,Delhi,Home & Kitchen,Premium,Male,Online,46,4,28210.42,32.3,4,1,0,UPI,112841.68,36447.86,,54875.18,21518.64
CUST00709,2025-03-13 0:00:00,Hyderabad,Beauty,Premium,Male,Corporate,28,1,16641.26,7.25,5,1,0,Net Banking,16641.26,1206.49,15434.77,9664.37,5770.4
CUST01390,2025-08-29 0:00:00,delhi,Sports,Regular,Male,Retail,55,12,19696.64,0.95,3.7,0,0,Debit Card,236359.68,2245.42,234114.26,143187.53,90926.73
CUST00222,2025-01-08 0:00:00,Hyderabad,Clothing,Budget,Female,Retail,26,14,7960.88,23.15,3.5,1,0,,111452.32,25801.21,85651.11,57323.85,28327.26
CUST01855,2025-02-17 0:00:00,Pune,Sports,Regular,Male,Retail,47,3,12561.42,,2.2,1,0,Cash,37684.26,8539.25,29145.01,16582.88,12562.13
CUST01177,2025-10-31 0:00:00,,Beauty,Budget,Female,Corporate,37,14,19399.16,20.55,4.8,1,0,UPI,271588.24,55811.38,215776.86,144721.28,71055.58
CUST00122,2025-11-20 0:00:00,Mumbai,Sports,Regular,Male,Retail,21,10,8916.74,25.2,1.4,1,0,Net Banking,89167.4,22470.18,66697.22,52808.4,13888.82
CUST00667,2025-08-09 0:00:00,Delhi,Clothing,Budget,Male,Corporate,25,12,8042.54,26.38,2.8,0,0,Net Banking,96510.48,25459.46,71051.02,50273.76,20777.26
CUST00704,2025-07-31 0:00:00,Bengaluru,Sports,Regular,Male,Corporate,19,9,26995.2,26.71,1.3,1,1,Cash,242956.8,64893.76,178063.04,146539.57,31523.47
CUST01307,2025-05-18 0:00:00,Chennai,Sports,Regular,Female,Corporate,48,3,6367.6,6.94,2.2,1,0,UPI,19102.8,1325.73,17777.07,11831.93,5945.14
CUST01612,2025-12-11 0:00:00,Hyderabad,Electronics,Premium,Male,Online,67,8,29647.91,27.58,2.6,1,0,Credit Card,237183.28,65415.15,171768.13,99193.98,72574.15
CUST00504,2025-08-23 0:00:00,Hyderabad,Electronics,Regular,Female,Online,43,2,27921.04,7.24,3.5,1,0,Debit Card,55842.08,4042.97,51799.11,33560.44,18238.67
CUST01614,2025-10-02 0:00:00,Hyderabad,Beauty,Regular,Male,Retail,34,7,5672.82,,4.6,1,0,Cash,39709.74,14180.35,25529.39,18119.86,7409.53
CUST00739,2025-12-04 0:00:00,Delhi,Sports,Regular,Female,Corporate,41,twenty,"$20,000",0.95,3.8,1,0,Debit Card,118459.4,1125.36,117334.04,70909.52,46424.52
CUST01387,2025-01-06 0:00:00,Bengaluru,Clothing,Budget,Female,Retail,21,6,6462.36,27.04,2.8,1,0,Cash,38774.16,10484.53,28289.63,20837.51,7452.12
CUST00917,2025-03-04 0:00:00,Mumbai,Sports,Budget,Female,Online,29,6,19566.61,9.65,2.8,1,0,Net Banking,117399.66,11329.07,106070.59,62941.67,43128.92
CUST01723,2025-01-22 0:00:00,Mumbai,Clothing,Regular,Male,Online,36,12,2118.04,16.3,2.8,1,0,Net Banking,25416.48,4142.89,21273.59,16763.77,4509.82
CUST01807,2025-09-18 0:00:00,Chennai,Beauty,Regular,Female,Retail,64,8,4795.91,4.05,2.5,1,0,Cash,38367.28,1553.87,36813.41,18693.1,18120.31
CUST01644,2025-08-03 0:00:00,Pune,Sports,Regular,Female,Online,,9,9855.14,9.22,4.5,1,0,Credit Card,88696.26,8177.8,80518.46,59348.13,21170.33
CUST01114,2025-12-01 0:00:00,Chennai,Electronics,Budget,Female,Online,55,7,5320.21,5.77,1.2,1,0,Credit Card,37241.47,2148.83,35092.64,27423.77,7668.87
CUST01773,2025-09-12 0:00:00,Chennai,Home & Kitchen,Regular,Female,Corporate,67,7,18807.55,3.47,1.3,0,1,Cash,131652.85,4568.35,127084.5,83559.48,43525.02
CUST00173,2025-05-03 0:00:00,Hyderabad,Beauty,Regular,Female,Corporate,65,6,23992.97,25.84,,1,0,Cash,143957.82,37198.7,106759.12,85918.73,20840.39
CUST01702,2025-03-01 0:00:00,Hyderabad,Home & Kitchen,Regular,Male,Corporate,56,8,12602.23,20.57,3.6,1,0,Cash,100817.84,20738.23,80079.61,60411.25,19668.36
CUST00468,2025-01-24 0:00:00,Bengaluru,Beauty,Budget,Male,Corporate,60,5,7999.82,6.77,3.2,1,0,Net Banking,39999.1,2707.94,37291.16,30672.18,6618.98
CUST00968,2025-12-29 0:00:00,Chennai,Clothing,Budget,Female,Corporate,44,13,22242.27,15.69,2.3,1,0,Net Banking,289149.51,45367.56,243781.95,138171.24,105610.71
CUST00382,2025-10-12 0:00:00,Delhi,Home & Kitchen,Regular,Female,Online,59,10,21791.26,8.03,3.7,1,0,Cash,217912.6,17498.38,200414.22,163231.87,37182.35
CUST01381,2025-04-30 0:00:00,Bengaluru,Beauty,Regular,Male,Retail,49,6,17067.89,28.7,4.2,1,1,Net Banking,102407.34,29390.91,73016.43,43311.78,29704.65
CUST01250,N/A,Pune,Beauty,Regular,Other,Corporate,59,10,20003.39,30.29,5,0,0,Net Banking,200033.9,60590.27,139443.63,91828.13,47615.5
CUST00251,2025-05-07 0:00:00,Chennai,Beauty,Regular,Female,Corporate,64,9,23645.86,13.74,3.6,0,0,Credit Card,212812.74,29240.47,183572.27,143967.68,39604.59
CUST01401,2025-02-26 0:00:00,Chennai,Clothing,Regular,Male,Retail,67,3,27659.67,35.71,4.9,0,1,Debit Card,82979.01,29631.8,53347.21,30149.41,23197.8
CUST01803,2025-12-29 0:00:00,Chennai,Beauty,Regular,Male,Corporate,64,5,28988.77,8.72,1.9,0,0,Net Banking,144943.85,12639.1,132304.75,79056.21,53248.54
CUST01013,2025-05-09 0:00:00,Hyderabad,Home & Kitchen,Premium,Male,Retail,49,4,,39.96,2,1,1,Net Banking,9079.88,3628.32,5451.56,4479.78,971.78
CUST00365,2025-08-12 0:00:00,Chennai,Electronics,Regular,Male,Retail,37,5,25483.94,11.94,3.7,1,0,Cash,127419.7,15213.91,112205.79,68484.06,43721.73
CUST01768,2025-04-12 0:00:00,Pune,Clothing,Regular,Female,Retail,50,twenty,12749.39,9.8,3,1,0,Debit Card,63746.95,6247.2,57499.75,38904.89,18594.86
CUST01462,2025-04-16 0:00:00,Chennai,Beauty,Regular,Female,Retail,18,1,22790.57,17.78,4.9,1,0,UPI,22790.57,4052.16,18738.41,11326.31,7412.1
CUST01873,2025-02-26 0:00:00,Pune,Home & Kitchen,Regular,Male,Retail,31,2,20214.75,23.55,3,0,0,Debit Card,40429.5,9521.15,30908.35,18299.76,12608.59
CUST00671,2025-03-05 0:00:00,Chennai,Beauty,Budget,Female,Corporate,50,4,15429.12,18.48,2.5,1,0,UPI,61716.48,11405.21,50311.27,34009.26,16302.01
CUST01296,2025-01-08 0:00:00,Bengaluru,Beauty,Budget,Female,Retail,46,7,9089.83,30.81,1.5,0,1,Credit Card,63628.81,19604.04,44024.77,34203.45,9821.32
CUST00639,2025-02-03 0:00:00,Chennai,Electronics,Premium,Other,Corporate,52,3,3494.94,34.67,2.3,1,0,Net Banking,10484.82,3635.09,6849.73,3888.52,2961.21
CUST00924,2025-04-03 0:00:00,Mumbai,Home & Kitchen,Regular,Female,Corporate,33,11,6386.81,22.59,4.3,1,0,UPI,70254.91,15870.58,54384.33,34112.34,20271.99
CUST00720,2025-01-27 0:00:00,Chennai,Clothing,Regular,Male,Corporate,31,2,15775.58,0.33,4.5,0,0,Cash,31551.16,104.12,31447.04,17814.96,13632.08
CUST00317,2025-12-23 0:00:00,Delhi,Clothing,Regular,Female,Online,36,13,3923.17,16.75,1.1,1,0,Net Banking,51001.21,8542.7,42458.51,28338.18,14120.33
CUST00137,2025-03-07 0:00:00,Bengaluru,Home & Kitchen,Regular,Female,Corporate,52,7,15775.2,6.22,4.9,1,0,Net Banking,110426.4,6868.52,103557.88,61528.53,42029.35
CUST00804,2025-09-15 0:00:00,Delhi,Home & Kitchen,Regular,Male,Retail,52,1,13064.18,23.17,3.8,1,1,Credit Card,13064.18,3026.97,10037.21,6584.38,3452.83
CUST01865,2025-01-09 0:00:00,Chennai,Clothing,Premium,Female,Retail,65,13,4382.14,16.93,4.3,1,0,Debit Card,56967.82,9644.65,47323.17,35571.06,11752.11
CUST01947,2025-01-22 0:00:00,Bengaluru,Home & Kitchen,Budget,Female,Online,59,8,2551.95,9.2,1.6,Yes,0,Cash,20415.6,1878.24,18537.36,14308.53,4228.83
CUST00367,2025-11-18 0:00:00,Chennai,Beauty,Regular,Male,Online,26,14,6392.88,7.27,3.9,1,0,Credit Card,89500.32,6506.67,82993.65,51520.73,31472.92
CUST01569,2025-06-21 0:00:00,Pune,Beauty,Regular,Male,Corporate,46,7,15797.22,26.26,4.4,1,0,Net Banking,110580.54,29038.45,81542.09,56760.15,24781.94
CUST00283,2025-01-02 0:00:00,Bengaluru,Beauty,Regular,Male,Retail,23,4,12318.84,31.4,3.7,1,0,Net Banking,49275.36,15472.46,33802.9,21372.78,12430.12
CUST00146,2025-09-09 0:00:00,Hyderabad,Beauty,Premium,Male,Corporate,61,14,9086.74,10.56,1.4,Y,1,Net Banking,127214.36,13433.84,113780.52,67537.97,46242.55
CUST00853,2025-12-12 0:00:00,Hyderabad,Home & Kitchen,Regular,Female,Retail,61,8,14008.32,3.64,3,1,0,Cash,112066.56,4079.22,,61470.38,46516.96
CUST01808,2025-05-24 0:00:00,Chennai,Sports,Regular,Female,Online,65,8,27723.77,21.79,4,0,0,Cash,221790.16,48328.08,173462.08,115090.15,58371.93
CUST00410,2025-08-20 0:00:00,Mumbai,Sports,Regular,Male,Online,53,1,1598.24,21.3,3.5,0,0,Debit Card,1598.24,340.43,1257.81,755.43,502.38
CUST01840,2025-06-10 0:00:00,Pune,Home & Kitchen,Regular,Female,Retail,25,3,26743.83,2.47,1.4,0,0,Credit Card,80231.49,1981.72,78249.77,63261.69,14988.08
CUST01836,2025-06-04 0:00:00,delhi,Electronics,Premium,Female,Retail,63,3,28332.92,19.39,1.2,1,0,Credit Card,84998.76,16481.26,68517.5,44937.62,23579.88
CUST00810,2025-02-24 0:00:00,Pune,Sports,Regular,Male,Retail,57,2,278.64,37.86,1.2,1,0,Net Banking,557.28,210.99,346.29,186.59,159.7
CUST01677,2025-11-17 0:00:00,Delhi,Home & Kitchen,Budget,Female,Online,24,11,21038.91,16.35,2.4,1,1,Net Banking,231428.01,37838.48,193589.53,108367.6,85221.93
CUST00472,2025-05-04 0:00:00,Bengaluru,Clothing,Premium,Female,Online,37,7,842.64,2.51,2.9,1,0,Net Banking,5898.48,148.05,5750.43,3757.58,1992.85
CUST00959,2025-01-10 0:00:00,Mumbai,Sports,Premium,Female,Online,58,7,18542.03,6.2,2,1,0,UPI,129794.21,8047.24,121746.97,93773.57,27973.4
CUST01466,2025-04-29 0:00:00,Mumbai,Home & Kitchen,Regular,Female,Online,55,1,13458.19,17.13,4.9,1,0,Cash,13458.19,2305.39,11152.8,9122.39,2030.41
CUST01727,2025-02-14 0:00:00,Mumbai,Clothing,Regular,Female,Corporate,24,11,21795.32,26.58,2.3,1,0,Credit Card,239748.52,63725.16,176023.36,141124.21,34899.15
CUST01407,2025-06-23 0:00:00,Delhi,Sports,Regular,Female,Online,31,1,6921.44,0.64,3.4,1,0,Debit Card,6921.44,44.3,6877.14,4820.88,2056.26
CUST01096,2025-03-31 0:00:00,Mumbai,Electronics,Regular,Female,Corporate,39,9,7306.19,18.3,3.9,1,0,Cash,65755.71,12033.29,53722.42,29534.01,24188.41
CUST00880,2025-07-15 0:00:00,Delhi,Clothing,Regular,Other,Retail,33,14,29197.34,,3.4,1,0,Credit Card,408762.76,4946.03,403816.73,311301.74,92514.99
CUST01273,2025-10-14 0:00:00,Delhi,Home & Kitchen,Regular,Male,Retail,57,2,26127.52,39.69,2.2,1,0,Net Banking,52255.04,20740.03,31515.01,24104.77,7410.24
CUST01146,2025-05-01 0:00:00,Chennai,Electronics,Premium,Female,Corporate,18,13,19909.5,35.98,1.1,0,1,Net Banking,258823.5,93124.7,165698.8,136555.61,29143.19
CUST00774,2025-03-20 0:00:00,Hyderabad,Beauty,Regular,Female,Retail,18,10,19351.44,17.11,3.6,1,0,Credit Card,193514.4,33110.31,160404.09,132495.5,27908.59
CUST00991,2025-10-28 0:00:00,Pune,Electronics,Regular,Male,Retail,69,3,10607.05,32.25,1,1,0,UPI,31821.15,10262.32,21558.83,12855.08,8703.75
CUST01516,2025-10-06 0:00:00,Bengaluru,Sports,Regular,Female,Retail,64,13,6331.94,34.42,4.6,1,0,Debit Card,82315.22,28332.9,53982.32,32215.15,21767.17
CUST00396,2025-05-06 0:00:00,Pune,Beauty,Premium,Male,Corporate,39,3,18307.91,1.66,1.1,0,0,Cash,54923.73,911.73,54012,27863.16,26148.84
CUST01536,2025-11-15 0:00:00,,Clothing,Regular,Female,Retail,32,5,5033.45,1.56,1.5,1,0,Net Banking,25167.25,392.61,24774.64,20998.19,3776.45
CUST01285,2025-05-20 0:00:00,Hyderabad,Sports,Regular,Male,Corporate,30,6,688.42,29.28,3.4,0,0,Credit Card,4130.52,1209.42,2921.1,1602.86,1318.24
CUST01306,2025-02-26 0:00:00,Delhi,Home & Kitchen,Premium,Female,Online,56,1,26094.76,5.72,3.7,0,0,Net Banking,26094.76,1492.62,24602.14,18752.09,5850.05
CUST00765,2025-05-14 0:00:00,bangalore,Electronics,Regular,Other,Corporate,45,5,16489.42,36.79,1.1,1,0,UPI,82447.1,30332.29,52114.81,26141.97,25972.84
CUST00604,2025-07-01 0:00:00,Bengaluru,Home & Kitchen,Budget,Female,Retail,62,10,20678.41,5.74,2.1,1,0,Cash,206784.1,11869.41,194914.69,143138.64,51776.05
CUST00907,2025-11-08 0:00:00,,Beauty,Budget,Female,Corporate,51,11,7418.79,,4.9,0,0,Net Banking,81606.69,522.28,,48594.97,32489.44
CUST01634,2025-01-24 0:00:00,Pune,Clothing,Premium,Male,Retail,47,1,28315.23,23.72,2.1,1,0,Cash,28315.23,6716.37,21598.86,12326.68,9272.18
CUST00955,2025-05-28 0:00:00,Mumbai,Sports,Regular,Male,Corporate,48,3,22805.76,20.44,4.1,1,0,Debit Card,68417.28,13984.49,54432.79,45112.2,9320.59
CUST01696,2025-05-17 0:00:00,Hyderabad,Home & Kitchen,Premium,Female,Online,25,3,12588.3,6.11,4.1,1,0,Credit Card,37764.9,2307.44,35457.46,19820.33,15637.13
CUST00726,2025-09-09 0:00:00,Chennai,Clothing,Premium,Female,Retail,63,3,12813.06,14.9,3.6,1,0,Credit Card,38439.18,5727.44,32711.74,26216.21,6495.53
CUST01588,2025-12-28 0:00:00,Chennai,Sports,Regular,Male,Online,59,11,21266.48,19.31,1.1,1,0,Credit Card,233931.28,45172.13,188759.15,126063.14,62696.01
CUST00901,2025-10-11 0:00:00,Pune,Beauty,Regular,Female,Retail,43,12,28904.75,37.61,1.2,0,0,Credit Card,346857,130452.92,216404.08,126412.41,89991.67
CUST00582,2025-11-06 0:00:00,Bengaluru,Clothing,Regular,Male,Retail,36,3,16786.18,11.87,1.6,0,0,Credit Card,50358.54,5977.56,44380.98,34521.87,9859.11
CUST01104,2025-12-24 0:00:00,Mumbai,Beauty,Regular,Female,Corporate,47,7,22300.68,19.85,2.3,1,1,Net Banking,156104.76,30986.79,125117.97,99520.22,25597.75
CUST01093,2025-08-24 0:00:00,Chennai,Sports,Regular,Male,Corporate,39,7,20675.18,1.39,3.8,1,0,Net Banking,144726.26,2011.7,142714.56,90544.64,52169.92
CUST01331,2025-07-08 0:00:00,Bengaluru,Electronics,Regular,Male,Online,50,10,27486.26,39.55,1.4,0,0,Debit Card,274862.6,108708.16,166154.44,89156.19,76998.25
CUST01278,2025-12-07 0:00:00,Bengaluru,Clothing,Premium,Female,Corporate,56,10,25241.19,23.3,3.4,1,0,Credit Card,252411.9,58811.97,193599.93,111397.83,82202.1
CUST00118,2025-12-16 0:00:00,Mumbai,Beauty,Premium,Female,Corporate,61,3,557.88,39.11,3.8,1,0,UPI,1673.64,654.56,1019.08,675.06,344.02
CUST01813,2025-03-03 0:00:00,Delhi,Electronics,Budget,Male,Retail,51,8,12495.1,38.53,2.9,1,0,Debit Card,99960.8,38514.9,61445.9,34464,26981.9
CUST01778,2025-04-29 0:00:00,Bengaluru,Electronics,Budget,Female,Corporate,47,2,,36.92,2.1,1,0,Net Banking,51290.64,18936.5,32354.14,27237.7,5116.44
CUST00575,2025-01-21 0:00:00,Hyderabad,Clothing,Regular,Male,Online,22,8,1321.06,36.36,4.8,1,0,Credit Card,10568.48,3842.7,6725.78,3682.38,3043.4
CUST01357,2025-03-14 0:00:00,Pune,Beauty,Regular,Male,Online,44,5,14769.68,15.9,1.9,0,0,Net Banking,73848.4,11741.9,,37770.46,24336.04
CUST00474,2025-04-27 0:00:00,Pune,Sports,Premium,Female,Corporate,47,11,9428.12,13.45,1.5,1,0,Credit Card,103709.32,13948.9,89760.42,53395.83,36364.59
CUST00494,2025-09-11 0:00:00,Pune,Electronics,Regular,Female,Corporate,39,10,15712.43,8.06,3.4,1,0,Debit Card,157124.3,12664.22,144460.08,85403.51,59056.57
CUST01135,2025-06-30 0:00:00,Pune,Home & Kitchen,Regular,Female,Retail,59,1,8024.82,1.17,3.7,1,0,Credit Card,8024.82,93.89,7930.93,4273.08,3657.85
CUST01883,2025-03-01 0:00:00,Chennai,Beauty,Regular,Female,Online,55,5,5534.14,1.16,4.9,1,0,Credit Card,27670.7,320.98,27349.72,20124.98,7224.74
CUST00534,2025-11-28 0:00:00,Bengaluru,Electronics,Regular,Male,Corporate,64,N/A,16362.75,36.83,4.2,1,0,Net Banking,81813.75,30132,51681.75,28990.66,22691.09
CUST01260,2025-05-08 0:00:00,Bengaluru,Sports,Regular,Female,Retail,18,6,14464.97,22.47,1.8,0,0,UPI,86789.82,19501.67,67288.15,35836.42,31451.73
CUST01420,2025-10-09 0:00:00,Mumbai,Home & Kitchen,Premium,Female,Retail,48,11,15281.11,15.48,1.4,1,0,Credit Card,168092.21,26020.67,142071.54,92514.7,49556.84
CUST00480,2025-04-04 0:00:00,Pune,Beauty,Budget,Male,Retail,63,2,4642.41,25.31,1.8,1,0,UPI,9284.82,2349.99,6934.83,5856.83,1078
CUST00562,2025-05-08 0:00:00,Pune,Home & Kitchen,Regular,Male,Online,44,4,26357.93,19.75,1.7,1,0,Credit Card,105431.72,20822.76,84608.96,56013.97,28594.99
CUST00045,2025-03-18 0:00:00,Delhi,Clothing,Regular,Female,Corporate,34,9,18138.9,39.57,3.9,1,1,Debit Card,163250.1,64598.06,98652.04,55658.21,42993.83
CUST01982,2025-01-24 0:00:00,Hyderabad,Electronics,Regular,Male,Corporate,49,9,29749.07,0.17,4.1,1,0,Debit Card,267741.63,455.16,267286.47,215767.93,51518.54
CUST00647,2025-06-16 0:00:00,Hyderabad,Clothing,Regular,Female,Retail,59,1,8236.27,33.79,1.5,1,1,Cash,8236.27,2783.04,5453.23,4324.87,1128.36
CUST00722,2025-11-20 0:00:00,Chennai,,Regular,Male,Online,29,10,28837.84,5.47,4.4,1,0,UPI,288378.4,15774.3,272604.1,154579.72,118024.38
CUST00342,2025-06-10 0:00:00,Pune,Home & Kitchen,Budget,Female,Corporate,25,14,9043.51,,4.5,0,0,Debit Card,126609.14,45186.8,81422.34,55825.84,25596.5
CUST01483,2025-03-07 0:00:00,Bengaluru,Beauty,Premium,Female,Corporate,44,14,24116.55,18.66,2.4,1,0,UPI,337631.7,63002.08,274629.62,204389.91,70239.71
CUST01687,2025-09-19 0:00:00,Pune,Home & Kitchen,Regular,Male,Online,68,11,6602.73,28.79,4.2,1,0,Debit Card,72630.03,20910.19,51719.84,35031.53,16688.31
CUST01002,2025-04-20 0:00:00,Delhi,Electronics,Premium,Female,Retail,27,6,16468.02,22.81,2.4,1,0,Credit Card,98808.12,22538.13,76269.99,61928.51,14341.48
CUST00697,2025-10-27 0:00:00,bangalore,,Regular,Male,Online,41,2,20829.36,26.08,1.6,1,0,Credit Card,41658.72,10864.59,30794.13,15735.53,15058.6
CUST00676,2025-01-15 0:00:00,Mumbai,Home & Kitchen,Regular,Male,Online,47,3,25784.81,21.79,3.7,1,0,Net Banking,77354.43,16855.53,60498.9,43096.17,17402.73
CUST00407,2025-07-11 0:00:00,Pune,Clothing,Premium,Male,Corporate,69,7,20753.68,7.54,4.1,1,0,Debit Card,145275.76,10953.79,134321.97,96759.5,37562.47
CUST01150,2025-11-28 0:00:00,Chennai,Home & Kitchen,Regular,FEMALE,Online,56,4,3671.21,0.91,4.2,1,0,Net Banking,14684.84,133.63,14551.21,10964.21,3587
CUST01527,2025-06-07 0:00:00,Bengaluru,Home & Kitchen,Budget,Male,Online,66,11,8280.64,35.87,4.3,1,0,UPI,91087.04,32672.92,58414.12,39202.62,19211.5
CUST01403,2025-12-12 0:00:00,Delhi,Beauty,Budget,Male,Corporate,20,10,1718.17,31.08,1.6,0,0,UPI,17181.7,5340.07,11841.63,7100.92,4740.71
CUST00859,2025-02-18 0:00:00,Mumbai,Clothing,Premium,Female,Online,30,6,9595.24,31.53,2.5,1,No,UPI,57571.44,18152.28,39419.16,27711.52,11707.64
CUST01846,2025-09-09 0:00:00,Hyderabad,Home & Kitchen,Regular,Female,Retail,44,8,22284.38,9.45,4.9,1,0,Cash,178275.04,16846.99,161428.05,112512.37,48915.68
CUST00740,15/01/2025,Chennai,Beauty,Budget,Female,Corporate,28,7,1338.1,2.28,3.9,1,0,Net Banking,9366.7,213.56,9153.14,7506.77,1646.37
CUST00692,2025-12-21 0:00:00,Mumbai,Beauty,Regular,Male,Corporate,67,9,17792.23,14.16,3.1,1,0,Credit Card,160130.07,22674.42,137455.65,100154.25,37301.4
CUST01774,2025-04-10 0:00:00,Bengaluru,Clothing,Regular,Male,Retail,51,14,22600.48,5.81,2.1,1,1,UPI,316406.72,18383.23,298023.49,226937.95,71085.54
CUST00945,2025-04-23 0:00:00,Hyderabad,,Regular,Female,Retail,65,5,1169.74,4.75,4.4,1,0,Cash,5848.7,277.81,5570.89,3758.27,1812.62
CUST01905,2025-03-23 0:00:00,Pune,,Regular,Female,Corporate,54,7,9441.27,38.63,2.4,1,0,Credit Card,66088.89,25530.14,40558.75,27770.06,12788.69
CUST01016,2025-08-01 0:00:00,Pune,Electronics,Budget,Male,Corporate,61,12,25815.63,15.76,3.3,1,0,Net Banking,309787.56,48822.52,260965.04,205504.24,55460.8
CUST00631,2025-10-21 0:00:00,Mumbai,Clothing,Regular,Male,Corporate,20,14,10120.39,19.76,3.2,1,0,Cash,141685.46,27997.05,113688.41,86034.05,27654.36
CUST00036,2025-04-10 0:00:00,Bengaluru,Home & Kitchen,Regular,Female,Online,51,11,12891.96,18.42,1.6,1,1,Credit Card,141811.56,26121.69,115689.87,70659.96,45029.91
CUST01523,2025-11-26 0:00:00,Bengaluru,Home & Kitchen,Regular,Male,Corporate,49,5,15491.07,29.39,4.5,1,0,Cash,77455.35,22764.13,54691.22,40086.66,14604.56
CUST00813,2025-12-11 0:00:00,Mumbai,Electronics,Regular,Male,Retail,39,1,29882.93,25.04,3.3,1,1,Cash,29882.93,7482.69,22400.24,17908.58,4491.66
CUST00073,2025-11-02 0:00:00,Pune,Sports,Premium,Female,Retail,19,1,8709.14,3.43,4,0,0,Debit Card,8709.14,298.72,8410.42,4826.22,3584.2
CUST00651,2025-10-28 0:00:00,Mumbai,Sports,Budget,Female,Online,26,2,19355.25,38.1,4,1,0,Debit Card,38710.5,14748.7,23961.8,17029.04,6932.76
CUST00554,2025-05-29 0:00:00,Chennai,Sports,Regular,Female,Retail,69,2,19616.22,36.87,1.2,1,0,Credit Card,39232.44,14465,24767.44,14480.66,10286.78
CUST00273,2025-03-25 0:00:00,Pune,Beauty,Premium,Female,Corporate,37,14,7518.39,20.48,3.2,1,0,Net Banking,105257.46,21556.73,83700.73,65879.63,17821.1
CUST00359,2025-03-12 0:00:00,Pune,Clothing,Regular,Female,Retail,30,14,15149.02,32.3,1.7,1,0,Net Banking,212086.28,68503.87,143582.41,113249.93,30332.48
CUST00319,2025-11-30 0:00:00,Hyderabad,Sports,Regular,Female,Online,31,9,29552.62,25.92,3.8,0,0,Net Banking,265973.58,68940.35,197033.23,118867.24,78165.99
CUST01750,2025-03-15 0:00:00,Pune,Sports,Budget,Female,Retail,43,4,10647.24,3.64,4.7,0,0,Debit Card,42588.96,1550.24,41038.72,27877.42,13161.3
CUST01289,2025-06-03 0:00:00,Bengaluru,Clothing,Regular,Female,Corporate,27,6,18735.03,7.64,4.5,1,0,Debit Card,112410.18,8588.14,103822.04,62091.22,41730.82
CUST00517,2025-11-29 0:00:00,Chennai,Home & Kitchen,Budget,Female,Online,36,4,1000.22,22.3,3,1,0,UPI,4000.88,892.2,3108.68,2466.94,641.74
CUST01129,2025-07-26 0:00:00,Hyderabad,Home & Kitchen,Regular,Male,Online,23,2,19062.51,4.46,5,0,0,Net Banking,38125.02,1700.38,36424.64,20488.13,15936.51
CUST01900,2025-05-28 0:00:00,Bengaluru,Sports,Regular,Male,Corporate,36,9,18388.46,31.41,2.3,1,0,UPI,165496.14,51982.34,113513.8,65408.4,48105.4
CUST00835,2025-09-26 0:00:00,Pune,Beauty,Regular,Female,Retail,52,5,12436.66,38.17,2.6,1,0,Net Banking,62183.3,23735.37,,21721,16726.93
CUST00803,2025-10-15 0:00:00,Bengaluru,Sports,Regular,Male,Online,67,3,11194.48,120,4.9,0,0,Credit Card,33583.44,5433.8,28149.64,19955.46,8194.18
CUST00085,2025-05-30 0:00:00,Bengaluru,Clothing,Regular,Male,Corporate,30,10,14168.74,27.84,5,1,0,Credit Card,141687.4,39445.77,102241.63,64932.77,37308.86
CUST00207,2025-11-02 0:00:00,Bengaluru,Electronics,Premium,Female,Corporate,37,8,10k,39.41,2.2,1,0,UPI,159463.12,62844.42,96618.7,55553.27,41065.43
CUST00198,2025-01-11 0:00:00,Delhi,Beauty,Budget,Other,Retail,57,12,18986.56,28.86,3.3,0,0,Cash,227838.72,65754.25,162084.47,132597.99,29486.48
CUST01870,2025-11-08 0:00:00,Bengaluru,Clothing,Premium,Male,Online,19,14,26277.8,14.27,2.1,1,1,Cash,367889.2,52497.79,315391.41,245477.38,69914.03
CUST01780,2025-09-22 0:00:00,Delhi,Home & Kitchen,Premium,Female,Online,51,2,15823.1,25.32,3.8,0,0,Credit Card,31646.2,8012.82,23633.38,19920.74,3712.64
CUST01513,2025-09-07 0:00:00,Pune,Clothing,Regular,Male,Corporate,120,11,20446.77,30.73,2.8,1,0,Credit Card,224914.47,69116.22,155798.25,83293.18,72505.07
CUST01804,2025-01-03 0:00:00,,Electronics,Premium,Female,Corporate,18,14,12765.4,18.13,3.6,1,0,UPI,178715.6,32401.14,146314.46,121365.47,24948.99
CUST01490,2025-07-08 0:00:00,Hyderabad,Electronics,Regular,Male,Online,30,8,18477,7.51,3.3,0,0,Cash,147816,11100.98,136715.02,76272.57,60442.45
CUST01704,2025-11-05 0:00:00,Delhi,Home & Kitchen,Budget,Male,Retail,29,8,6447.08,16.21,1.3,1,0,Credit Card,51576.64,8360.57,43216.07,33141.49,10074.58
CUST00221,2025-11-18 0:00:00,Pune,Beauty,Budget,Male,Retail,22,7,16066.63,1.74,2.8,1,0,Debit Card,112466.41,1956.92,110509.49,60803.26,49706.23
CUST01446,2025-07-24 0:00:00,Pune,Sports,Regular,Male,Online,54,11,17860.38,14.85,4,Y,0,Cash,196464.18,29174.93,167289.25,138156.26,29132.99
CUST00046,2025-06-18 0:00:00,Mumbai,Electronics,Regular,Male,Corporate,31,11,8173.73,35.57,2.8,1,1,Debit Card,89911.03,31981.35,57929.68,34689.5,23240.18
CUST01085,2025-07-27 0:00:00,Delhi,Clothing,Regular,Female,Online,,6,5632.76,23.81,3.6,0,0,UPI,33796.56,8046.96,25749.6,14821.48,10928.12
CUST01518,2025-12-07 0:00:00,Pune,Clothing,Regular,Male,Corporate,42,twenty,13135.93,37.06,1.6,1,0,Credit Card,157631.16,58418.11,99213.05,54711.97,44501.08
CUST00245,2025-11-15 0:00:00,Pune,Clothing,Regular,Female,Online,21,6,22484.56,2.63,2.6,0,1,Cash,134907.36,3548.06,131359.3,97273.03,34086.27
CUST01147,2025-03-23 0:00:00,Hyderabad,Sports,Regular,Female,Corporate,30,9,22891.58,23.37,4.3,1,0,UPI,206024.22,48147.86,157876.36,97270.19,60606.17
CUST01872,2025-09-20 0:00:00,Delhi,Home & Kitchen,Regular,Male,Online,57,14,28160.18,0.49,2.9,1,0,Debit Card,394242.52,1931.79,392310.73,276576.74,115733.99
CUST01903,2025-06-19 0:00:00,Pune,Home & Kitchen,Regular,Female,Online,29,13,5669.2,6.73,2.4,1,1,Cash,73699.6,4959.98,68739.62,39795.79,28943.83
CUST00925,2025-11-12 0:00:00,Chennai,Electronics,Regular,Male,Corporate,65,5,20466.87,39.01,4,1,0,Credit Card,102334.35,39920.63,62413.72,49958.32,12455.4
CUST00496,2025-10-18 0:00:00,Hyderabad,Electronics,Budget,Male,Corporate,21,6,21496.93,27.08,1.3,1,0,Credit Card,128981.58,34928.21,94053.37,72548.94,21504.43
CUST00043,2025-12-17 0:00:00,Pune,Sports,Premium,Male,Retail,24,10,9181.27,18.05,3.7,1,0,UPI,91812.7,16572.19,75240.51,39994.75,35245.76
CUST00602,2025-12-22 0:00:00,Pune,Sports,Regular,Female,Retail,44,9,6947.94,32.93,1.5,1,0,Cash,62531.46,20591.61,41939.85,33246.33,8693.52
CUST01708,2025-05-28 0:00:00,Hyderabad,Home & Kitchen,Premium,Male,Retail,56,5,5393.37,25.19,3.4,1,0,UPI,26966.85,6792.95,20173.9,13654.93,6518.97
CUST00614,2025-08-27 0:00:00,Chennai,Sports,Premium,Male,Online,41,7,10803.59,0.5,5,1,0,UPI,75625.13,378.13,75247,46822.2,28424.8
CUST01948,2025-12-23 0:00:00,Pune,Beauty,Regular,Female,Retail,68,12,18336.56,23.29,4.7,1,0,Credit Card,220038.72,51247.02,168791.7,107140.44,61651.26